symbol_a,symbol_b,best_z_entry,best_z_sl,best_hl_stop,gross_profit,trade_count,win_rate,lagger,ou_sigma,ou_mu,exit_mr_count,exit_sl_count,exit_hl_count,exit_session_count,avg_points_profit,avg_points_loss
PFC,RECLTD,2.0,0.0,False,647.6500000000004,826,0.7481840193704601,a,0.0008141789046679,-8.332483828457264e-07,797,0,0,29,1.2881877022653732,-0.7137019230769222
BDL,MAZDOCK,2.0,6.5,False,883.9000000000005,151,0.5960264900662252,b,0.0011736477849739,-1.5812373675855817e-08,150,1,0,0,14.329999999999998,-6.652459016393431
GRSE,MAZDOCK,2.0,0.0,False,5355.700000000015,826,0.7990314769975787,b,0.0015530179458288,-2.080003791133543e-06,782,0,0,44,10.136666666666681,-8.039156626505994
BANKBARODA,CANBK,2.0,0.0,False,746.7899999999993,789,0.9429657794676806,a,0.0008381489383969,-1.361847275245574e-06,751,0,0,38,1.028938172043009,-0.41644444444444084
BPCL,HINDPETRO,2.0,0.0,False,902.4999999999993,708,0.9477401129943502,a,0.0009829548541197,2.926466988574461e-06,665,0,0,43,1.370119225037257,-0.4554054054054076
BPCL,IOC,2.0,0.0,False,812.9000000000001,760,0.8986842105263158,a,0.000865148945135,2.239581129053701e-06,721,0,0,39,1.245461200585651,-0.4902597402597417
INFY,TCS,2.0,0.0,False,1469.2999999999997,705,0.7120567375886525,a,0.0007623312079754,-3.278335756611412e-07,653,0,0,52,4.135258964143431,-2.988177339901485
IRFC,RVNL,2.0,0.0,False,191.8999999999997,775,0.8980645161290323,a,0.00026636481669588,1.629351475393754e-08,774,0,0,1,0.28961206896551683,-0.12240506329113926
BEL,HAL,2.0,15.0,False,4345.600000000006,770,0.6493506493506493,b,0.0009259854472457,-1.828399182677352e-06,723,2,0,45,13.21240000000002,-8.372592592592595
CANBK,PNB,2.0,0.0,True,40.43999999999997,682,0.45161290322580644,b,0.0008045658409048,4.4791247197534845e-06,427,0,234,21,0.32490259740259736,-0.1594385026737968
COCHINSHIP,GRSE,2.0,0.0,False,2458.2999999999947,356,0.8651685393258427,a,0.0011520951197174,-3.8940591483069394e-07,346,0,0,10,8.479870129870122,-3.1979166666666905
BANKINDIA,CANBK,2.0,0.0,False,416.2000000000003,750,0.9346666666666666,a,0.0008945636570392,-1.2382052069083671e-06,717,0,0,33,0.6094151212553497,-0.2244897959183691
BDL,HAL,2.0,0.0,False,5679.399999999998,705,0.75177304964539,b,0.0013555047084966,7.92058634326401e-07,656,0,0,49,14.015283018867924,-9.992571428571441
BANKINDIA,UNIONBANK,2.0,0.0,False,468.65999999999997,859,0.9254947613504074,a,0.0008987400267528,-5.515501041522674e-07,820,0,0,39,0.6140754716981128,-0.3051562499999987
HAL,MAZDOCK,2.0,4.0,False,186.7000000000039,242,0.4669421487603306,b,0.0008606672476955,-2.741068153285598e-07,225,15,0,2,8.953982300884977,-6.396124031007741
HINDPETRO,IOC,2.0,6.5,False,97.64999999999958,830,0.591566265060241,b,0.0010061186298002,-8.48098962253437e-07,765,32,0,33,0.38820773930753544,-0.2742182890855467
ADANIENT,ADANIGREEN,2.0,0.0,False,1011.4499999999999,788,0.618020304568528,b,0.000902352276422,3.739489471166861e-06,752,0,0,36,3.6064681724845995,-2.474750830564785
IREDA,IRFC,2.0,0.0,False,94.34999999999985,182,0.9065934065934066,a,0.0009706950447403,4.2986648838200994e-07,180,0,0,2,0.5921818181818178,-0.1976470588235344
BANKBARODA,PNB,2.0,11.0,False,254.7599999999997,674,0.6646884272997032,a,0.0008691703266768,-3.9697335058358073e-07,640,3,0,31,0.8040848214285712,-0.46668141592920365
BANKINDIA,PNB,2.0,12.5,False,382.30999999999995,751,0.9214380825565912,a,0.0008831537509208,2.2926162204614935e-08,718,1,0,32,0.5729624277456646,-0.24033898305084372
BEL,MAZDOCK,2.5,6.5,False,716.5000000000009,303,0.5412541254125413,b,0.0009116953955997,-1.857349495898737e-06,273,15,0,15,10.49085365853658,-7.2230215827338
CANBK,UNIONBANK,2.0,15.5,False,386.72000000000025,800,0.8225,b,0.0011211285438631,2.2516191346491948e-06,762,1,0,37,0.6598024316109425,-0.3340140845070429
ADANIENSOL,ADANIGREEN,2.0,0.0,False,1119.4999999999986,739,0.6630581867388363,b,0.0011518330599208,-2.2607393588853777e-07,707,0,0,32,3.319285714285708,-2.0359437751004004
COCHINSHIP,MAZDOCK,2.0,0.0,False,2773.300000000001,732,0.6994535519125683,a,0.0011987191639382,-2.11568194304168e-06,692,0,0,40,7.103515625000001,-3.9259090909090952
BDL,BEL,2.0,0.0,False,460.3499999999998,776,0.6791237113402062,b,0.001204907613515,2.63556298163764e-06,738,0,0,38,1.3026565464895643,-0.9082329317269087
BANKBARODA,BANKINDIA,2.0,0.0,False,411.2400000000009,890,0.8820224719101124,b,0.0010989808208883,-5.705121715019033e-07,854,0,0,36,0.5551974522292996,-0.23419047619047514
BDL,GRSE,2.0,10.0,False,995.3000000000015,941,0.5111583421891605,b,0.000511758044805432,-9.180724965601072e-08,938,1,0,2,6.8952182952183,-5.046304347826088
HINDZINC,VEDL,2.0,0.0,False,196.19000000000008,787,0.5743329097839899,b,0.0010618068965906,-4.090108097635023e-06,739,0,0,48,0.8528097345132751,-0.5650149253731352
DLF,GODREJPROP,2.0,0.0,False,385.2999999999995,159,0.89937106918239,a,0.0009836499474394,2.3103163173450835e-08,158,0,0,1,2.797202797202794,-0.9187500000000028
NATIONALUM,VEDL,2.0,0.0,False,1126.45,820,0.8707317073170732,a,0.0011174854794861,2.149921872009738e-06,771,0,0,49,1.7211484593837523,-0.966509433962263
PNB,UNIONBANK,2.0,0.0,False,236.91999999999985,777,0.8455598455598455,a,0.0007736033187281,-6.780603723739238e-07,738,0,0,39,0.39056316590563134,-0.16400000000000042
IRCON,RVNL,2.0,0.0,False,462.33999999999867,838,0.9367541766109785,a,0.0005515925495439206,8.587958871017618e-08,834,0,0,4,0.6019235668789794,-0.19188679245283075
GRAPHITE,HEG,2.0,0.0,False,1825.2499999999975,738,0.8265582655826558,b,0.0021385310058181,-8.357083146912174e-06,699,0,0,39,3.2536065573770485,-1.2457031250000075
BANKBARODA,UNIONBANK,2.0,0.0,False,734.4799999999998,797,0.93099121706399,a,0.0008446929656029,-7.871100852618078e-07,761,0,0,36,1.018571428571428,-0.38727272727272644
ADANIENT,ADANIPORTS,2.0,0.0,False,2502.2000000000044,788,0.8134517766497462,b,0.0012476023838773,1.5060367952924585e-06,732,0,0,56,4.520904836193451,-2.6918367346938576
HINDZINC,NATIONALUM,3.0,3.5,False,14.099999999999966,335,0.4955223880597015,b,0.0012104304989771,-5.334930914731585e-06,122,210,0,3,0.8897590361445762,-0.7905325443786964
BANKINDIA,INDIANB,2.0,0.0,False,325.35999999999956,646,0.8962848297213623,a,0.0009547683777956,-4.3195632203856833e-07,627,0,0,19,0.5919861830742654,-0.2597014925373144
HCLTECH,TCS,2.0,14.0,False,1403.7999999999975,835,0.6119760479041916,b,0.0007526397510854,7.917612095398403e-06,782,3,0,50,6.12778864970646,-5.331790123456801
IRCON,RAILTEL,2.0,0.0,True,35.75999999999959,138,0.45652173913043476,b,0.0014529554807298,-2.852785699787894e-07,98,0,39,1,1.4685714285714273,-0.7568000000000045
HINDALCO,NATIONALUM,2.0,0.0,False,416.1999999999996,594,0.6801346801346801,b,0.0009766611555767,1.009865652308304e-06,574,0,0,20,1.5137376237623756,-1.0281578947368435
DATAPATTNS,GRSE,2.0,0.0,False,5249.5,227,0.9427312775330396,a,0.0016178921148429,-6.453876074616586e-08,224,0,0,3,25.060280373831784,-8.723076923076896
IREDA,RVNL,2.0,0.0,False,79.13999999999999,149,0.912751677852349,a,0.0010350443772821,4.38274406078313e-07,149,0,0,0,0.5967647058823532,-0.15538461538461945
JSWSTEEL,TATASTEEL,5.5,6.0,False,5.189999999999884,48,0.5416666666666666,b,0.0007297118732488,9.156357558833546e-07,26,22,0,0,0.5407692307692298,-0.40318181818182225
IRCON,IRFC,2.5,0.0,True,11.169999999999959,85,0.4588235294117647,b,0.0013543085072059,5.2034165442947546e-08,52,0,33,0,0.5979487179487177,-0.26413043478260945
INDIANB,UNIONBANK,2.0,10.0,False,130.76000000000002,854,0.6053864168618267,b,0.0009391005811201,3.164927251366644e-07,814,5,0,35,0.5467117988394582,-0.4507121661721067
BSE,CDSL,11.5,13.0,False,23.40000000000032,16,0.75,b,0.0012689378979189,4.862522967744941e-06,2,14,0,0,2.9750000000000227,-3.0749999999999886
HCLTECH,INFY,2.0,0.0,False,3370.900000000008,832,0.9134615384615384,a,0.0007458304263878,7.352765278644276e-06,780,0,0,52,4.624078947368428,-1.9916666666666585
NBCC,RVNL,2.0,0.0,False,554.4599999999989,766,0.6840731070496083,b,0.0010990988629325,-6.857918808040483e-06,725,0,0,41,1.3654389312977107,-0.6654132231404981
COFORGE,PERSISTENT,12.5,13.0,False,106.99999999999909,12,0.5,b,0.0010897083915905,2.067692870407175e-06,7,5,0,0,47.816666666666606,-29.983333333333423
CHENNPETRO,MRPL,14.0,14.5,False,-14.450000000000017,7,0.2857142857142857,b,0.0016744377927508,4.7949193261419e-07,3,4,0,0,2.549999999999997,-3.9100000000000024
TCS,WIPRO,2.0,0.0,False,5561.800000000014,777,0.9369369369369369,a,0.0006844166793081,4.575660584392622e-07,733,0,0,44,7.859340659340672,-3.2612244897958944
DLF,PRESTIGE,2.0,0.0,False,2365.7000000000025,848,0.6922169811320755,b,0.0010013833936895,-1.6881716554037969e-06,803,0,0,45,5.551959114139693,-3.422605363984669
NMDC,TATASTEEL,2.0,11.5,False,144.07000000000005,806,0.630272952853598,b,0.0009434241557386,1.3499175335117832e-07,767,2,0,37,0.45507874015748023,-0.2923154362416104
CANBK,INDIANB,2.0,0.0,False,195.02999999999977,839,0.6889153754469607,a,0.0009738744893649,5.042291965995194e-06,792,0,0,47,0.47745674740484406,-0.3101149425287358
INFY,WIPRO,2.0,8.5,False,1098.0000000000011,686,0.6530612244897959,a,0.0010530458587599,-6.831994032356139e-07,640,10,0,36,3.722544642857142,-2.3936974789915904
IREDA,NBCC,2.0,0.0,False,248.4600000000002,539,0.9313543599257885,a,0.0009216739108149,2.0061440272538294e-06,530,0,0,9,0.5058167330677291,-0.14756756756756587
ADANIENSOL,ADANIENT,2.0,0.0,False,2731.55,839,0.8367103694874851,a,0.0010609912034279,-4.63755157643646e-06,786,0,0,53,4.366025641025638,-2.433576642335758
IREDA,RECLTD,2.0,0.0,False,178.35000000000053,886,0.6851015801354402,a,0.0010717291200957,-8.134261816844683e-07,839,0,0,47,0.4160296540362439,-0.2658781362007164
IRFC,NBCC,2.0,0.0,False,203.54000000000005,492,0.9105691056910569,a,0.0009314202718706,1.7793317912055415e-06,479,0,0,13,0.4731026785714284,-0.19113636363636355
BANKBARODA,INDIANB,2.0,9.0,False,454.02999999999946,879,0.7588168373151308,a,0.0008978266003168,-2.459058496294851e-06,830,10,0,39,0.8300000000000001,-0.4697169811320789
JINDALSTEL,TATASTEEL,2.0,0.0,False,230.03999999999948,823,0.741190765492102,b,0.0010030904600691,1.6219311311694765e-08,782,0,0,41,0.4886885245901632,-0.3195305164319262
BEL,GRSE,2.0,2.5,False,258.8999999999976,251,0.5179282868525896,b,0.0009950974880841,-8.970186001192046e-07,197,53,0,1,9.463846153846163,-8.028099173553748
CANBK,SBIN,2.0,0.0,False,1769.0999999999992,729,0.877914951989026,b,0.0020040268590308,7.43800069828718e-06,679,0,0,50,3.021406249999998,-1.8494382022471785
HCLTECH,TECHM,2.0,0.0,False,3219.0000000000073,719,0.9374130737134909,a,0.0008423146549767,9.331420715661512e-06,662,0,0,57,4.974777448071229,-2.977777777777778
BDL,COCHINSHIP,2.0,0.0,False,1270.7999999999995,554,0.5974729241877257,b,0.0012328160763391,1.3637081251687478e-07,540,0,0,14,6.575528700906336,-4.061434977578468
INDIANB,PNB,2.0,0.0,False,76.36000000000013,793,0.6002522068095839,b,0.0009587285816487,1.327413004167003e-06,754,0,0,39,0.2968907563025211,-0.20492113564668768
GODREJPROP,PRESTIGE,2.0,0.0,False,2946.5000000000036,855,0.7298245614035088,b,0.0012492643704918,-3.824310054198305e-06,809,0,0,46,6.120512820512819,-3.77792207792208
HINDALCO,VEDL,3.0,3.5,False,16.430000000000433,386,0.5155440414507773,b,0.0008946625135254,3.639612977606932e-06,177,205,0,4,0.6156783919597998,-0.5673262032085546
IRCON,JWL,2.0,0.0,False,258.41999999999996,289,0.9446366782006921,a,0.0013140209862719,-8.260442349225313e-08,286,0,0,3,0.9701465201465203,-0.4018750000000022
DLF,LODHA,2.0,0.0,False,1340.599999999999,662,0.6918429003021148,b,0.0010495223728985,-1.1456308610808109e-06,637,0,0,25,3.8150655021834043,-1.9936274509803895
TCS,TECHM,2.0,0.0,False,5612.000000000013,749,0.9506008010680908,a,0.0008556209664611,9.58452631690295e-07,702,0,0,47,8.13356741573035,-4.84054054054055
DATAPATTNS,MAZDOCK,2.0,0.0,False,3088.8,138,0.8913043478260869,a,0.0018792408297462,9.571228030374044e-08,137,0,0,1,26.704065040650406,-13.053333333333315
JBCHEPHARM,TORNTPHARM,2.0,0.0,False,731.5000000000005,110,0.9090909090909091,a,0.001007633762404,-4.1188495262630976e-08,108,0,0,2,7.706000000000004,-3.909999999999991
BANKBARODA,SBIN,2.0,15.0,False,341.8899999999992,863,0.6801853997682503,a,0.0010295293662541,-1.0798531195189848e-06,820,2,0,41,0.8735264054514477,-0.6190942028985523
HINDALCO,TATASTEEL,2.0,0.0,False,973.899999999999,811,0.6609124537607891,a,0.0011160611150274,2.241120571697046e-06,769,0,0,42,2.851305970149252,-2.016000000000002
INFY,TECHM,2.0,0.0,False,2245.000000000002,661,0.8320726172465961,a,0.0008618724975342,2.0832676329071023e-06,606,0,0,55,4.523272727272728,-2.187387387387379
GODREJPROP,LODHA,2.0,0.0,False,2045.8999999999996,825,0.7563636363636363,b,0.0013643688808256,-3.6008172229956723e-06,789,0,0,36,3.96786858974359,-2.1395522388059773
COFORGE,MPHASIS,2.0,0.0,False,4406.0999999999985,752,0.9414893617021277,a,0.0011869840684248,1.815854900325316e-06,706,0,0,46,6.448728813559323,-3.6272727272727305
GRSE,HAL,2.0,5.0,False,585.5000000000025,690,0.48985507246376814,a,0.0025846772897132,1.0500040860032485e-06,508,156,0,26,10.088461538461537,-8.023863636363629
ABCAPITAL,LTF,2.0,14.5,False,1216.0999999999972,940,0.95,a,0.0010982564399245,-1.435896964459552e-06,895,1,0,44,1.387122060470323,-0.4808510638297877
RAILTEL,RVNL,2.0,0.0,False,559.8999999999993,354,0.9011299435028248,a,0.0013338203334338,9.270593157753748e-07,342,0,0,12,1.8533542319749199,-0.8948571428571476
NATIONALUM,NMDC,2.0,0.0,False,82.92000000000003,654,0.6620795107033639,b,0.0013232717081037,6.623070382881555e-07,624,0,0,30,0.2837644341801383,-0.18076923076923013
DLF,OBEROIRLTY,2.0,4.0,False,75.99999999999932,62,0.5645161290322581,b,0.0011282881808872,-1.648593261309505e-07,58,1,0,3,5.171428571428578,-3.8888888888889226
GODREJPROP,OBEROIRLTY,2.0,0.0,False,3187.8000000000056,842,0.7458432304038005,a,0.0012179318184321,-4.7494037868213405e-06,797,0,0,45,6.619585987261155,-4.529439252336445
BSE,MCX,2.0,10.0,False,775.2999999999975,673,0.4918276374442793,b,0.001155149060303,6.76297935024036e-06,613,17,0,43,11.25287009063444,-8.623976608187142
HCLTECH,WIPRO,2.0,8.5,False,169.43000000000015,716,0.6508379888268156,b,0.0009049878790008,5.1714556952584775e-06,658,14,0,44,0.5536695278969964,-0.35432000000000075
INOXWIND,SUZLON,2.0,0.0,False,201.26000000000002,621,0.8518518518518519,a,0.0011862086574004,3.045076773249313e-07,603,0,0,18,0.4107372400756147,-0.17413043478260942
IRFC,RECLTD,2.0,0.0,False,681.800000000001,784,0.8214285714285714,b,0.0012204732249783,-4.865130311841469e-06,737,0,0,47,1.2083850931677027,-0.6885714285714276
IRFC,RAILTEL,2.0,0.0,False,147.28999999999994,566,0.7632508833922261,a,0.001090974630937,-1.0670869530311193e-06,550,0,0,16,0.40701388888888856,-0.21298507462686614
MAZDOCK,RVNL,2.0,0.0,False,3543.399999999998,295,0.9288135593220339,a,0.001178227921095,-4.87144472818126e-08,295,0,0,0,13.310948905109477,-4.942857142857086
INOXWIND,IREDA,2.0,0.0,False,141.56999999999977,720,0.6930555555555555,b,0.0012181578044338,-3.047264631399292e-07,700,0,0,20,0.3833266533066132,-0.22493212669683268
COFORGE,INFY,10.5,0.0,False,41.100000000000136,2,1.0,b,0.0010645156866636,9.472538592171884e-07,2,0,0,0,20.550000000000068,0.0
COFORGE,TCS,5.5,6.0,False,79.10000000000082,122,0.47540983606557374,b,0.0010956889825143,1.1774739146766355e-06,38,79,0,5,5.974137931034443,-4.178124999999952
TECHM,WIPRO,2.0,0.0,False,52.659999999999684,781,0.5262483994878361,b,0.0008359331736005,-6.283347207456317e-07,740,0,0,41,0.49841849148418427,-0.4113243243243245
MPHASIS,PERSISTENT,13.0,13.5,False,-218.09999999999945,14,0.35714285714285715,b,0.0014132802734694,8.759352989969022e-07,3,10,0,1,8.860000000000037,-29.155555555555516
HEROMOTOCO,TVSMOTOR,2.0,0.0,False,14452.0,854,0.9461358313817331,a,0.0008504012227329,1.471697384415569e-06,810,0,0,44,18.1875,-5.293478260869565
COFORGE,TECHM,10.0,11.5,False,-30.59999999999991,24,0.625,b,0.00117642409905,2.069207805983425e-06,11,12,0,1,2.9933333333333243,-8.388888888888864
PNB,SBIN,2.0,0.0,False,139.90999999999994,794,0.698992443324937,a,0.0009839834223135,1.0796589185596305e-07,745,0,0,49,0.3594594594594591,-0.24933054393305465
BAJAJFINSV,BAJFINANCE,2.0,10.0,False,2083.7000000000025,928,0.6810344827586207,a,0.0008303582732784,2.473891398874904e-07,877,3,0,48,4.390664556962025,-2.335135135135129
HUDCO,IREDA,2.0,0.0,False,302.17999999999955,549,0.8615664845173042,a,0.0009891041384006,-8.621071571209477e-07,536,0,0,13,0.695475687103593,-0.35236842105263344
BDL,DATAPATTNS,2.0,0.0,False,3973.3999999999996,654,0.6345565749235474,b,0.0012602925119032,-2.3482508499623762e-07,635,0,0,19,16.103855421686763,-11.337656903765708
HINDCOPPER,HINDZINC,2.0,7.0,False,497.3500000000016,695,0.6316546762589929,b,0.0016988805501206,4.940393627319923e-06,620,40,0,35,2.134624145785879,-1.717773437499997
ADANIGREEN,ADANIPORTS,2.0,14.0,False,1141.399999999996,769,0.6215864759427828,b,0.0011599091985866,-1.626125622876067e-06,715,6,0,48,4.301882845188278,-3.1439862542955352
INOXWIND,NBCC,2.0,0.0,False,295.1599999999999,719,0.9207232267037552,a,0.001106645072307,3.5025897542847306e-06,698,0,0,21,0.4598942598187308,-0.16298245614035048
COCHINSHIP,DATAPATTNS,2.0,0.0,True,331.39999999999964,19,0.8947368421052632,a,0.0020924981689785,-9.855099752574458e-08,18,0,1,0,19.97058823529409,-4.0499999999999545
ANGELONE,BSE,2.0,0.0,False,663.2600000000003,620,0.9145161290322581,a,0.0022227672994392,2.1107560490420445e-06,565,0,0,55,1.254197530864198,-0.9032075471698103
IRCON,RITES,2.0,0.0,False,235.34999999999957,335,0.8776119402985074,a,0.0014260675148775,1.6558555767829054e-08,331,0,0,4,0.8627551020408153,-0.4463414634146379
BANKINDIA,SBIN,2.0,0.0,False,367.3999999999992,864,0.8078703703703703,a,0.001037118688188,4.421935209792762e-07,816,0,0,48,0.6069054441260735,-0.33867469879518053
SAIL,TATASTEEL,2.0,10.0,False,334.65999999999957,942,0.7685774946921444,b,0.0014213595144318,5.972837249511417e-07,893,6,0,43,0.5485635359116016,-0.28669724770642174
JINDALSTEL,JSWSTEEL,2.0,0.0,False,1452.7000000000046,897,0.6978818283166109,b,0.0010141920669848,-5.413707305620785e-07,848,0,0,49,3.2806709265175757,-2.2177121771217636
HINDALCO,HINDZINC,2.0,0.0,False,2376.1000000000013,757,0.9498018494055482,a,0.0010423305972912,5.8037054682336565e-06,701,0,0,56,3.426495132127958,-2.3039473684210514
CDSL,IREDA,2.0,0.0,False,1709.199999999999,375,0.928,a,0.0009483444364821,1.0017922777901761e-07,364,0,0,11,4.999712643678158,-1.1370370370370304
LODHA,PRESTIGE,2.0,12.0,False,2020.3999999999992,779,0.79204107830552,a,0.0012413851869914,9.131604992959676e-07,741,2,0,36,3.7811183144246336,-1.9293209876543262
IRCON,IREDA,2.0,8.5,False,73.51000000000015,504,0.6369047619047619,b,0.0013307979151747,-9.650177589351364e-07,484,4,0,16,0.3936760124610594,-0.28885245901639295
IRCON,TITAGARH,2.0,13.0,False,402.3999999999984,600,0.5933333333333334,b,0.0013071844028935,-1.1907671712001906e-06,578,1,0,21,2.8195224719101097,-2.4645491803278716
JINDALSTEL,NMDC,2.0,0.0,False,71.70999999999985,592,0.6891891891891891,b,0.0009971775440915,2.810256273243516e-08,572,0,0,20,0.245220588235294,-0.15402173913043535
IREDA,JIOFIN,2.0,0.0,False,407.8999999999994,905,0.7624309392265194,b,0.0011204476366722,2.072807204887993e-06,853,0,0,52,0.6970289855072455,-0.3397674418604653
EICHERMOT,HEROMOTOCO,13.5,14.5,False,-2.0,13,0.7692307692307693,b,0.0009203812585738,-5.394419672749203e-06,2,10,0,1,9.8,-33.333333333333336
IREDA,PFC,2.0,0.0,False,801.7999999999997,905,0.7856353591160221,b,0.0012231163846251,5.943617926042726e-07,854,0,0,51,1.3427566807313638,-0.7881443298969089
IRFC,MAZDOCK,2.0,0.0,False,5578.0999999999985,768,0.8177083333333334,b,0.001245899427994,-1.203384432039682e-06,718,0,0,50,10.184554140127391,-5.841428571428566
IREDA,SUZLON,2.0,0.0,False,124.79999999999988,279,0.899641577060932,a,0.0010208067663692,2.6046452410141016e-07,278,0,0,1,0.5182071713147406,-0.18821428571428658
COFORGE,WIPRO,2.0,2.5,False,5.289999999999651,843,0.47686832740213525,b,0.0010988468611135,1.151404586297319e-06,379,459,0,5,0.27624378109452646,-0.23981859410430836
NATIONALUM,TATASTEEL,2.0,8.0,False,246.38999999999967,774,0.7299741602067183,b,0.0014062667399831,8.219907984804134e-07,715,19,0,40,0.5483893805309733,-0.3035885167464129
BAJAJ-AUTO,HEROMOTOCO,2.0,0.0,False,15201.5,764,0.8324607329842932,a,0.0007341050208882,-9.421102988633384e-06,707,0,0,57,27.071540880503143,-15.75
TATASTEEL,VEDL,2.0,3.0,False,41.89000000000064,827,0.4873035066505441,b,0.0008025478964067,3.671534653355837e-07,574,242,0,11,0.5977171215880901,-0.4693160377358483
OBEROIRLTY,PRESTIGE,2.0,13.5,False,2693.000000000001,823,0.7800729040097205,a,0.0010690651898288,5.475628181834371e-07,794,2,0,27,4.87538940809969,-2.4143646408839827
NTPC,POWERGRID,8.5,9.5,False,1.1500000000000057,6,0.6666666666666666,b,0.0007190502488686,8.930943057355929e-07,0,6,0,0,0.5249999999999986,-0.4749999999999943
CDSL,IRFC,2.0,0.0,False,1470.3999999999987,284,0.9612676056338029,a,0.0009424668592442,4.081262727537393e-07,281,0,0,3,5.486813186813184,-2.5000000000000413
COFORGE,HCLTECH,2.0,0.0,False,4487.8,804,0.9527363184079602,a,0.0010818308641492,-6.877262496759209e-07,775,0,0,29,5.9806788511749325,-2.4578947368421136
BEML,GRSE,2.0,0.0,False,3592.600000000005,488,0.8913934426229508,a,0.0013523607171183,-4.981496974796451e-07,476,0,0,12,8.879080459770124,-5.090566037735848
HUDCO,NBCC,2.0,0.0,False,215.12999999999963,282,0.9609929078014184,a,0.0009847810296366,7.811951427783028e-07,275,0,0,7,0.806752767527674,-0.3181818181818208
BEL,COCHINSHIP,2.0,5.5,False,814.1999999999982,593,0.5328836424957841,b,0.0009968331579403,-1.6912279417337417e-06,527,36,0,30,5.821202531645567,-3.701444043321303
BEML,COCHINSHIP,2.0,14.5,False,2422.2000000000007,699,0.6924177396280401,b,0.0014145292641364,2.2862065342215818e-07,663,2,0,34,6.654132231404965,-3.7134883720930216
COFORGE,OFSS,13.0,0.0,False,0.0,0,0.0,b,0.0011531416831645,1.2920098674058683e-06,0,0,0,0,0.0,0.0
COFORGE,LTM,11.0,0.0,False,0.0,0,0.0,b,0.0011059603196157,1.2224505294307825e-06,0,0,0,0,0.0,0.0
BEML,MAZDOCK,2.0,0.0,False,2753.500000000008,771,0.6990920881971465,a,0.0015028197526689,-1.5750218778656482e-06,730,0,0,41,7.4283858998144785,-5.389655172413781
JWL,TITAGARH,2.0,0.0,False,1310.9500000000016,675,0.7733333333333333,b,0.0020581789815092,-3.828080489828817e-06,626,0,0,49,3.2956896551724135,-2.675816993464051
ADANIGREEN,ADANIPOWER,2.0,0.0,False,315.0700000000004,711,0.8030942334739803,b,0.0015909886317127,9.452119910583712e-07,679,0,0,32,0.6322416812609463,-0.3281428571428557
MAZDOCK,NBCC,2.0,0.0,True,4.829999999999885,547,0.37842778793418647,b,0.0011383932126761,1.201041242057542e-06,346,0,192,9,0.27661835748792213,-0.15420588235294116
SBIN,UNIONBANK,2.0,0.0,False,1603.7500000000027,578,0.9273356401384083,a,0.0007081645255973,-2.2661930501354882e-07,558,0,0,20,3.101679104477613,-1.3988095238094913
ANGELONE,CDSL,2.0,0.0,False,2757.299999999999,785,0.8331210191082803,b,0.0018701434164941,-5.723287763919441e-06,725,0,0,60,4.729816513761467,-2.564885496183201
KAYNES,PGEL,2.0,0.0,False,3575.400000000008,835,0.5868263473053892,a,0.0019086272471606,-3.265253044228622e-06,787,0,0,48,15.624693877551028,-11.828115942028981
BAJAJ-AUTO,EICHERMOT,2.0,0.0,False,4010.0,766,0.5718015665796344,a,0.0011445372191364,-3.8778209255568004e-07,702,0,0,64,24.756849315068493,-20.833841463414632
IREDA,MAZDOCK,2.0,0.0,False,227.20999999999992,668,0.8173652694610778,a,0.0010600848521386,1.3881250017752031e-06,637,0,0,31,0.46721611721611656,-0.22860655737704907
COCHINSHIP,HAL,2.0,0.0,False,1425.4999999999993,727,0.5832187070151307,a,0.0016478095821828,-5.038564549534595e-07,675,0,0,52,6.626650943396221,-4.568316831683166
PERSISTENT,TECHM,2.0,12.5,False,442.9000000000026,676,0.5428994082840237,b,0.0011249559404499,8.285331622909466e-08,646,1,0,29,3.4149863760218087,-2.622653721682852
EICHERMOT,TVSMOTOR,2.0,2.5,False,411.4999999999991,518,0.5193050193050193,b,0.0007476885822866,-3.700636845934385e-07,377,135,0,6,6.652788104089219,-5.534538152610445
INOXWIND,IRFC,2.0,0.0,False,210.5100000000001,536,0.8656716417910447,a,0.0011667083551128,7.599384730745806e-07,527,0,0,9,0.4793534482758621,-0.16541666666666643
ADANIENT,AMBUJACEM,2.0,0.0,False,595.7,821,0.6991473812423873,b,0.0010544453576017,3.506266055132406e-06,778,0,0,43,1.4216898954703816,-0.8921052631578942
HUDCO,IRFC,2.0,0.0,False,451.58000000000004,986,0.9249492900608519,a,0.00044172457830393154,-6.08123074071509e-09,984,0,0,2,0.5097587719298244,-0.18000000000000183
JWL,RVNL,2.0,0.0,False,730.23,670,0.7194029850746269,a,0.0018739604198124,3.693909926428826e-06,624,0,0,46,1.9884024896265562,-1.2137234042553207
JBMA,OLECTRA,7.0,9.5,False,132.99999999999966,65,0.5076923076923077,b,0.0015638408423426,-1.1537615009807803e-05,34,29,0,2,10.08333333333335,-6.242187500000028
IRFC,SUZLON,2.0,13.5,False,48.569999999999965,539,0.7291280148423006,b,0.0010725039681187,-8.297351103559416e-07,528,1,0,10,0.1507124681933842,-0.07301369863013721
PREMIERENE,WAAREEENER,11.0,11.5,False,130.5999999999999,18,0.6666666666666666,b,0.0016265288064013,1.4020794628225175e-05,4,14,0,0,16.841666666666622,-11.916666666666591
BDL,RVNL,2.0,0.0,False,687.3000000000011,68,0.9705882352941176,a,0.0015005589719283,-4.2572456550475825e-08,68,0,0,0,10.524242424242436,-3.6499999999998636
M&M,MARUTI,2.0,0.0,False,6794.100000000001,806,0.8945409429280397,a,0.000803022092859,-1.5814611668580077e-07,763,0,0,43,9.963661581137316,-4.584705882352965
NBCC,RECLTD,2.0,0.0,False,123.15000000000134,920,0.5054347826086957,b,0.0009809919108733,-1.4379920821478548e-05,869,0,0,51,1.0346236559139792,-0.7867032967032944
HINDCOPPER,NATIONALUM,2.0,12.0,False,486.1000000000004,728,0.6524725274725275,b,0.0017674455415178,-2.9426331132697937e-06,679,5,0,44,1.5476842105263173,-0.9843873517786552
MAZDOCK,SUZLON,2.0,0.0,False,5617.9000000000015,591,0.8984771573604061,a,0.0011561232494073,-7.408524825236203e-07,577,0,0,14,11.111676082862516,-4.706666666666646
JIOFIN,NBCC,4.0,4.5,False,2.250000000000014,3,1.0,b,0.0009208738707129,1.9599860022381683e-08,2,1,0,0,0.7500000000000048,0.0
CDSL,NBCC,2.0,0.0,False,1503.4999999999995,275,0.9672727272727273,a,0.0009480831809158,9.007315262241122e-07,272,0,0,3,5.716165413533834,-1.8888888888889142
ACC,AMBUJACEM,8.0,8.5,False,14.299999999999727,23,0.5652173913043478,b,0.0007760861535757,-8.857011036359354e-08,10,12,0,1,1.8192307692307632,-0.9350000000000194
NMDC,VEDL,2.0,0.0,False,207.49999999999986,786,0.9007633587786259,a,0.0009508080891716,4.057797538669761e-07,744,0,0,42,0.30723163841807893,-0.12846153846153824
RVNL,TITAGARH,2.0,0.0,False,1295.6499999999967,734,0.7534059945504087,b,0.0014558350354341,-5.6188145099700834e-06,690,0,0,44,3.169168173598552,-2.5243093922651996
NBCC,SUZLON,2.0,0.0,False,116.91999999999999,771,0.682230869001297,a,0.0012494871649998,-5.992227080767054e-06,748,0,0,23,0.3059315589353611,-0.1795918367346944
DIXON,KAYNES,5.0,0.0,False,-9.300000000000182,5,0.4,b,0.0012969542926779,3.85850416521212e-07,5,0,0,0,16.649999999999864,-14.199999999999969
IRFC,PFC,2.0,0.0,False,1074.4000000000005,870,0.8758620689655172,b,0.0016458233127464,-3.4488861189256346e-06,816,0,0,54,1.4883858267716545,-0.5532407407407391
BAJAJ-AUTO,TVSMOTOR,2.0,9.5,False,9046.5,441,0.8571428571428571,a,0.0008016941709772,-1.2655825403789486e-07,434,1,0,6,25.313492063492063,-8.285714285714286
JWL,RAILTEL,2.0,0.0,False,762.3299999999991,700,0.8314285714285714,b,0.0022735227129882,-1.16694919501732e-06,642,0,0,58,1.5217525773195868,-1.045169491525428
OFSS,PERSISTENT,2.5,9.0,False,1946.5,555,0.5315315315315315,a,0.0016262734770553,-1.9621236095337004e-06,494,17,0,44,23.635593220338983,-19.33076923076923
OIL,ONGC,2.0,0.0,False,1428.7000000000005,856,0.919392523364486,a,0.0010373092763157,-3.251032140047892e-06,811,0,0,45,1.9019059720457416,-0.9869565217391307
KEI,POLYCAB,2.0,0.0,False,8521.099999999988,734,0.7983651226158038,a,0.0012556650940299,2.1267256152869813e-06,715,0,0,19,16.38242320819111,-7.2905405405405315
LODHA,OBEROIRLTY,2.0,12.5,False,1415.099999999997,738,0.6368563685636857,b,0.0012804078509534,3.059182715952394e-07,707,1,0,30,4.873191489361693,-3.266044776119401
MPHASIS,TECHM,2.0,0.0,False,6674.300000000001,762,0.9291338582677166,a,0.001385736024053,1.068904511992458e-06,704,0,0,58,9.868079096045204,-5.783333333333345
BEL,DATAPATTNS,2.0,15.0,False,2576.5000000000073,539,0.562152133580705,b,0.0010180425586427,-1.6029292070140138e-06,522,1,0,16,16.867656765676582,-10.738983050847448
HINDZINC,NMDC,2.0,15.5,False,72.12999999999995,657,0.6270928462709284,b,0.0012439352067943,-2.757988536338545e-06,614,1,0,42,0.27196601941747556,-0.16293877551020403
IRFC,JIOFIN,2.0,0.0,False,521.5299999999993,789,0.8732572877059569,b,0.0015610683206526,-8.62985784561781e-07,745,0,0,44,0.8081857764876619,-0.3530999999999986
MAZDOCK,SOLARINDS,2.0,0.0,False,18327.0,838,0.6861575178997613,b,0.0012295573073034,-7.10728277104118e-08,796,0,0,42,48.2,-35.6958174904943
IRCON,NBCC,2.0,0.0,False,404.28999999999974,510,0.9529411764705882,a,0.0012652169412419,1.7493170402930369e-06,499,0,0,11,0.8519135802469128,-0.40583333333333194
BDL,NBCC,2.0,0.0,True,4.669999999999888,433,0.3672055427251732,b,0.0012105090806588,7.510846340362613e-07,261,0,168,4,0.24924528301886684,-0.12759124087591217
MPHASIS,OFSS,15.0,0.0,True,-133.0,4,0.0,b,0.0010976420842539,1.0705775312154774e-06,2,0,2,0,0.0,-33.25
M&M,TVSMOTOR,2.0,0.0,False,3979.5000000000023,383,0.95822454308094,a,0.0007925033174478,1.0904872694398377e-07,375,0,0,8,11.102179836512267,-5.9375
CDSL,JIOFIN,2.0,0.0,False,165.58999999999986,749,0.6048064085447263,b,0.0009668897875887,1.872196687061136e-06,716,0,0,33,0.654657836644591,-0.4424662162162148
JIOFIN,RECLTD,2.0,0.0,False,520.3600000000012,840,0.861904761904762,a,0.0008060275578484,-1.6657709591656703e-06,790,0,0,50,0.7726243093922661,-0.33637931034482765
KPITTECH,TATAELXSI,2.0,0.0,False,1372.5500000000013,365,0.8931506849315068,a,0.0011474216739511,1.2663859079333675e-06,359,0,0,6,4.409202453987734,-1.6628205128205076
PERSISTENT,TCS,2.0,0.0,False,15589.69999999999,675,0.9274074074074075,a,0.0014179779992769,-1.1171869863076446e-06,617,0,0,58,26.154472843450485,-15.979591836734675
INFY,PERSISTENT,2.0,0.0,False,9484.200000000003,699,0.7310443490701002,b,0.0010091577280305,3.826201848546851e-06,644,0,0,55,24.55636007827789,-16.298404255319145
HINDALCO,NMDC,2.0,0.0,False,114.04999999999995,709,0.7404795486600846,b,0.0010858762836722,1.772269015868282e-06,675,0,0,34,0.2783428571428568,-0.17434782608695643
BDL,BEML,2.0,10.5,False,1211.6000000000038,520,0.5980769230769231,b,0.0012819484785152,-5.96722917900158e-08,505,1,0,14,7.094855305466244,-4.760287081339705
EICHERMOT,M&M,2.0,0.0,False,1493.0999999999922,779,0.540436456996149,b,0.0007948430505315,-3.398796219205229e-06,728,0,0,51,9.833966745843219,-7.393854748603357
EICHERMOT,MARUTI,2.0,7.0,False,3199.5,178,0.8146067415730337,a,0.0009133536910657,-2.640020867481609e-07,176,1,0,1,24.127586206896552,-9.06060606060606
DLF,NBCC,2.0,0.0,False,803.9999999999995,348,0.9511494252873564,a,0.0009776843031473,6.005320931777627e-07,341,0,0,7,2.4661631419939565,-0.7235294117647032
CANBK,RECLTD,2.0,16.0,False,173.94999999999962,875,0.6754285714285714,a,0.001149299941389,5.033893614755299e-06,833,4,0,38,0.4446192893401007,-0.3127464788732391
COFORGE,TATAELXSI,10.0,0.0,False,17.0,1,1.0,b,0.00030596610383960534,2.1554163281903417e-07,1,0,0,0,17.0,0.0
INOXWIND,RVNL,2.0,8.5,False,200.88000000000002,470,0.9085106382978724,a,0.0011962299714182,9.072199946192508e-07,463,1,0,6,0.49004683840749436,-0.19465116279069777
ADANIGREEN,TATAPOWER,2.0,3.0,False,46.10000000000008,595,0.5058823529411764,b,0.0011949378133829,8.13398235970816e-07,403,183,0,9,0.6652823920265777,-0.5243197278911558
RECLTD,RVNL,2.0,0.0,False,502.89999999999964,362,0.9668508287292817,a,0.0009043177785344,3.748318867389487e-07,357,0,0,5,1.462142857142856,-0.7375000000000019
IDEA,INDUSTOWER,2.0,0.0,False,9.050000000000018,858,0.4662004662004662,a,0.0023203824053865,-8.019546044221089e-06,810,0,0,48,0.05487500000000017,-0.028165938864628856
HCLTECH,PERSISTENT,2.0,7.0,False,1628.899999999997,694,0.49711815561959655,b,0.0008472411892419,1.1371457888269056e-05,598,56,0,40,20.563768115942032,-15.660744985673364
GRSE,ZENTEC,2.0,11.5,False,3141.5999999999976,699,0.6595135908440629,a,0.0019689237145556,1.060133698463349e-06,648,8,0,43,11.495444685466392,-9.066386554621861
HINDALCO,JSWSTEEL,2.0,15.5,False,1982.3000000000054,823,0.8007290400972054,b,0.0013309206529303,2.2372985211074874e-06,766,5,0,52,3.5787556904400684,-2.2932926829268245
IRFC,JWL,2.5,9.5,False,192.50999999999985,352,0.5113636363636364,b,0.0010038486105231,-6.65753001017022e-07,333,2,0,17,2.3557222222222216,-1.3460465116279077
MPHASIS,TCS,2.0,0.0,False,6647.000000000005,733,0.9236016371077762,a,0.0010651986893743,9.26315016282958e-07,677,0,0,56,10.300000000000008,-5.823214285714308
BDL,IREDA,2.0,13.5,False,98.2300000000004,672,0.6369047619047619,b,0.0012690676329975,-1.696363409729151e-06,638,3,0,31,0.3946028037383182,-0.28959016393442527
NMDC,SAIL,2.0,0.0,False,125.11999999999995,431,0.9164733178654292,a,0.0009781239896638,-1.1444108291485106e-07,423,0,0,8,0.3274683544303795,-0.11749999999999933
INOXWIND,MAZDOCK,2.0,0.0,False,1520.6999999999994,348,0.6063218390804598,b,0.0012310307189799,4.793272952227623e-07,347,0,0,1,10.35260663507108,-4.844525547445244
IREDA,RAILTEL,2.0,0.0,False,134.14000000000007,290,0.8931034482758621,a,0.0010719950337141,1.8176246941952562e-07,286,0,0,4,0.538571428571429,-0.17258064516129243
COFORGE,KPITTECH,2.0,0.0,False,4369.400000000004,988,0.9878542510121457,a,0.0004512594039174544,3.230100742358173e-07,985,0,0,3,4.48616803278689,-0.7583333333333258
DLF,PHOENIXLTD,2.0,3.5,False,185.7000000000014,147,0.5578231292517006,b,0.0010678414741962,4.4748342115047973e-08,139,5,0,3,4.557317073170746,-2.8923076923076887
DATAPATTNS,HAL,2.0,0.0,False,4861.800000000007,726,0.6460055096418733,a,0.0020678229820557,1.917751113533841e-06,677,0,0,49,17.314498933901923,-12.67976653696497
MOTHERSON,TMPV,2.0,0.0,False,240.29999999999916,856,0.594626168224299,b,0.0010660624658461,-5.358794750015911e-06,806,0,0,50,0.9316306483300575,-0.6740634005763692
PERSISTENT,WIPRO,2.0,0.0,False,15474.399999999998,764,0.900523560209424,a,0.001161203899873,-1.0453162398414736e-06,723,0,0,41,23.56613372093024,-9.725000000000053
JSWSTEEL,NMDC,2.0,12.5,False,2443.900000000006,776,0.9162371134020618,a,0.0007963535414092,7.039434438980828e-07,747,1,0,28,3.546976090014073,-1.1999999999999964
RECLTD,TATAPOWER,7.5,8.0,False,3.400000000000091,26,0.46153846153846156,b,0.0009003249554761,1.011816263138403e-06,9,16,0,1,1.1250000000000095,-0.7214285714285731
GODREJPROP,PHOENIXLTD,2.0,7.5,False,1585.000000000003,503,0.731610337972167,b,0.0013080137693254,3.784732113365721e-07,488,2,0,13,5.219021739130437,-2.485925925925912
LTM,PERSISTENT,2.0,0.0,False,10535.900000000012,758,0.7678100263852242,b,0.0012467789324039,-1.1334311945724968e-05,706,0,0,52,22.538487972508605,-14.667613636363672
HEROMOTOCO,M&M,2.0,2.5,False,179.29999999999927,875,0.5131428571428571,b,0.0008697581360526,1.560610103283353e-06,246,625,0,4,3.6808463251670362,-3.45868544600939
RVNL,SUZLON,2.0,12.5,False,56.830000000000055,586,0.7815699658703071,b,0.0014053166270131,-1.8594203808956983e-06,562,2,0,22,0.14364628820960706,-0.06999999999999978
COCHINSHIP,RVNL,2.0,0.0,False,3456.1000000000004,465,0.9311827956989247,a,0.0012427911123856,-2.99813443840683e-07,451,0,0,14,8.223787528868362,-3.2749999999999915
IRCTC,IRFC,2.0,0.0,False,1140.1500000000028,894,0.9541387024608501,a,0.00028321854270413696,-2.9605156000967533e-08,894,0,0,0,1.357033997655337,-0.42439024390243985
IRFC,TITAGARH,2.0,0.0,False,198.2599999999999,744,0.7620967741935484,a,0.0011381382676927,-2.554443163549612e-06,705,0,0,39,0.4135978835978833,-0.20480225988700654
ETERNAL,SWIGGY,10.0,10.5,False,4.2999999999999545,13,0.6923076923076923,b,0.0012061928242099,3.6126928712807394e-07,2,11,0,0,1.2055555555555517,-1.6375000000000028
OFSS,TATAELXSI,2.0,0.0,False,14156.0,588,0.9659863945578231,a,0.0008714669341056,1.907795068207838e-06,570,0,0,18,25.27112676056338,-9.9
DLF,IREDA,2.0,0.0,False,75.76999999999995,582,0.6374570446735395,b,0.0009960056369448,-6.871694248659202e-07,567,0,0,15,0.34646900269541775,-0.250094786729858
BAJAJ-AUTO,M&M,2.0,0.0,False,5668.5,721,0.5977808599167822,a,0.0012821808896995,-4.079386591408009e-06,662,0,0,59,26.370069605568446,-19.644827586206898
CDSL,MCX,2.0,0.0,False,1947.2000000000025,732,0.7540983606557377,a,0.0010709723716976,3.213045540169395e-06,673,0,0,59,4.6018115942029025,-3.2944444444444367
NHPC,TATAPOWER,2.0,0.0,False,499.79999999999967,874,0.7254004576659039,b,0.0009819220889786,-7.288584619752774e-07,835,0,0,39,1.0026025236593061,-0.5660416666666658
HUDCO,RECLTD,2.0,13.0,False,334.4399999999995,856,0.7441588785046729,a,0.0010454169017603,-3.0783730609824533e-06,811,6,0,39,0.6749450549450543,-0.4360730593607306
JIOFIN,RVNL,2.0,0.0,False,150.64999999999992,140,0.9571428571428572,a,0.0008455285330177,-1.6645353547845857e-07,138,0,0,2,1.1326865671641786,-0.18833333333333732
BDL,SOLARINDS,2.0,12.5,False,2881.000000000009,737,0.7842605156037992,a,0.0013637757937953,-2.839227266237056e-07,712,1,0,24,5.705709342560565,-2.6220125786163413
INFY,MPHASIS,12.5,13.0,False,-42.20000000000118,12,0.3333333333333333,b,0.0014918300712695,2.665083820275483e-06,1,9,0,2,5.999999999999886,-8.275000000000091
LTM,TECHM,2.0,0.0,False,8480.499999999985,840,0.7595238095238095,a,0.0010180285475977,-9.67449012385546e-06,790,0,0,50,16.703918495297817,-10.775247524752514
HINDZINC,TATASTEEL,2.0,9.5,False,92.89000000000053,688,0.5625,b,0.0012556053102474,-4.169044367289121e-06,630,13,0,45,0.5366408268733863,-0.38136212624584703
BEL,RVNL,2.0,2.5,False,32.60000000000011,140,0.4714285714285714,b,0.0010966902790075,-4.838121802836462e-07,130,10,0,0,1.4125757575757574,-0.8193243243243227
ADANIENSOL,ADANIPORTS,2.0,0.0,False,2746.1,837,0.8482676224611708,a,0.0011566137914091,-2.8204070682088274e-06,792,0,0,45,4.303380281690139,-2.4354330708661416
HAL,RVNL,2.0,3.5,False,51.01999999999961,818,0.4400977995110024,b,0.00040653040131737777,-8.673477722537669e-08,788,30,0,0,0.7639722222222214,-0.4891048034934499
RITES,RVNL,2.0,0.0,False,280.97000000000025,264,0.9507575757575758,a,0.0012380351347085,1.1262672666068495e-07,259,0,0,5,1.140398406374503,-0.4053846153846162
M&M,TMPV,2.0,12.5,False,7950.200000000006,783,0.9450830140485313,a,0.0008835535494531,-1.2043114329469634e-06,736,4,0,43,11.110135135135145,-6.3093023255814
JSWENERGY,TATAPOWER,2.0,0.0,False,197.90000000000026,542,0.6273062730627307,b,0.0011362289724315,1.8146712322753781e-07,531,0,0,11,0.8966176470588234,-0.529455445544553
IREDA,TATAPOWER,2.0,12.0,False,249.14999999999947,776,0.6095360824742269,b,0.0010255285996887,1.3929367024593023e-06,732,3,0,41,0.9021141649048618,-0.5859735973597365
LTM,MPHASIS,14.0,14.5,False,-9.799999999999727,8,0.375,b,0.0012269586894671,-1.1529680986242108e-05,0,8,0,0,7.599999999999909,-6.519999999999891
ADANIENSOL,ADANIPOWER,2.0,0.0,False,350.28999999999945,746,0.8297587131367292,b,0.0017768654400263,4.653831225985897e-07,710,0,0,36,0.6188691437802902,-0.25818897637795424
MPHASIS,WIPRO,2.0,0.0,False,6883.200000000002,784,0.9323979591836735,a,0.001385202434677,1.843686080383443e-06,729,0,0,55,9.743912448700414,-4.520754716981122
ABB,SIEMENS,2.0,0.0,False,4626.0,395,0.7240506329113924,a,0.0012473841472439,3.8463591130424735e-08,387,0,0,8,19.763986013986013,-9.417431192660551
HEROMOTOCO,MARUTI,2.0,0.0,False,11320.5,671,0.8986587183308494,a,0.0009070434902151,1.175615730012473e-06,615,0,0,56,20.117744610281925,-11.919117647058824
IRCON,MAZDOCK,2.0,0.0,False,3033.4999999999986,582,0.7061855670103093,b,0.0014064712182917,3.619547180864619e-07,561,0,0,21,9.65231143552311,-5.459649122807014
PERSISTENT,TATAELXSI,4.5,5.0,False,25.699999999999818,6,0.6666666666666666,b,0.0012907890883225,8.802120969711295e-07,2,4,0,0,11.799999999999955,-10.75
GODREJPROP,NBCC,2.0,0.0,True,20.92999999999998,705,0.40709219858156026,b,0.0010757920184377,1.4576720082294205e-06,436,0,250,19,0.279512195121951,-0.1418421052631578
HDFCLIFE,SBILIFE,2.0,12.5,False,354.75000000000045,856,0.5700934579439252,a,0.0011112033912916,1.4995437609810811e-06,802,4,0,50,1.5706967213114746,-1.1188858695652153
BDL,IRFC,2.0,0.0,True,22.690000000000026,185,0.44324324324324327,b,0.0013035284506886,-1.4821341850123978e-07,123,0,62,0,0.493658536585365,-0.17271844660194086
KAYNES,MAZDOCK,2.0,0.0,False,3812.799999999999,775,0.6051612903225806,a,0.0017632291234053,-9.767864114926852e-06,721,0,0,54,17.94456289978679,-15.04313725490197
CENTRALBK,MAHABANK,2.0,0.0,False,139.8099999999999,608,0.868421052631579,b,0.0013872897791868,-9.827649538487993e-08,578,0,0,30,0.2836742424242426,-0.12462500000000035
INDIANB,SBIN,2.0,13.0,False,1457.4999999999989,825,0.8,b,0.0014373366638706,2.5460473124281387e-06,774,2,0,49,2.6496969696969703,-1.7654545454545556
GAIL,IOC,2.0,15.5,False,234.09999999999985,766,0.8342036553524804,a,0.0008485144171279,-2.4735920354714123e-08,726,1,0,39,0.4034585289514866,-0.18669291338582727
AMBER,DIXON,2.0,0.0,False,10425.5,311,0.9614147909967846,a,0.0011671806616694,-1.01953952235652e-06,308,0,0,3,35.32943143812709,-11.5
BANKINDIA,CENTRALBK,2.0,0.0,False,104.97999999999982,153,0.9215686274509803,a,0.0011155792890392,1.0700303210666428e-07,151,0,0,2,0.7741134751773038,-0.3475000000000013
BANKINDIA,MAHABANK,2.0,0.0,False,38.26000000000003,796,0.5263819095477387,b,0.001027365265615,7.065368979583172e-07,771,0,0,25,0.21529832935560864,-0.13779840848806363
CANBK,PFC,2.0,0.0,False,247.14000000000055,851,0.7532314923619271,a,0.0010297147375039,6.696357139753108e-06,807,0,0,44,0.48876755070202854,-0.3150476190476189
RAILTEL,RITES,2.0,0.0,False,556.9000000000004,550,0.7945454545454546,a,0.0014966130531426,8.66039829539395e-07,523,0,0,27,1.47066361556064,-0.7591150442477879
CDSL,RECLTD,2.0,0.0,False,2197.300000000001,795,0.7962264150943397,a,0.0010260699489524,2.633874774673702e-07,752,0,0,43,4.036492890995258,-2.2086419753086375
BDL,SUZLON,2.0,5.0,False,16.36999999999992,564,0.5726950354609929,b,0.0012322852980776,-8.143480290623538e-07,528,23,0,13,0.11848297213622283,-0.09087136929460604
CENTRALBK,IOB,2.0,0.0,False,33.180000000000064,294,0.8639455782312925,b,0.0014269417043251,-1.6707329478430226e-06,281,0,0,13,0.1414960629921264,-0.06900000000000102
JIOFIN,MAZDOCK,2.0,0.0,False,427.9900000000008,586,0.9163822525597269,a,0.0008298341598628,-2.971162138630695e-07,566,0,0,20,0.8260707635009328,-0.3185714285714265
PFC,TATAPOWER,8.0,8.5,False,6.399999999999977,10,0.6,b,0.0009601599797094,3.1102943362025455e-07,4,6,0,0,1.666666666666676,-0.9000000000000199
LTM,TCS,2.0,0.0,False,8939.699999999995,608,0.8717105263157895,a,0.0017951051685213,-9.553274421139765e-06,550,0,0,58,19.131509433962265,-15.384615384615408
CDSL,MAZDOCK,2.0,0.0,False,1850.6,419,0.9236276849642004,a,0.0009860960814649,6.460751454622285e-07,406,0,0,13,4.980620155038759,-2.4031249999999957
BANKINDIA,RECLTD,2.0,0.0,False,481.350000000001,888,0.9290540540540541,a,0.0010280904082126,2.664772228136374e-07,840,0,0,48,0.6073575757575771,-0.31301587301587436
CANBK,IREDA,2.0,0.0,False,364.2499999999993,798,0.9235588972431078,a,0.0009344481428575,4.561985610594841e-06,755,0,0,43,0.5181546811397544,-0.28901639344262076
IRFC,RITES,2.0,12.5,False,367.47,637,0.7880690737833596,b,0.0012537307377791,-7.331692595254037e-07,609,3,0,25,0.8605976095617529,-0.47814814814814927
BHEL,MAZDOCK,2.0,0.0,False,828.4100000000003,824,0.8919902912621359,a,0.0011091193416862,3.85700033747506e-06,786,0,0,38,1.1975238095238112,-0.5816853932584277
HCLTECH,MPHASIS,10.0,10.5,False,-5.499999999999545,33,0.3939393939393939,b,0.0009920813570694,9.819084942063652e-06,6,26,0,1,7.415384615384692,-5.095000000000027
HDFCBANK,ICICIBANK,2.0,0.0,False,286.1999999999939,663,0.5429864253393665,b,0.0007279004622805,-2.8482498891643936e-06,619,0,0,44,2.7236111111111003,-2.291419141914199
CANBK,CENTRALBK,3.0,3.5,False,1.1100000000000065,188,0.4627659574468085,b,0.0009425405171292,3.035540349632289e-06,120,64,0,4,0.09689655172413801,-0.07247524752475248
PNB,RECLTD,2.0,0.0,False,243.49,841,0.8644470868014269,a,0.0008875170612186,3.4414475533575067e-08,794,0,0,47,0.36742778541953247,-0.20728070175438693
CAMS,CDSL,2.0,0.0,False,940.4499999999989,782,0.6994884910485933,a,0.0012431560526928,8.76212162272575e-08,738,0,0,44,2.443601462522848,-1.68595744680851
CENTRALBK,PNB,2.0,0.0,True,15.369999999999859,728,0.45879120879120877,a,0.0015327047958877,-2.1358908955593563e-06,497,0,202,29,0.10383233532934107,-0.04901015228426411
ABCAPITAL,IREDA,2.0,0.0,False,1023.049999999998,909,0.9207920792079208,a,0.0010199883222966,-1.000434986235899e-06,875,0,0,34,1.2651732377538805,-0.49861111111111156
NBCC,PFC,2.0,0.0,False,1015.0500000000014,909,0.8734873487348734,b,0.0015950408556792,-1.4212828983235834e-05,861,0,0,48,1.3745591939546606,-0.6639130434782596
LTM,WIPRO,2.0,0.0,False,12905.999999999989,745,0.934228187919463,a,0.0009863960694628,-6.16692521788152e-06,697,0,0,48,19.292097701149412,-10.638775510204113
INFY,LTM,2.0,0.0,False,2495.5000000000027,555,0.9045045045045045,a,0.0010124593327365,3.400807493695261e-06,501,0,0,54,5.253386454183267,-2.673584905660357
CDSL,RVNL,2.0,0.0,False,1184.4999999999993,193,0.9689119170984456,a,0.0009803558648122,3.519136845825383e-07,192,0,0,1,6.351871657754006,-0.5499999999999545
MAZDOCK,ZENTEC,2.0,0.0,False,3053.100000000001,274,0.8868613138686131,a,0.0012824157820848,-1.036696871660354e-07,270,0,0,4,12.865843621399177,-2.3645161290322347
HUDCO,RVNL,2.0,0.0,False,482.80999999999926,1001,0.9630369630369631,a,0.0004082706910058473,2.5683080076385366e-08,998,0,0,3,0.5095539419087128,-0.2270270270270241
BANKINDIA,RBLBANK,2.0,0.0,False,469.390000000001,827,0.9347037484885127,a,0.0010309719818325,4.763202573490405e-07,788,0,0,39,0.6215912031047878,-0.20555555555555546
COCHINSHIP,NBCC,10.0,10.5,False,0.5300000000000153,5,0.6,b,0.0012215985839732,8.409418071316127e-07,4,1,0,0,0.6633333333333363,-0.7299999999999969
NTPC,TATAPOWER,2.5,3.0,False,14.400000000000205,231,0.47619047619047616,b,0.0007588336425677,3.225973603662309e-07,194,36,0,1,0.7472727272727276,-0.5603305785123954
HCLTECH,LTM,12.5,0.0,False,-164.5,3,0.0,b,0.0003705888884998166,3.414691061799271e-07,3,0,0,0,0.0,-54.833333333333336
INOXWIND,JIOFIN,2.0,0.0,False,434.99000000000007,886,0.7990970654627539,b,0.0015459761110357,2.080584142366705e-06,841,0,0,45,0.7170903954802254,-0.4084831460674159
OFSS,TECHM,2.0,0.0,False,5654.0,850,0.5894117647058823,a,0.0013001702265794,-1.8330309373790845e-06,793,0,0,57,21.177644710578843,-14.200573065902578
TATAELXSI,TCS,2.0,0.0,False,7578.499999999997,620,0.7935483870967742,a,0.0050119451487807,-2.3143291242424663e-05,559,0,0,61,19.161788617886177,-14.44609375
BANKINDIA,IREDA,2.0,0.0,False,187.1699999999999,282,0.9609929078014184,a,0.0010384270059261,-7.286255233380718e-09,279,0,0,3,0.7005535055350549,-0.24363636363636168
BANKBARODA,RECLTD,2.0,0.0,False,702.1700000000002,836,0.9066985645933014,a,0.0009240688864791,-5.968612421596369e-07,786,0,0,50,0.9745646437994733,-0.46858974358974265
JIOFIN,SUZLON,2.0,0.0,False,384.4699999999997,523,0.9177820267686424,a,0.0008181527303892,-5.608607166928548e-07,512,0,0,11,0.8203541666666664,-0.21627906976744146
BEML,DATAPATTNS,2.0,0.0,False,925.5,147,0.7959183673469388,a,0.0017189807779835,-8.306612763766053e-08,145,0,0,2,9.2034188034188,-5.043333333333317
HAL,NBCC,2.0,5.5,False,5.449999999999832,778,0.4691516709511568,b,0.0003971828843313847,3.208846312379719e-08,765,12,0,1,0.15657534246575303,-0.12518159806295404
TATAELXSI,WIPRO,2.0,0.0,False,14852.400000000009,865,0.9398843930635838,a,0.0013131689225302,-1.8679949993017623e-05,810,0,0,55,18.999384993849933,-11.424999999999999
OFSS,WIPRO,2.0,13.5,False,12270.0,762,0.821522309711286,a,0.0010525932797112,-2.753151875094395e-06,714,2,0,46,22.232428115015974,-12.113970588235293
DLF,JIOFIN,2.0,0.0,False,294.41000000000054,899,0.6707452725250278,b,0.001049322811082,1.556965822458571e-07,858,0,0,41,0.6843615257048115,-0.39952702702702864
ADANIENT,JIOFIN,2.0,0.0,True,45.99999999999943,768,0.4192708333333333,b,0.0009647803359156,4.191753851492651e-06,508,0,234,26,0.635062111801242,-0.3553587443946199
ADANIPORTS,AMBUJACEM,2.0,0.0,False,79.19999999999959,802,0.4925187032418953,b,0.0008666150068363,1.0969810396347995e-06,757,0,0,45,1.3244303797468342,-1.0907862407862405
BAJFINANCE,CHOLAFIN,11.5,0.0,False,-12.5,1,0.0,b,0.00032360579573593936,-1.4377877342025434e-07,1,0,0,0,0.0,-12.5
MPHASIS,TATAELXSI,2.0,0.0,False,2972.5999999999985,257,0.9883268482490273,a,0.0010126461208864,8.915137037835938e-07,252,0,0,5,11.711417322834642,-0.7000000000001213
CENTRALBK,UCOBANK,2.0,7.0,False,17.390000000000004,209,0.8133971291866029,b,0.0013988941352155,-7.193479288432238e-07,201,1,0,7,0.11158823529411768,-0.04051282051282056
KPITTECH,MPHASIS,2.0,0.0,False,2301.0500000000025,740,0.8810810810810811,a,0.0020817060267159,-1.7067006198007617e-05,683,0,0,57,3.941871165644179,-3.0573863636363567
TATAELXSI,TATATECH,2.0,0.0,False,1313.4000000000017,823,0.8772782503037667,b,0.0016152451276883,-2.033697173824288e-05,780,0,0,43,1.9592797783933533,-1.001980198019799
OFSS,TCS,2.0,0.0,False,12277.5,666,0.8753753753753754,a,0.0020082448540396,-4.200010522593432e-07,601,0,0,65,24.193825042881645,-22.018072289156628
JINDALSTEL,NATIONALUM,2.0,0.0,False,314.94999999999914,719,0.5841446453407511,b,0.0009950223124252,-2.6402313678120788e-08,689,0,0,30,1.3894047619047614,-0.8983277591973254
DLF,IRFC,2.0,0.0,True,17.310000000000045,85,0.5411764705882353,b,0.0010949875668963,-5.5505469862012355e-08,64,0,21,0,0.565869565217392,-0.2235897435897432
CANBK,JIOFIN,14.0,0.0,False,8.070000000000022,8,0.875,b,0.0009679725038204,6.7776502816711015e-06,8,0,0,0,1.1842857142857173,-0.21999999999999886
GAIL,TATAPOWER,2.5,7.0,False,36.450000000000614,367,0.5095367847411444,b,0.0007997382347754,-4.42660704798764e-07,341,13,0,13,0.840106951871661,-0.6702777777777776
GMRAIRPORT,IREDA,2.0,0.0,False,232.0199999999997,802,0.8952618453865336,a,0.0009456535029818,9.629804635797075e-07,764,0,0,38,0.34140668523676854,-0.15607142857142908
BAJFINANCE,SHRIRAMFIN,11.0,0.0,False,-7.0,1,0.0,b,0.00010136719009024059,-4.3639915533381517e-10,1,0,0,0,0.0,-7.0
GRSE,RVNL,2.0,0.0,False,7100.9,650,0.8461538461538461,a,0.0014838784417589,1.7985797475837454e-07,622,0,0,28,13.68563636363636,-4.261999999999998
INOXWIND,RECLTD,2.0,0.0,False,182.04999999999978,925,0.6940540540540541,a,0.0014056515508851,-1.7013587724265513e-06,874,0,0,51,0.39975077881619925,-0.2635689045936397
BEL,BHEL,2.0,16.0,False,182.7400000000001,712,0.5646067415730337,b,0.0010071871845069,-5.189248148822457e-06,664,1,0,47,0.9871393034825876,-0.6906129032258068
BDL,INOXWIND,2.0,7.0,False,74.2000000000001,691,0.5817655571635311,b,0.0012288529086855,-1.2654661036771471e-06,652,15,0,24,0.35539800995024917,-0.2376124567474047
IREDA,SJVN,2.0,0.0,True,6.9799999999999685,423,0.35933806146572106,b,0.0010014015783613,8.453155884522007e-07,253,0,165,5,0.25572368421052566,-0.11767527675276727
NBCC,TATAPOWER,2.0,0.0,False,734.2499999999982,911,0.8463227222832053,b,0.0015098266790141,-9.97370116423802e-06,858,0,0,53,1.050324254215303,-0.5396428571428589
ADANIGREEN,IREDA,2.0,7.5,False,40.15999999999988,488,0.5573770491803278,b,0.0012064557912702,-1.1067289588642157e-07,468,11,0,9,0.36124999999999996,-0.268981481481482
DLF,RECLTD,2.0,0.0,False,1103.7999999999997,888,0.7759009009009009,a,0.0010804253628389,-2.1500615689966693e-06,835,0,0,53,1.9132801161103041,-1.077638190954778
POWERGRID,TATAPOWER,2.0,7.5,False,288.0999999999997,826,0.6174334140435835,b,0.0008287338604569,-1.2251485384964554e-06,786,4,0,36,0.8871568627450978,-0.5200949367088614
RAILTEL,TITAGARH,2.0,0.0,False,820.8699999999997,742,0.8342318059299192,a,0.0013920696564288,-9.515877015511336e-07,704,0,0,38,1.4688368336025848,-0.7182113821138253
KPITTECH,OFSS,2.0,0.0,False,12755.5,773,0.8240620957309185,b,0.0019275155618464,-1.1251691223283504e-05,715,0,0,58,23.335949764521192,-15.511029411764707
IREDA,NHPC,2.0,4.0,False,20.41999999999983,588,0.5051020408163265,b,0.0010087510596475,8.636440622556163e-07,533,40,0,15,0.18350168350168355,-0.1171134020618563
ABCAPITAL,JIOFIN,2.0,0.0,False,1026.7500000000002,983,0.8799593082400814,a,0.001031894475724,-3.5330382466987815e-07,940,0,0,43,1.2713872832369935,-0.6186440677966082
IRCTC,IREDA,2.0,4.5,False,27.60999999999997,349,0.5816618911174785,b,0.0008517544557153,-4.878895490324925e-07,326,14,0,9,0.3113300492610837,-0.24376712328767136
ADANIENSOL,TATAPOWER,2.0,6.0,False,112.89999999999947,640,0.5484375,b,0.0011876987944643,5.225509926448923e-07,596,18,0,26,0.7522792022792012,-0.5230103806228379
TATAELXSI,TECHM,2.0,3.5,False,778.4000000000074,786,0.5114503816793893,a,0.0023570194480396,-2.9415122245385115e-05,453,320,0,13,11.120149253731343,-9.61432291666665
JIOFIN,PFC,2.0,12.0,False,335.1499999999994,883,0.5934314835787089,b,0.0008444015847521,-9.82282975367019e-07,838,3,0,42,1.2570610687022896,-0.9012534818941522
ADANIENT,TATAPOWER,7.5,8.0,False,9.249999999999773,28,0.75,b,0.0010021446514384,4.037744703151296e-06,10,18,0,0,0.6095238095238019,-0.5071428571428669
GODREJPROP,IREDA,2.0,0.0,False,166.31999999999988,896,0.6707589285714286,b,0.0011784776101504,-1.5646186430602435e-06,856,0,0,40,0.3920133111480863,-0.23484745762711876
MAHABANK,PNB,2.0,0.0,False,174.09000000000012,660,0.9136363636363637,a,0.0011046140178686,-9.663790468998863e-07,620,0,0,40,0.2998341625207299,-0.11771929824561442
MARUTI,TVSMOTOR,2.0,0.0,False,6947.0,96,0.96875,a,0.0008429144756556,-1.5682146393803246e-09,96,0,0,0,75.18279569892474,-15.0
BAJAJ-AUTO,MARUTI,2.0,0.0,False,21491.0,600,0.845,b,0.001686794049357,-2.616182299347897e-06,542,0,0,58,48.04536489151874,-30.838709677419356
BEL,NBCC,2.0,0.0,True,3.6000000000000654,134,0.41044776119402987,b,0.0011147851594794,-2.187901524064616e-07,89,0,44,1,0.26945454545454534,-0.1420253164556953
KPITTECH,PERSISTENT,2.5,3.0,False,145.1000000000032,587,0.5298126064735945,a,0.0034820288548478,-1.6875571007376026e-05,159,420,0,8,1.754180064308686,-1.4509057971014425
ADANIENT,ADANIPOWER,2.0,0.0,False,352.00999999999976,732,0.8346994535519126,b,0.0014675096767849,3.4300143052896894e-06,693,0,0,39,0.6362356792144026,-0.3035537190082646
JINDALSTEL,SAIL,2.0,0.0,False,2444.0000000000055,748,0.8836898395721925,a,0.0009577682841478,-1.819889010906848e-07,720,0,0,28,3.893645990922852,-1.4908045977011317
ADANIGREEN,NHPC,2.0,2.5,False,2.899999999999906,421,0.47980997624703087,b,0.001214517709398,5.162534418138608e-07,275,143,0,3,0.12391089108910906,-0.10105022831050285
INFY,OFSS,2.0,0.0,False,2566.900000000005,612,0.9248366013071896,a,0.0009531984131453,1.6764703528511891e-06,555,0,0,57,4.756537102473506,-2.72391304347824
HINDALCO,JINDALSTEL,2.0,15.5,False,1390.0000000000014,776,0.7036082474226805,b,0.0010886922431962,3.198369098439632e-06,726,1,0,49,3.5948717948717968,-2.4904347826086943
NBCC,RAILTEL,2.0,0.0,False,750.5299999999993,801,0.7815230961298377,b,0.0013608905732672,-1.2055940318485817e-05,759,0,0,42,1.402396166134184,-0.7278285714285709
ADANIENT,IREDA,2.0,9.5,False,50.41000000000015,699,0.5522174535050072,b,0.0009708934446092,1.9757302167694366e-06,661,8,0,30,0.3812694300518137,-0.309137380191693
IREDA,LICHSGFIN,2.0,13.0,False,1011.9999999999995,913,0.8181818181818182,b,0.0013121482817803,8.84801487728304e-07,861,1,0,51,1.5080990629183417,-0.69006024096386
PNB,YESBANK,2.0,0.0,True,4.480000000000036,233,0.5278969957081545,b,0.0009252156478593,2.0179569551762707e-07,176,0,52,5,0.05463414634146361,-0.020363636363636254
BHEL,INOXWIND,2.0,0.0,False,721.0699999999993,687,0.9315866084425036,a,0.0011001362593814,1.5059664321049703e-06,660,0,0,27,1.1684062499999985,-0.5682978723404245
CANBK,MAHABANK,13.5,0.0,True,1.3200000000000003,7,0.5714285714285714,b,0.0009768648614176,4.129618632857082e-06,5,0,2,0,0.44250000000000256,-0.15000000000000333
ADANIGREEN,JSWENERGY,2.0,8.0,False,113.60000000000014,643,0.5069984447900466,b,0.0012108066603512,6.239739470163745e-07,607,15,0,21,1.4019938650306742,-1.0834384858044153
JIOFIN,TATAPOWER,2.0,9.5,False,49.249999999999204,496,0.5040322580645161,b,0.0008155758026083,-3.76207676508073e-07,481,1,0,14,0.7637999999999993,-0.5760162601626041
RECLTD,SUZLON,2.0,0.0,False,655.4000000000003,561,0.9251336898395722,a,0.0009187935696759,2.752595155423785e-07,545,0,0,16,1.3003853564547216,-0.4642857142857129
COCHINSHIP,IREDA,2.0,0.0,False,3392.499999999999,710,0.8084507042253521,a,0.001323680594075,-2.9464681122078564e-06,674,0,0,36,6.689372822299655,-3.2882352941176523
HAL,SOLARINDS,2.0,0.0,False,8951.19999999999,839,0.9594755661501788,a,0.0003937988280860866,-1.3452828936946313e-07,839,0,0,0,11.26559006211179,-3.458823529411762
MAHABANK,UNIONBANK,2.0,0.0,False,202.32999999999967,688,0.9505813953488372,a,0.0011600162083419,-1.2151990382480872e-06,648,0,0,40,0.315030581039755,-0.10882352941176542
CDSL,DLF,2.0,0.0,False,2352.8999999999987,612,0.8954248366013072,a,0.0010079913328403,9.09455771351616e-07,587,0,0,25,4.51824817518248,-1.9234375000000057
BANKINDIA,PFC,2.0,0.0,False,456.29999999999956,900,0.9111111111111111,a,0.0010337597018788,6.321415986182549e-07,850,0,0,50,0.5861097560975606,-0.30387500000000145
IREDA,PNB,2.0,0.0,False,137.25999999999988,801,0.6541822721598003,a,0.0013596179397736,-1.4846678488478794e-07,758,0,0,43,0.39595419847328117,-0.2535018050541511
BANKBARODA,CENTRALBK,2.0,5.0,False,10.389999999999905,384,0.5625,b,0.0009562990474166,2.44859696913625e-07,367,8,0,9,0.09592592592592578,-0.061488095238095605
IREDA,TITAGARH,2.0,0.0,False,233.12,552,0.8822463768115942,a,0.0010528900995994,2.240853397310146e-07,542,0,0,10,0.5016221765913758,-0.171846153846153
CANBK,RBLBANK,2.0,16.0,False,185.70000000000067,798,0.5714285714285714,b,0.0010059055477979,6.462053713296616e-06,745,3,0,50,0.9634868421052628,-0.7416666666666643
BHEL,SUZLON,2.0,3.0,False,7.100000000000037,641,0.47581903276131043,b,0.0010969827630194,1.5404253217664754e-06,485,143,0,13,0.10272131147541,-0.07211309523809527
PFC,PNB,2.0,0.0,False,85.31999999999995,804,0.6293532338308457,b,0.0010141489064822,-5.259791589764487e-07,771,0,0,33,0.3004150197628456,-0.22379194630872482
LTM,OFSS,2.0,0.0,True,2136.5,863,0.4461181923522596,b,0.0009630706028591,-4.438842953323589e-06,550,0,285,28,17.497402597402598,-9.623430962343097
COCHINSHIP,IRCON,2.0,0.0,False,3459.3999999999996,611,0.8379705400981997,a,0.0013318544518292,-1.316002607484259e-06,584,0,0,27,7.401953124999997,-3.3373737373737384
BANKINDIA,YESBANK,2.0,3.5,False,5.490000000000009,418,0.5191387559808612,b,0.0010721324096268,1.3304709583954156e-07,379,32,0,7,0.045483870967742104,-0.02179104477611954
BHEL,NBCC,2.0,0.0,False,690.5599999999982,563,0.9626998223801065,a,0.0011018067225792,2.589795171647922e-06,555,0,0,8,1.2907749077490742,-0.43047619047619146
IRFC,TATAPOWER,2.0,0.0,False,543.399999999999,758,0.7915567282321899,b,0.0011986771242364,-3.714289956913228e-07,720,0,0,38,1.0361666666666656,-0.4955696202531657
INOXWIND,IRCON,2.0,0.0,False,251.5100000000001,793,0.8310214375788146,a,0.0013049599662305,1.1131869502232346e-06,763,0,0,30,0.4196358118361154,-0.1867910447761193
BHEL,IREDA,2.0,0.0,False,772.3099999999995,757,0.9220607661822986,a,0.0011030874594639,1.665389732097722e-06,725,0,0,32,1.1506876790830927,-0.5232203389830509
ADANIGREEN,AMBUJACEM,2.0,13.5,False,528.8000000000009,722,0.682825484764543,b,0.001304715286755,-1.969820278697343e-08,688,2,0,32,1.4683569979716036,-0.8519650655021828
LAURUSLABS,ZYDUSLIFE,2.0,2.5,False,11.149999999999181,964,0.47406639004149376,b,0.001016203528279,-4.503491806715926e-06,397,557,0,10,0.9587527352297592,-0.8422090729783053
PHOENIXLTD,PRESTIGE,2.0,0.0,False,2232.700000000006,848,0.6898584905660378,b,0.0010960113793048,-5.119328222244845e-06,812,0,0,36,5.401880341880341,-3.5262357414448586
HINDCOPPER,VEDL,2.0,15.5,False,361.48999999999984,776,0.7371134020618557,b,0.0018506449783755,-7.399543630483651e-07,729,2,0,45,0.8567307692307694,-0.6301960784313734
CGPOWER,NBCC,2.0,0.0,False,1149.4999999999993,355,0.9464788732394366,a,0.0011702041725801,6.391916518316391e-07,348,0,0,7,3.478273809523808,-1.0105263157894762
MARUTI,TMPV,12.5,0.0,True,6.899999999999977,7,0.42857142857142855,b,0.0008269621222543,-1.4206687542792318e-06,3,0,4,0,3.8999999999999773,-1.1999999999999886
MAZDOCK,TITAGARH,2.0,6.5,False,545.6999999999988,600,0.585,b,0.00122041678023,-9.882430617092897e-07,578,10,0,12,2.911538461538461,-1.9126506024096426
PFC,RVNL,2.0,0.0,False,454.15000000000026,269,0.9516728624535316,a,0.0009830050513019,5.972742803225335e-08,268,0,0,1,1.807812500000001,-0.6653846153846137
CANBK,YESBANK,2.0,3.5,False,6.199999999999978,442,0.5610859728506787,b,0.0009944977079995,2.234681967111352e-06,384,45,0,13,0.047217741935483816,-0.02840206185567015
CENTRALBK,UNIONBANK,2.0,0.0,False,73.11999999999992,723,0.8437067773167358,a,0.001011896079559,-2.968130340254117e-06,688,0,0,35,0.12980327868852445,-0.053628318584070946
ADANIGREEN,ATGL,2.0,0.0,False,2842.5499999999947,697,0.9383070301291249,a,0.0014491144869935,1.5665982803690962e-06,657,0,0,40,4.478822629969413,-2.0139534883721093
HEROMOTOCO,MOTHERSON,8.0,10.5,False,-1.5099999999999767,14,0.5,b,0.0008428967926178,1.3898780247807375e-06,12,2,0,0,0.585714285714289,-0.8014285714285714
HEROMOTOCO,TMPV,2.0,0.0,False,14738.5,875,0.9314285714285714,a,0.0008632424102874,9.60709288187126e-07,826,0,0,49,18.68036809815951,-8.1
BDL,CDSL,2.0,0.0,False,2087.2,751,0.7776298268974701,b,0.00159177112644,-6.211578516615178e-06,693,0,0,58,4.3933219178082235,-2.865269461077847
COCHINSHIP,ZENTEC,2.0,0.0,False,3149.300000000004,735,0.7619047619047619,a,0.0014014535161293,-5.516466311570926e-07,685,0,0,50,6.771607142857143,-3.673142857142853
ADANIPORTS,JIOFIN,10.0,0.0,False,8.609999999999957,17,0.6470588235294118,b,0.0008760178072398,1.4949471336191756e-06,13,0,0,4,0.9772727272727247,-0.35666666666666913
IOC,PETRONET,2.5,9.5,False,35.46000000000063,421,0.46318289786223277,b,0.0008775405917964,1.332501723787827e-07,386,11,0,24,0.938410256410257,-0.6527876106194668
IREDA,JWL,2.0,0.0,False,114.80999999999993,206,0.9563106796116505,a,0.0010355241922713,2.552268655593844e-07,205,0,0,1,0.5927918781725883,-0.21888888888888403
CDSL,INOXWIND,2.0,0.0,False,1360.600000000001,255,0.9529411764705882,a,0.0009757220069833,1.4397955920605946e-07,253,0,0,2,5.658436213991775,-1.2000000000000266
CANBK,NBCC,7.5,15.5,False,0.060000000000002274,21,0.42857142857142855,b,0.0009361934156015,3.758217993078228e-06,18,3,0,0,0.5277777777777778,-0.39083333333333314
BDL,ZENTEC,2.0,0.0,False,1855.5000000000036,759,0.6745718050065876,b,0.0013659006542935,2.2761493420424642e-07,719,0,0,40,5.349414062500005,-3.5765182186234776
BSE,IREDA,2.0,0.0,False,8124.999999999999,691,0.959479015918958,a,0.0012485508115572,1.6723163544408865e-06,659,0,0,32,12.651583710407243,-9.392857142857126
BAJFINANCE,JIOFIN,2.0,14.5,False,2351.1499999999987,837,0.9414575866188769,a,0.0008602245518088,6.493882247346375e-07,785,2,0,50,3.050380710659898,-1.0724489795918382
JIOFIN,RELIANCE,2.0,15.5,False,547.1399999999996,715,0.9230769230769231,a,0.0009420565823831,-1.1119888908161531e-06,657,3,0,55,0.8750606060606055,-0.5527272727272723
HCLTECH,OFSS,9.0,0.0,False,-5.0,7,0.2857142857142857,b,0.0003436353939469579,3.731326266877118e-07,7,0,0,0,28.5,-12.4
MANAPPURAM,MUTHOOTFIN,2.0,15.0,False,6661.700000000006,685,0.8102189781021898,b,0.0020701779293045,3.518676223500295e-07,635,3,0,47,14.208468468468473,-9.415384615384616
ABCAPITAL,BANKINDIA,2.0,0.0,False,345.8500000000002,942,0.807855626326964,b,0.0013102682247874,-1.7323358365216436e-06,896,0,0,46,0.5191195795006569,-0.27182320441988816
GMRAIRPORT,NBCC,9.0,10.0,False,4.610000000000014,4,1.0,b,0.0009458194186392,1.477420432085387e-06,3,1,0,0,1.1525000000000034,0.0
DLF,RVNL,2.0,0.0,False,1415.750000000001,898,0.9632516703786191,a,0.00043779073425154744,-1.5828415892619057e-08,893,0,0,5,1.6513872832369945,-0.38484848484847933
BEL,IRFC,2.0,5.5,False,28.179999999999865,281,0.505338078291815,b,0.0010591971232531,-8.968611535150595e-07,268,10,0,3,0.4050704225352109,-0.21107913669064812
BANKINDIA,JIOFIN,2.0,0.0,False,470.06000000000057,864,0.9351851851851852,a,0.0010195921311765,9.408774885849364e-07,823,0,0,41,0.5995915841584161,-0.2573214285714275
HUDCO,PFC,2.0,0.0,False,785.4999999999986,890,0.7528089887640449,b,0.0012387870820797,-1.85000458297776e-06,845,0,0,45,1.4082835820895518,-0.7184090909090936
BANKINDIA,NBCC,2.5,9.0,False,9.940000000000111,553,0.488245931283906,b,0.00042581507522984353,1.6026304379507913e-07,548,1,0,4,0.17437037037037068,-0.13123674911660768
LICHSGFIN,RECLTD,2.0,0.0,False,1079.750000000001,894,0.8590604026845637,a,0.0008288026886674,-7.192900497320656e-07,849,0,0,45,1.5022135416666664,-0.5869047619047614
IREDA,LTF,2.0,10.0,False,148.1899999999993,889,0.5264341957255343,b,0.0010158216213854,-7.738194269537164e-07,827,10,0,52,0.9772008547008537,-0.7342992874109273
CDSL,KFINTECH,2.0,9.0,False,128.7499999999999,726,0.46831955922865015,b,0.0009942281066544,5.244694532692505e-07,668,8,0,50,3.3001470588235318,-2.5733160621761684
ABCAPITAL,CANBK,9.5,16.0,False,6.4900000000000375,9,0.6666666666666666,b,0.001037344399298,-2.19509273000885e-06,7,1,0,1,1.428333333333337,-0.693333333333328
IRFC,NHPC,2.0,12.0,False,44.799999999999784,555,0.6378378378378379,b,0.001068583030158,-5.530581992176116e-08,530,2,0,23,0.1972033898305081,-0.12442786069651786
BSE,JIOFIN,9.0,10.5,False,6.12999999999991,17,0.6470588235294118,b,0.0013458036560784,2.8581009981420832e-06,4,12,0,1,0.826363636363629,-0.4933333333333347
PNB,RBLBANK,2.0,0.0,False,225.95999999999987,694,0.9063400576368876,a,0.0009066325863821,5.966241594546756e-07,660,0,0,34,0.3779650238473766,-0.18123076923076925
LTF,SHRIRAMFIN,2.0,0.0,False,867.7300000000007,998,0.9749498997995992,a,0.00027411529011967667,1.2579312114352614e-07,995,0,0,3,0.897584789311408,-0.22479999999999792
JIOFIN,PNB,2.0,0.0,False,149.58999999999997,875,0.6982857142857143,b,0.0008725944978011,-1.3154443114583474e-06,838,0,0,37,0.3225368248772501,-0.1798484848484847
LUPIN,ZYDUSLIFE,2.0,7.0,False,245.24999999999955,672,0.53125,b,0.0007787621014494,2.643039142426561e-07,646,3,0,23,1.7278711484593834,-1.1796825396825408
BANDHANBNK,BANKINDIA,2.0,15.0,False,283.00999999999976,878,0.7414578587699316,b,0.0011649168715872,-5.179431256556882e-06,838,2,0,38,0.5414132104454685,-0.30594713656387595
CGPOWER,HAL,2.0,12.5,False,5618.0999999999985,794,0.7405541561712846,b,0.0013249418539969,1.1227600999118556e-06,746,6,0,42,12.40238095238095,-8.128640776699056
JIOFIN,LT,2.0,0.0,False,512.1500000000001,771,0.8767833981841764,a,0.0008191623454482,3.170911779629814e-07,712,0,0,59,0.8246301775147936,-0.4768421052631583
BDL,IRCON,2.0,0.0,False,2878.400000000002,537,0.8789571694599627,a,0.001303591809622,-4.408159914821623e-07,524,0,0,13,6.418220338983056,-2.3230769230769335
ABCAPITAL,RECLTD,2.0,0.0,False,1156.6499999999976,935,0.9433155080213904,a,0.0010496176850698,-1.7421656907953509e-06,888,0,0,47,1.3486961451247135,-0.6207547169811348
INFY,TATAELXSI,8.5,9.0,False,269.9000000000001,9,0.7777777777777778,b,0.0008898616449526,8.989386498442427e-07,8,1,0,0,41.28571428571422,-9.549999999999727
LODHA,PHOENIXLTD,2.0,0.0,False,2678.800000000002,763,0.8951507208387942,a,0.0012579745336942,3.921090182340866e-06,719,0,0,44,4.159809663250367,-2.029374999999999
JIOFIN,TMPV,2.0,0.0,False,516.0899999999988,889,0.8380202474690663,a,0.0008449546116358,-9.01936545384997e-07,844,0,0,45,0.760966442953019,-0.352986111111113
LTM,TATAELXSI,2.0,0.0,False,4253.1,191,0.9790575916230366,a,0.000969812460579,7.740604487209992e-07,188,0,0,3,22.850267379679146,-4.974999999999909
IRFC,SJVN,2.0,10.0,False,29.689999999999912,377,0.5464190981432361,b,0.0010260716154413,1.9436367742644557e-07,366,2,0,9,0.2952427184466017,-0.1820467836257312
BDL,BHEL,2.0,0.0,False,410.7699999999996,812,0.6773399014778325,b,0.0013220474889956,-5.012340300927136e-06,761,0,0,51,1.0891818181818176,-0.7186259541984749
COFORGE,TATATECH,14.5,0.0,False,0.0,0,0.0,b,0.0011428779451615,1.721929565971896e-06,0,0,0,0,0.0,0.0
RECLTD,UNIONBANK,2.0,10.0,False,173.43000000000018,904,0.6327433628318584,b,0.0009455707239184,-5.825490475055201e-07,859,6,0,39,0.530874125874126,-0.3922590361445782
BEML,IRCON,2.0,0.0,False,3333.6,629,0.8187599364069952,a,0.00149843550234,-1.1589267887100218e-06,606,0,0,23,7.630679611650492,-5.229824561403513
ADANIENT,NBCC,2.0,0.0,False,4259.300000000007,547,0.9488117001828154,a,0.0009531178548442,2.493905485663444e-06,536,0,0,11,8.375337186897896,-3.125000000000008
IREDA,KAYNES,2.0,0.0,False,293.20000000000044,662,0.9395770392749244,a,0.0009891037850582,1.2979789590395674e-06,639,0,0,23,0.4814630225080391,-0.15674999999999883
COCHINSHIP,IRFC,2.0,0.0,False,3854.199999999999,567,0.9135802469135802,a,0.0012539136858202,-6.997838076088181e-07,549,0,0,18,7.73822393822393,-3.1469387755101863
HAL,IREDA,2.0,15.5,False,36.93000000000012,576,0.5381944444444444,b,0.0009301316019219,-1.2479772300885483e-06,556,1,0,19,0.3362580645161292,-0.2530451127819547
BANKINDIA,IRFC,2.0,0.0,False,11.060000000000002,8,1.0,a,0.0016947977310899,6.90881567759597e-08,8,0,0,0,1.3825000000000003,0.0
MAZDOCK,RECLTD,2.0,0.0,False,525.1999999999998,801,0.7428214731585518,b,0.0013987430211887,-3.351656369663688e-06,750,0,0,51,1.1547058823529415,-0.7856796116504869
BEL,JIOFIN,2.0,0.0,False,210.89999999999978,680,0.6720588235294118,b,0.0010964484068695,-2.835184033407966e-06,636,0,0,44,0.6957111597374173,-0.48000000000000037
BHARATFORG,MOTHERSON,2.0,11.0,False,120.61000000000014,772,0.655440414507772,b,0.0010807038026024,1.073622560293824e-06,743,5,0,24,0.3611857707509884,-0.23364661654135313
INDHOTEL,JIOFIN,2.0,8.5,False,108.69999999999965,909,0.5445544554455446,b,0.0008625884409117,1.6863980922113133e-06,856,11,0,42,0.6132323232323231,-0.4706521739130441
JIOFIN,LTF,6.5,7.0,False,6.12000000000009,69,0.5072463768115942,b,0.0008899220716411,-1.0976237695624468e-06,18,50,0,1,0.9171428571428578,-0.7641176470588216
DIXON,KALYANKJIL,12.0,12.5,False,7.749999999999943,8,0.625,b,0.001299663828709,6.352139543615884e-06,2,6,0,0,1.8399999999999863,-0.48333333333332956
BDL,JIOFIN,2.0,0.0,False,383.6599999999992,816,0.7610294117647058,b,0.0015120827776519,-6.883295431873617e-07,765,0,0,51,0.7403059581320438,-0.3901025641025652
BANKBARODA,MAHABANK,2.0,0.0,False,123.74000000000001,691,0.7626628075253257,b,0.0011079878679531,6.761151165724682e-07,658,0,0,33,0.2633965844402276,-0.09189024390243929
GLENMARK,LAURUSLABS,2.0,13.0,False,2854.600000000002,921,0.6677524429967426,a,0.0011929727645028,4.890565217129054e-06,875,3,0,43,6.785365853658544,-4.308496732026149
AMBUJACEM,ULTRACEMCO,2.0,0.0,False,889.4000000000005,619,0.8966074313408724,a,0.0009182099425138,2.68743887385243e-07,561,0,0,58,1.7765765765765773,-1.5093750000000066
BEL,SOLARINDS,2.0,0.0,False,858.3499999999979,742,0.9393530997304582,a,0.0004376896205988317,-3.049472778495075e-07,741,0,0,1,1.2558823529411731,-0.37777777777777144
CGPOWER,RVNL,2.0,0.0,False,665.4499999999999,187,0.9518716577540107,a,0.0012387289849177,-5.07002114296417e-08,185,0,0,2,3.784831460674157,-0.9166666666666666
JSWENERGY,NHPC,2.0,0.0,False,1070.2999999999986,595,0.9210084033613445,a,0.0011038122418871,3.4620503597804694e-07,579,0,0,16,2.032390510948903,-0.9244680851063839
KAYNES,NBCC,2.0,9.0,False,51.510000000000204,637,0.5934065934065934,b,0.0012845544721875,1.3203913400095942e-06,622,2,0,13,0.2728042328042329,-0.1992664092664086
JWL,RITES,2.0,0.0,False,355.97999999999973,690,0.5797101449275363,a,0.0027024489659999,7.714253713654392e-07,645,0,0,45,1.7413249999999996,-1.1743103448275882
CONCOR,IREDA,2.0,0.0,False,512.45,299,0.9498327759197325,a,0.0009083435817599,-9.577906671668073e-08,294,0,0,5,1.8258802816901412,-0.4066666666666644
CDSL,PFC,2.0,0.0,False,2299.6000000000017,776,0.8079896907216495,a,0.0010462904716099,1.0921521646388217e-06,739,0,0,37,4.180701754385967,-2.159060402684564
UNIONBANK,YESBANK,2.0,2.5,False,3.640000000000043,497,0.4768611670020121,b,0.001057666788757,8.207160419125095e-07,360,135,0,2,0.04080168776371331,-0.023192307692307738
GRSE,IRCON,2.0,0.0,False,5188.899999999993,688,0.7369186046511628,a,0.0017777538293414,-1.1793603629801534e-06,653,0,0,35,12.605325443786993,-6.640883977900546
CAMS,IREDA,2.0,8.5,False,84.21000000000046,764,0.6086387434554974,b,0.0010440885808073,3.62782902446995e-07,730,5,0,29,0.36096774193548464,-0.27973244147157106
IOB,MAHABANK,2.0,15.0,False,58.06000000000006,459,0.9193899782135077,a,0.0010230730332737,1.15794494509805e-06,431,1,0,27,0.14409952606635085,-0.07432432432432423
CDSL,TATAPOWER,2.0,6.5,False,77.49999999999972,624,0.5272435897435898,b,0.0009686594304778,8.590683159804573e-07,585,12,0,27,0.8139817629179321,-0.6450847457627117
KPITTECH,TCS,2.0,0.0,False,1360.2999999999984,621,0.782608695652174,a,0.0051168383943716,-6.3917500802722005e-06,562,0,0,59,3.765843621399177,-3.480740740740743
CDSL,HDFCAMC,4.5,5.0,False,21.000000000000455,10,0.6,b,0.000990522120764,-2.632717810771721e-07,7,3,0,0,10.35000000000006,-10.274999999999977
CDSL,SUZLON,2.0,0.0,False,1775.8999999999985,387,0.9302325581395349,a,0.0009802685274295,2.90045728568508e-07,378,0,0,9,5.004166666666664,-0.9481481481481701
IRCTC,RVNL,2.0,0.0,False,1117.9500000000023,888,0.963963963963964,a,0.00019967006483109277,-7.3182842154959485e-09,888,0,0,0,1.3208528037383207,-0.3968750000000174
GRSE,NBCC,2.0,12.0,False,31.729999999999748,649,0.5577812018489985,b,0.001430497333572,3.0146452929981312e-06,615,3,0,31,0.2699171270718226,-0.22989547038327537
AUROPHARMA,LUPIN,2.0,0.0,False,2905.1000000000085,988,0.9180161943319838,a,0.0003933059667404069,-5.382935540886256e-08,979,0,0,9,3.263175303197365,-0.6740740740740757
ADANIPORTS,GMRAIRPORT,2.0,5.0,False,40.139999999999816,561,0.5775401069518716,b,0.0008579393809034,1.467722797571062e-07,527,26,0,8,0.23935185185185162,-0.15784810126582324
HCLTECH,TATAELXSI,6.0,0.0,False,120.19999999999982,7,0.8571428571428571,b,0.0008972923374846,9.531455665133876e-07,7,0,0,0,22.283333333333303,-13.5
JSWSTEEL,NATIONALUM,3.0,6.0,False,57.449999999999875,171,0.5555555555555556,b,0.0008223396959825,4.3816216819741604e-07,148,14,0,9,1.5715789473684205,-1.2085526315789483
ANGELONE,IREDA,2.0,0.0,False,184.12999999999965,794,0.7052896725440806,b,0.0014099017526959,-1.1697747608824723e-06,758,0,0,36,0.417071428571428,-0.21123931623931724
CGPOWER,MAZDOCK,2.0,0.0,False,1317.3499999999995,568,0.8644366197183099,a,0.0012238188367136,-2.4687373469001747e-08,543,0,0,25,2.827494908350304,-0.921428571428569
HAL,IRFC,2.5,4.0,False,7.429999999999964,114,0.47368421052631576,b,0.0009769453687469,-2.409236809088462e-07,107,7,0,0,0.406296296296296,-0.24183333333333365
DLF,PFC,2.0,0.0,False,735.4999999999993,890,0.7730337078651686,b,0.0011587393264924,-9.042620117596414e-07,849,0,0,41,1.2879360465116265,-0.7455445544554457
JINDALSTEL,VEDL,2.0,0.0,False,151.98000000000036,845,0.5514792899408284,b,0.0009721079012029,6.512754395084796e-07,809,0,0,36,0.801437768240343,-0.5844063324538248
CHOLAFIN,SHRIRAMFIN,13.0,0.0,False,0.0,0,0.0,b,0.0010461323643763,8.566894169641569e-07,0,0,0,0,0.0,0.0
NBCC,TITAGARH,2.0,0.0,False,1458.700000000002,836,0.7308612440191388,b,0.0013379007776402,-1.694013422075502e-05,787,0,0,49,3.048117839607205,-1.7942222222222215
CDSL,HUDCO,2.0,0.0,False,2306.8,578,0.9134948096885813,a,0.0009573380754389,8.356449867107826e-07,552,0,0,26,4.566477272727272,-2.08599999999999
ABCAPITAL,CDSL,2.0,0.0,False,773.8,913,0.5728368017524644,b,0.0010746558811879,-3.298703725686436e-06,855,0,0,58,3.7751434034416835,-3.07846153846154
BAJAJ-AUTO,TMPV,2.0,0.0,False,309.8499999999993,934,0.6134903640256959,b,0.0007894680636366,-4.692066011881761e-06,887,0,0,47,0.9541012216404884,-0.6560941828254858
EXIDEIND,NBCC,2.0,0.0,False,101.69999999999993,80,0.9375,a,0.0009779891876288,1.636584887758374e-07,80,0,0,0,1.3779999999999994,-0.33000000000000684
CDSL,LTF,2.0,0.0,False,2945.3000000000065,801,0.8913857677902621,a,0.0009881792335933,-1.8739180637800084e-08,755,0,0,46,4.382633053221296,-2.113793103448282
LTF,RECLTD,2.0,0.0,False,896.4999999999998,860,0.9104651162790698,a,0.0011350029288311,2.455035759969574e-06,811,0,0,49,1.2071902937420167,-0.6328571428571406
BHEL,RVNL,2.0,0.0,False,744.8899999999998,651,0.9539170506912442,a,0.0011150452156518,2.061772808009861e-06,635,0,0,16,1.2294847020933972,-0.6206666666666639
DIVISLAB,LAURUSLABS,2.0,0.0,False,10453.0,915,0.7868852459016393,a,0.0008268699602755,1.0360227904480526e-05,863,0,0,52,17.160416666666666,-9.756410256410257
BANKBARODA,IREDA,2.0,0.0,False,367.9499999999996,381,0.9501312335958005,a,0.0009411897479232,-3.649211341368932e-08,372,0,0,9,1.0317403314917115,-0.29157894736841616
GLENMARK,ZYDUSLIFE,2.0,0.0,False,785.8499999999989,900,0.66,b,0.0010613266365208,-3.635349589396883e-06,855,0,0,45,2.012962962962962,-1.3393790849673233
NBCC,NHPC,2.0,0.0,False,108.24000000000012,741,0.7678812415654521,b,0.0012790960594202,-5.216651959043863e-06,707,0,0,34,0.2217398945518455,-0.10424418604651142
EICHERMOT,TMPV,5.0,0.0,True,24.999999999999943,142,0.4225352112676056,b,0.000773242176354,-3.3161596615626245e-06,77,0,49,16,1.5658333333333379,-0.8408536585365893
GRASIM,ULTRACEMCO,15.0,0.0,True,11.0,10,0.3,b,0.0012378077361294,2.593672738348049e-06,3,0,5,2,146.66666666666666,-61.285714285714285
CANBK,IRFC,2.0,0.0,False,386.5899999999989,776,0.9471649484536082,a,0.0009591227011237,4.52046759717269e-06,741,0,0,35,0.5397551020408147,-0.2470731707317065
AMBER,PGEL,2.0,6.0,False,314.2999999999999,821,0.5237515225334958,b,0.0011658680847879,-1.3591854300719547e-06,754,35,0,32,2.28813953488372,-1.712531969309462
JWL,MAZDOCK,2.5,0.0,False,236.5100000000001,566,0.519434628975265,a,0.0028003977351492,1.8673337885906543e-06,518,0,0,48,2.2425850340136044,-1.5544485294117651
ADANIENT,MAZDOCK,2.0,9.5,False,656.5999999999999,706,0.5042492917847026,b,0.0010182419619148,4.790158378725711e-06,648,16,0,42,8.992977528089888,-7.271142857142857
ADANIENSOL,JSWENERGY,2.0,10.5,False,231.4000000000005,724,0.5345303867403315,b,0.0011987423446319,3.674548892958437e-07,695,4,0,25,1.4755813953488386,-1.0078635014836794
BEL,BEML,2.0,7.0,False,707.100000000001,339,0.5781710914454278,b,0.0010830216668046,-1.112946318255284e-06,325,5,0,9,6.818367346938778,-4.400699300699297
GRSE,IRFC,2.0,0.0,False,7624.400000000009,692,0.8598265895953757,a,0.0015085302080799,-4.296512672050033e-07,660,0,0,32,13.802352941176485,-6.061855670103091
EXIDEIND,IREDA,2.0,0.0,False,560.7999999999984,690,0.8942028985507247,a,0.000849198244397,-9.70170554509619e-07,663,0,0,27,0.9667747163695277,-0.48904109589041234
DLF,MAZDOCK,2.0,0.0,False,676.5500000000009,330,0.8757575757575757,a,0.0010586960853547,1.4561516697080964e-08,325,0,0,5,2.436159169550175,-0.6707317073170649
MAZDOCK,RAILTEL,2.0,8.5,False,243.01999999999973,577,0.6169844020797227,b,0.0012381305509069,-8.239805084907898e-07,555,5,0,17,1.2436797752808972,-0.903755656108596
IREDA,JSWENERGY,2.0,15.5,False,517.3499999999996,864,0.6192129629629629,b,0.0010833833526161,1.311172214927925e-06,821,1,0,42,1.597570093457942,-1.025379939209727
OBEROIRLTY,PHOENIXLTD,2.0,0.0,False,3874.1000000000067,810,0.8962962962962963,a,0.0010351208634883,3.78507924347522e-06,765,0,0,45,5.631818181818186,-2.5547619047619143
CANBK,LTF,2.0,0.0,False,695.7199999999985,868,0.8214285714285714,b,0.0013051369471393,2.967088677746189e-06,826,0,0,42,1.1099158485273488,-0.6170967741935502
INDHOTEL,IREDA,2.0,0.0,False,1366.949999999999,692,0.9378612716763006,a,0.0008687445490438,1.2708875063798305e-07,663,0,0,29,2.1521571648690285,-0.693023255813963
AUROPHARMA,ZYDUSLIFE,2.0,9.0,False,209.2999999999996,600,0.5433333333333333,b,0.0010035766322809,-1.029759631816858e-07,569,4,0,27,1.6038343558282184,-1.1443430656934293
BANKINDIA,IDBI,2.0,0.0,False,434.8799999999994,859,0.89988358556461,a,0.001061984096513,3.110896247613311e-07,818,0,0,41,0.5952652005174642,-0.293720930232559
BIOCON,LAURUSLABS,2.0,0.0,False,715.1499999999992,926,0.7742980561555075,a,0.000978548574384,1.82161254805363e-06,890,0,0,36,1.1776847977684786,-0.6184210526315816
CANBK,IDFCFIRSTB,10.0,11.0,False,-1.0900000000000034,17,0.5294117647058824,b,0.0011370398409855,4.080780991531903e-06,7,10,0,0,0.16666666666666588,-0.32374999999999954
LODHA,NBCC,4.5,5.0,False,2.969999999999999,58,0.5172413793103449,b,0.0012303451046635,1.824786882320016e-06,39,19,0,0,0.39499999999999935,-0.31714285714285645
