pair,num_chunks,hl_max,hl_medoid,hl_std
PFC-RECLTD,4,1419.07,463.51,513.83
BDL-MAZDOCK,4,3179.69,1888.76,988.04
GRSE-MAZDOCK,4,1229.94,772.96,367.4
BANKBARODA-CANBK,4,1000.71,566.8,247.03
BPCL-HINDPETRO,4,2017.15,579.4,739.4
CANBK-PNB,4,699.15,405.15,191.42
IRFC-RVNL,4,677.27,383.73,142.67
BPCL-IOC,4,980.11,396.47,295.08
INFY-TCS,4,1905.97,387.52,677.58
BANKINDIA-CANBK,4,1097.72,956.96,213.58
BEL-HAL,4,1656.05,669.98,539.19
COCHINSHIP-GRSE,4,704.47,385.7,133.69
BDL-HAL,4,1216.05,744.41,360.31
BANKINDIA-UNIONBANK,4,1746.58,428.27,592.09
HAL-MAZDOCK,4,1694.5,1250.54,239.76
ADANIENT-ADANIGREEN,4,2655.69,297.85,989.35
IREDA-IRFC,4,801.84,585.83,229.78
HINDPETRO-IOC,4,1833.01,841.02,504.39
BANKINDIA-PNB,4,1123.5,499.05,287.77
BANKBARODA-PNB,4,628.8,318.34,147.9
CANBK-UNIONBANK,4,1288.83,1251.65,387.27
BEL-MAZDOCK,4,2608.6,2089.41,683.98
ADANIENSOL-ADANIGREEN,4,1312.34,1121.61,327.65
BANKBARODA-BANKINDIA,4,1228.25,515.05,395.6
BDL-BEL,4,1104.78,805.13,218.4
COCHINSHIP-MAZDOCK,4,1853.67,506.75,606.32
DLF-GODREJPROP,4,1013.88,435.14,255.88
BDL-GRSE,4,4091.27,571.56,1552.45
PNB-UNIONBANK,4,1070.04,954.89,57.38
HINDZINC-VEDL,4,1948.86,1040.98,457.75
NATIONALUM-VEDL,4,2243.43,1326.5,612.86
BANKBARODA-UNIONBANK,4,1208.9,714.55,403.31
IRCON-RVNL,4,1135.25,338.83,335.48
BANKINDIA-INDIANB,4,384.43,373.89,10.98
ADANIENT-ADANIPORTS,4,862.17,496.99,165.08
DATAPATTNS-GRSE,4,30583.02,526.39,12929.34
HCLTECH-TCS,4,1091.52,524.79,285.49
BSE-CDSL,4,6337.21,1913.3,2196.7
IREDA-RVNL,4,1012.26,542.28,270.1
HINDZINC-NATIONALUM,4,4036.37,1330.54,1347.87
GRAPHITE-HEG,4,1063.12,1011.3,199.97
INDIANB-UNIONBANK,4,894.7,565.27,199.89
HINDALCO-NATIONALUM,4,1174.44,711.91,336.59
IRCON-RAILTEL,4,777.69,120.64,270.72
COFORGE-PERSISTENT,4,4755.56,645.79,1819.88
HCLTECH-INFY,4,868.45,517.09,224.18
IRCON-IRFC,4,380.82,291.23,100.47
CHENNPETRO-MRPL,4,1117.21,577.58,315.66
NBCC-RVNL,4,2665.1,1126.64,812.6
JSWSTEEL-TATASTEEL,4,1232.0,989.71,388.12
TCS-WIPRO,4,9635.36,653.98,3855.21
CANBK-INDIANB,4,2055.73,1275.68,616.97
NMDC-TATASTEEL,4,1050.11,864.63,260.38
DLF-PRESTIGE,4,573.32,249.6,141.11
INFY-WIPRO,4,2206.93,825.4,741.52
IREDA-NBCC,4,1540.12,1384.26,441.35
ADANIENSOL-ADANIENT,4,1138.24,589.77,265.1
IREDA-RECLTD,4,814.18,518.71,193.01
JINDALSTEL-TATASTEEL,4,818.77,724.25,82.22
CANBK-SBIN,4,1196.69,1000.51,301.66
IRFC-NBCC,4,13579.76,2623.91,5392.98
BANKBARODA-INDIANB,4,8706.52,370.58,3516.52
HCLTECH-TECHM,4,1639.25,549.87,476.75
DLF-LODHA,4,742.09,633.51,75.53
INDIANB-PNB,4,2510.36,436.22,933.32
GODREJPROP-PRESTIGE,4,1448.22,546.11,435.31
BDL-COCHINSHIP,4,2528.07,2507.1,936.25
BEL-GRSE,4,1871.81,905.84,539.42
DATAPATTNS-MAZDOCK,4,9413.53,421.85,3804.67
TCS-TECHM,4,4530.44,804.73,1660.86
HINDALCO-VEDL,4,1125.45,566.49,284.24
IRCON-JWL,4,1153.47,410.38,362.48
GODREJPROP-LODHA,4,1195.86,389.65,352.38
BANKBARODA-SBIN,4,1354.26,567.3,339.17
HINDALCO-TATASTEEL,4,1881.77,559.87,547.45
INFY-TECHM,4,1362.87,1037.28,434.84
COFORGE-MPHASIS,4,3022.58,577.27,1138.72
ABCAPITAL-LTF,4,732.24,432.96,192.06
GRSE-HAL,4,1462.4,448.19,454.2
NATIONALUM-NMDC,4,2556.59,1387.28,550.59
DLF-OBEROIRLTY,4,2495.68,712.72,845.1
JBCHEPHARM-TORNTPHARM,4,337.63,66.94,111.1
GODREJPROP-OBEROIRLTY,4,1798.72,873.46,444.33
IRFC-RECLTD,4,1414.33,663.45,401.5
RAILTEL-RVNL,4,332.25,259.12,73.53
BSE-MCX,4,2056.52,1491.06,453.25
HCLTECH-WIPRO,4,2331.26,900.04,705.68
MAZDOCK-RVNL,4,1326.11,822.99,307.4
INOXWIND-SUZLON,4,1773.79,758.67,469.13
INOXWIND-IREDA,4,3999.45,1834.28,1396.17
HUDCO-IREDA,4,1699.61,747.02,467.68
PNB-SBIN,4,1250.91,518.2,362.0
COFORGE-INFY,4,3459.57,2305.12,1281.88
TECHM-WIPRO,4,1365.68,1320.68,509.23
MPHASIS-PERSISTENT,4,1383.57,536.72,428.56
IRFC-RAILTEL,4,613.53,274.09,173.56
SAIL-TATASTEEL,4,5490.64,708.15,2197.52
COFORGE-TECHM,4,4486.59,1117.16,1524.2
BAJAJFINSV-BAJFINANCE,4,1034.79,400.63,280.97
CDSL-IREDA,4,2215.64,876.4,707.74
ANGELONE-BSE,4,2405.11,1519.7,678.73
COFORGE-TCS,4,3334.53,1719.71,1061.53
BDL-DATAPATTNS,4,1590.11,1123.27,330.19
COCHINSHIP-DATAPATTNS,4,2320.78,859.61,673.35
BANKINDIA-SBIN,4,908.36,468.05,212.02
ADANIGREEN-ADANIPORTS,4,683.99,561.07,188.51
INOXWIND-NBCC,4,2986.72,528.81,1063.47
HEROMOTOCO-TVSMOTOR,4,2214.62,1014.48,696.31
IREDA-PFC,4,669.96,446.54,129.5
JINDALSTEL-JSWSTEEL,4,825.19,458.61,268.66
LODHA-PRESTIGE,4,979.34,360.84,280.59
JINDALSTEL-NMDC,4,3162.96,816.35,1010.72
IREDA-JIOFIN,4,1794.49,822.27,508.2
HINDCOPPER-HINDZINC,4,5236.98,1047.5,2025.6
IRCON-RITES,4,247.33,210.53,38.89
IRFC-MAZDOCK,4,3659.55,548.69,1367.57
IRCON-TITAGARH,4,2537.89,1081.47,916.0
HINDALCO-HINDZINC,4,3238.33,1387.82,1098.19
COFORGE-WIPRO,4,3099.59,1193.69,951.14
IRCON-IREDA,4,1735.3,420.13,568.94
IREDA-SUZLON,4,1792.39,603.2,521.93
ANGELONE-CDSL,4,5919.13,1215.34,2316.67
NATIONALUM-TATASTEEL,4,1554.41,895.46,352.9
CDSL-IRFC,4,1656.34,839.35,372.71
EICHERMOT-HEROMOTOCO,4,6280.79,1248.22,2367.86
HUDCO-NBCC,4,1303.97,737.44,450.13
OBEROIRLTY-PRESTIGE,4,29564.18,771.57,12481.44
NTPC-POWERGRID,4,6376.13,335.18,2650.9
COFORGE-HCLTECH,4,2999.32,999.88,1109.43
HUDCO-IRFC,4,1481.86,717.33,428.49
ADANIGREEN-ADANIPOWER,4,4606.95,2502.45,1391.61
BAJAJ-AUTO-HEROMOTOCO,4,4200.15,1248.37,1207.3
TATASTEEL-VEDL,4,3987.25,1357.76,1367.23
COFORGE-OFSS,4,3624.45,539.32,1360.86
SBIN-UNIONBANK,4,5028.15,1130.6,1878.02
MAZDOCK-NBCC,4,2500.87,873.82,705.1
COFORGE-LTM,4,2035.09,283.34,734.59
IREDA-MAZDOCK,4,1463.14,601.03,410.79
INOXWIND-IRFC,4,3951.76,787.57,1411.27
JWL-TITAGARH,4,667.9,360.13,177.12
BEML-COCHINSHIP,4,1655.36,479.94,578.43
PERSISTENT-TECHM,4,912.06,604.21,143.46
BEL-COCHINSHIP,4,2390.98,725.96,827.81
RVNL-TITAGARH,4,1880.15,381.47,723.75
IRFC-PFC,4,1471.94,462.52,424.68
JWL-RVNL,4,747.77,409.97,180.13
BEML-MAZDOCK,4,1992.26,1427.5,686.86
BDL-RVNL,4,1961.78,1578.76,745.32
NMDC-VEDL,4,1017.55,857.82,236.07
COCHINSHIP-HAL,4,2148.41,1032.54,659.69
BEML-GRSE,4,1192.74,537.36,329.71
IRFC-SUZLON,4,8442.75,1170.41,3139.92
NBCC-RECLTD,4,856.88,571.18,172.75
CDSL-NBCC,4,3181.18,482.66,1126.19
BAJAJ-AUTO-EICHERMOT,4,3029.17,756.23,1101.47
EICHERMOT-TVSMOTOR,4,938.07,542.19,202.28
MAZDOCK-SUZLON,4,2018.43,914.98,567.91
LODHA-OBEROIRLTY,4,2651.35,1100.81,811.64
JIOFIN-NBCC,4,1791.54,1016.21,537.93
M&M-MARUTI,4,785.72,657.14,139.93
JBMA-OLECTRA,4,1413.62,729.66,499.72
ADANIENT-AMBUJACEM,4,2648.93,1744.14,821.42
OFSS-PERSISTENT,4,1361.41,1090.12,349.76
PREMIERENE-WAAREEENER,4,793.94,449.98,190.14
NBCC-SUZLON,4,1526.05,1464.14,528.48
MPHASIS-TECHM,4,1899.3,605.6,549.71
MAZDOCK-SOLARINDS,4,1081.9,638.22,255.51
IRFC-JIOFIN,4,5571.56,1080.06,2065.44
HINDCOPPER-NATIONALUM,4,1958.15,1033.14,532.91
CDSL-JIOFIN,4,3334.64,1273.59,1183.64
IDEA-INDUSTOWER,4,1072.31,848.91,311.13
CANBK-RECLTD,4,1876.62,674.77,610.0
BDL-NBCC,4,4861.62,3173.18,1447.32
BEL-DATAPATTNS,4,1755.93,686.74,489.41
HINDZINC-NMDC,4,3436.9,1498.28,951.13
MPHASIS-OFSS,4,852.45,381.88,203.11
INFY-PERSISTENT,4,978.65,765.89,138.27
INOXWIND-RVNL,4,5175.36,2681.37,1789.43
JIOFIN-RECLTD,4,1553.94,1491.57,414.0
KPITTECH-TATAELXSI,4,1281.91,963.96,320.06
JWL-RAILTEL,4,643.14,259.97,171.57
PERSISTENT-TCS,4,2772.69,1185.21,862.87
RECLTD-RVNL,4,2355.46,1098.99,643.89
NMDC-SAIL,4,987.02,954.97,271.79
HINDALCO-NMDC,4,1082.85,780.93,150.56
KEI-POLYCAB,4,354.96,219.78,72.95
ADANIGREEN-TATAPOWER,4,15152.09,736.23,6158.51
HCLTECH-PERSISTENT,4,1858.15,461.11,618.77
BAJAJ-AUTO-TVSMOTOR,4,1931.97,439.62,711.96
COFORGE-TATAELXSI,4,3765.15,1976.32,1258.45
BDL-BEML,4,3138.28,1416.15,861.77
IRFC-TITAGARH,4,2419.08,827.9,828.31
INOXWIND-MAZDOCK,4,51969.7,1080.2,22102.0
OIL-ONGC,4,3344.4,1624.48,1216.73
HUDCO-RECLTD,4,1330.46,773.22,399.09
IRCON-NBCC,4,2111.92,1799.14,682.43
DLF-NBCC,4,1758.37,619.27,489.72
IRFC-JWL,4,795.94,527.36,203.71
CDSL-MCX,4,842.25,512.06,141.68
M&M-TVSMOTOR,4,1181.73,385.3,340.97
BDL-IREDA,4,1852.25,748.64,512.14
PERSISTENT-WIPRO,4,2299.15,773.46,671.29
EICHERMOT-MARUTI,4,9522.45,958.15,3856.0
MPHASIS-TCS,4,819.56,582.92,174.09
ACC-AMBUJACEM,4,912.87,182.91,340.89
DATAPATTNS-HAL,4,1301.05,647.3,337.6
COFORGE-KPITTECH,4,3647.45,1431.54,1043.63
LTM-PERSISTENT,4,7876.29,748.89,3147.41
IRCTC-IRFC,4,590.92,509.97,55.98
RECLTD-TATAPOWER,4,7801.35,1054.91,2925.01
DLF-PHOENIXLTD,4,1857.15,1024.53,654.73
RVNL-SUZLON,4,4585.68,2486.05,1594.26
EICHERMOT-M&M,4,8766.47,942.06,3460.61
DLF-IREDA,4,4051.69,1121.13,1343.67
ADANIENSOL-ADANIPOWER,4,2215.25,814.74,674.44
COCHINSHIP-RVNL,4,1726.86,755.08,448.56
GODREJPROP-PHOENIXLTD,4,3705.33,1778.6,1314.18
MOTHERSON-TMPV,4,638.35,483.97,133.81
ADANIENSOL-ADANIPORTS,4,3001.87,1307.67,1146.98
BDL-SOLARINDS,4,1494.6,470.1,431.55
IREDA-RAILTEL,4,1098.53,428.54,292.55
OFSS-TATAELXSI,4,1057.44,732.01,164.79
BEL-RVNL,4,1437.79,1060.9,330.58
JIOFIN-RVNL,4,1569.34,1329.77,411.41
JSWSTEEL-NMDC,4,1663.65,980.48,509.37
NHPC-TATAPOWER,4,3338.68,738.84,1269.19
HAL-RVNL,4,3084.19,938.33,963.79
LTM-MPHASIS,4,1490.31,206.18,555.91
HINDALCO-JSWSTEEL,4,2213.31,564.17,709.48
LTM-TECHM,4,3761.13,699.79,1350.95
GRSE-ZENTEC,4,1382.03,846.15,383.36
IREDA-TATAPOWER,4,1690.75,705.39,510.31
INFY-MPHASIS,4,841.17,317.65,226.16
MPHASIS-WIPRO,4,746.48,545.1,109.17
HDFCLIFE-SBILIFE,4,1019.96,631.95,205.34
CANBK-PFC,4,2676.75,778.46,841.28
HEROMOTOCO-M&M,4,2188.72,425.39,766.41
CAMS-CDSL,4,751.49,366.97,162.55
RITES-RVNL,4,524.97,306.73,141.89
KAYNES-PGEL,4,1241.95,1008.49,343.13
CDSL-RECLTD,4,869.29,822.12,144.95
BANKINDIA-CENTRALBK,4,1199.0,744.5,292.53
BAJAJ-AUTO-M&M,4,3849.78,1073.57,1341.31
PERSISTENT-TATAELXSI,4,2642.42,483.17,942.39
JSWENERGY-TATAPOWER,4,2844.96,881.57,1012.6
INDIANB-SBIN,4,2104.1,978.74,501.36
CDSL-MAZDOCK,4,2263.3,839.06,587.18
GAIL-IOC,4,2357.53,1042.56,776.56
BDL-IRFC,4,1102.69,424.26,335.45
BANKINDIA-RECLTD,4,4754.02,606.81,1815.79
BHEL-MAZDOCK,4,2713.98,1786.6,768.32
HINDZINC-TATASTEEL,4,2940.13,1799.31,824.5
CENTRALBK-MAHABANK,4,1058.56,454.04,342.92
GODREJPROP-NBCC,4,4280.82,2367.91,1489.43
PFC-TATAPOWER,4,15670.41,737.89,6487.4
M&M-TMPV,4,1140.49,639.15,308.69
HUDCO-RVNL,4,1605.82,1110.56,326.76
CENTRALBK-IOB,4,935.1,579.95,298.25
PNB-RECLTD,4,2842.37,1519.39,987.45
BANKINDIA-MAHABANK,4,2750.1,407.78,985.85
ABB-SIEMENS,4,3210.34,631.47,1141.06
IRCON-MAZDOCK,4,3514.9,1281.17,1289.9
ABCAPITAL-IREDA,4,683.0,629.56,51.58
CDSL-RVNL,4,1910.11,1028.23,419.88
CANBK-IREDA,4,2884.11,1337.29,854.12
HEROMOTOCO-MARUTI,4,1592.82,950.03,493.77
NBCC-PFC,4,836.6,823.71,102.3
CANBK-CENTRALBK,4,2203.24,497.13,733.27
HCLTECH-MPHASIS,4,528.43,287.95,151.41
CENTRALBK-PNB,4,69624.87,313.15,30036.08
BDL-SUZLON,4,3602.56,2041.61,888.65
JIOFIN-MAZDOCK,4,1524.42,1372.13,299.07
LTM-TCS,4,707.12,570.24,155.29
JINDALSTEL-NATIONALUM,4,1134.07,972.88,209.69
LTM-WIPRO,4,9628.99,503.29,3992.19
BANKINDIA-IREDA,4,7891.2,1120.41,3089.23
HDFCBANK-ICICIBANK,4,1293.92,654.04,377.66
IRFC-RITES,4,304.85,230.5,57.75
INFY-LTM,4,1091.3,706.76,243.81
BANKBARODA-RECLTD,4,3010.08,1461.4,1033.01
BEL-BHEL,4,2458.84,734.75,875.67
TATAELXSI-TATATECH,4,9403.06,295.54,3774.54
NTPC-TATAPOWER,4,7141.18,422.94,2916.19
BANKINDIA-RBLBANK,4,4653.53,749.44,1768.79
HCLTECH-LTM,4,689.37,432.77,144.99
OFSS-TECHM,4,1601.5,876.71,381.24
RAILTEL-RITES,4,241.55,122.05,57.44
JINDALSTEL-SAIL,4,766.81,651.93,131.98
BEML-DATAPATTNS,4,2225.66,450.11,750.79
DLF-IRFC,4,2688.53,412.4,967.8
OFSS-WIPRO,4,1669.63,789.55,412.59
ADANIGREEN-IREDA,4,6095.08,1459.08,2058.34
IREDA-SJVN,4,829.4,408.04,204.14
ETERNAL-SWIGGY,4,1024.19,546.74,238.41
DLF-RECLTD,4,3414.98,1069.82,1138.21
DLF-JIOFIN,4,876.28,746.66,261.53
INOXWIND-JIOFIN,4,2459.64,765.41,817.94
ADANIENSOL-TATAPOWER,4,3037.78,1096.16,867.69
INOXWIND-RECLTD,4,2803.48,2227.9,866.71
CENTRALBK-UCOBANK,4,1472.3,220.31,570.54
GAIL-TATAPOWER,4,1355.38,363.55,447.47
MPHASIS-TATAELXSI,4,528.03,503.55,44.45
MAZDOCK-ZENTEC,4,1371.68,931.53,322.8
IRCTC-IREDA,4,1371.21,1037.81,345.71
JIOFIN-SUZLON,4,1918.29,1107.56,518.73
BAJFINANCE-CHOLAFIN,4,2443.11,1246.79,816.53
TATAELXSI-WIPRO,4,6554.22,433.89,2592.05
BDL-INOXWIND,4,2956.71,1791.16,913.57
GODREJPROP-IREDA,4,9085.24,2977.23,3460.92
AMBER-DIXON,4,5281.4,3054.87,1678.35
GRSE-RVNL,4,1634.83,1013.74,365.49
TATAELXSI-TCS,4,6800.71,460.29,2643.26
ADANIENT-ADANIPOWER,4,2818.09,660.91,1115.41
COCHINSHIP-NBCC,4,3046.61,720.0,1018.6
IREDA-NHPC,4,689.28,388.55,128.15
HAL-NBCC,4,1986.69,1417.28,330.48
OFSS-TCS,4,1156.69,973.39,344.06
ADANIENT-JIOFIN,4,6674.11,1239.73,2496.21
JIOFIN-PFC,4,1620.02,1382.51,247.28
IREDA-TITAGARH,4,1334.38,697.83,370.79
KPITTECH-MPHASIS,4,924.65,478.12,187.01
ABCAPITAL-JIOFIN,4,705.74,675.04,124.4
CANBK-JIOFIN,4,1982.52,1220.19,428.62
KPITTECH-OFSS,4,1443.77,898.05,403.94
BANKINDIA-PFC,4,3513.4,762.69,1214.61
HINDALCO-JINDALSTEL,4,1728.38,501.38,549.82
BAJFINANCE-SHRIRAMFIN,4,1057.28,858.19,173.74
KPITTECH-PERSISTENT,4,1779.02,1142.53,430.84
BHEL-INOXWIND,4,4862.62,1436.63,1641.51
POWERGRID-TATAPOWER,4,797.78,274.08,256.66
MAHABANK-PNB,4,1272.59,737.78,228.13
ADANIPORTS-AMBUJACEM,4,1983.76,1505.09,668.51
TATAELXSI-TECHM,4,4198.54,872.06,1474.02
PFC-PNB,4,3279.33,923.0,1153.89
ADANIGREEN-NHPC,4,11417.96,2453.31,4132.09
NBCC-TATAPOWER,4,2563.33,989.14,771.04
CDSL-DLF,4,1399.16,781.95,269.9
IREDA-LICHSGFIN,4,1597.32,679.61,396.37
BANKBARODA-CENTRALBK,4,1278.83,803.82,359.42
BHEL-IREDA,4,2179.05,843.17,594.87
PNB-YESBANK,4,1290.46,598.02,383.04
INFY-OFSS,4,1041.27,639.24,328.07
MAZDOCK-TITAGARH,4,2491.49,839.33,814.66
PFC-RVNL,4,2513.44,486.51,865.93
HUDCO-PFC,4,1523.3,876.25,350.39
IREDA-PNB,4,906.96,728.0,164.12
ADANIGREEN-JSWENERGY,4,7486.41,3563.55,2695.31
DIXON-KAYNES,4,1427.22,622.02,384.66
CANBK-MAHABANK,4,1637.36,1033.06,358.07
ADANIENT-TATAPOWER,4,2689.63,763.9,963.72
GMRAIRPORT-IREDA,4,1614.27,689.58,446.23
ADANIENT-IREDA,4,3076.36,1160.32,862.06
BEL-NBCC,4,2117.55,1151.0,528.99
IRFC-TATAPOWER,4,5945.16,663.14,2303.21
CDSL-INOXWIND,4,3253.11,703.73,1135.77
BHEL-SUZLON,4,10478.27,730.07,4280.86
RECLTD-SUZLON,4,7531.36,1232.52,2933.48
RAILTEL-TITAGARH,4,728.07,181.05,230.76
IREDA-LTF,4,1037.63,789.51,203.22
MARUTI-TVSMOTOR,4,1123.76,761.82,300.0
HAL-SOLARINDS,4,1570.37,876.24,448.08
BANKINDIA-YESBANK,4,821.5,604.75,109.29
BHEL-NBCC,4,6332.14,771.6,2349.94
CDSL-KFINTECH,4,1591.63,566.46,440.67
CANBK-YESBANK,4,1422.92,1202.98,431.89
CENTRALBK-UNIONBANK,4,580.39,492.67,71.0
BAJAJ-AUTO-MARUTI,4,3571.59,1896.89,1169.26
MAHABANK-UNIONBANK,4,901.25,383.96,249.09
IOC-PETRONET,4,1335.83,811.16,311.15
COCHINSHIP-IREDA,4,1462.13,931.46,332.42
CANBK-RBLBANK,4,2295.46,1272.82,673.7
BDL-CDSL,4,5307.49,1580.13,1772.91
NBCC-RAILTEL,4,1006.49,469.19,285.98
LAURUSLABS-ZYDUSLIFE,4,1969.17,1217.85,354.01
JIOFIN-TATAPOWER,4,1655.89,866.01,523.7
ABCAPITAL-BANKINDIA,4,2580.23,541.5,900.06
DLF-RVNL,4,2674.09,896.49,859.46
RECLTD-UNIONBANK,4,1509.9,983.45,363.47
CGPOWER-NBCC,4,4013.24,693.94,1604.25
LTM-OFSS,4,1005.62,521.29,273.14
LUPIN-ZYDUSLIFE,4,669.48,384.42,180.12
IREDA-JWL,4,838.59,504.81,171.33
ADANIGREEN-ATGL,4,9229.4,4779.62,3082.2
HCLTECH-OFSS,4,1005.38,420.82,296.26
BDL-BHEL,4,2906.85,2061.74,719.04
ABCAPITAL-CANBK,4,911.83,513.27,192.53
IRFC-NHPC,4,1465.72,755.63,405.78
BSE-IREDA,4,3140.52,959.82,928.6
ABCAPITAL-RECLTD,4,600.63,546.81,75.04
JINDALSTEL-VEDL,4,3464.02,505.93,1233.86
PHOENIXLTD-PRESTIGE,4,1805.88,1155.69,555.89
COCHINSHIP-IRCON,4,914.03,824.42,264.73
CANBK-NBCC,4,2246.19,1178.78,563.75
BANKINDIA-NBCC,4,4462.89,1572.38,1499.18
CDSL-PFC,4,844.82,737.11,107.79
IRFC-SJVN,4,2031.92,268.04,753.73
LICHSGFIN-RECLTD,4,1219.31,1020.95,220.67
BANKINDIA-IRFC,4,2229.44,1082.97,633.62
CDSL-HUDCO,4,2543.84,1699.62,915.86
BEL-IRFC,4,1033.58,837.33,216.41
INOXWIND-IRCON,4,4866.21,440.56,1903.09
MANAPPURAM-MUTHOOTFIN,4,1046.31,980.25,197.78
ADANIGREEN-AMBUJACEM,4,2855.16,2619.94,1053.18
BANDHANBNK-BANKINDIA,4,2084.76,1297.83,609.9
BAJFINANCE-JIOFIN,4,3103.43,1236.06,955.83
MARUTI-TMPV,4,1035.21,703.1,247.26
COFORGE-TATATECH,4,3768.4,1862.42,1330.51
BANKINDIA-JIOFIN,4,1705.58,1249.0,280.59
JIOFIN-PNB,4,1780.64,1518.32,423.81
CGPOWER-HAL,4,1922.66,597.94,652.03
ADANIPORTS-JIOFIN,4,4016.11,1009.11,1333.31
LTF-SHRIRAMFIN,4,1028.47,425.8,266.97
ANGELONE-IREDA,4,2274.04,915.92,633.52
CONCOR-IREDA,4,1109.67,705.84,313.22
PNB-RBLBANK,4,3637.77,964.77,1227.28
MAZDOCK-RECLTD,4,1096.77,822.48,173.34
CGPOWER-RVNL,4,918.91,770.66,214.25
LTM-TATAELXSI,4,3188.5,327.19,1261.21
COCHINSHIP-ZENTEC,4,2324.63,665.97,728.38
BHARATFORG-MOTHERSON,4,1101.24,582.0,288.76
GLENMARK-LAURUSLABS,4,825.48,345.3,214.03
NBCC-TITAGARH,4,700.6,599.54,126.49
HEROMOTOCO-MOTHERSON,4,1881.49,948.95,596.13
JIOFIN-LTF,4,1628.69,931.81,457.65
INFY-TATAELXSI,4,876.64,576.76,152.38
AUROPHARMA-LUPIN,4,1275.87,983.64,279.27
BEL-SOLARINDS,4,483.08,323.14,124.57
LODHA-PHOENIXLTD,4,4506.75,550.69,1633.8
HINDCOPPER-VEDL,4,1554.01,1365.77,463.33
CGPOWER-MAZDOCK,4,2681.44,1014.58,901.1
JIOFIN-RELIANCE,4,1068.65,755.07,172.4
HAL-IREDA,4,1682.34,934.11,456.1
CDSL-TATAPOWER,4,1846.85,1027.15,404.42
IRCTC-RVNL,4,650.16,482.62,185.9
HEROMOTOCO-TMPV,4,2107.59,896.99,616.11
UNIONBANK-YESBANK,4,1306.5,931.24,351.6
CDSL-LTF,4,2712.71,1390.86,879.6
CHOLAFIN-SHRIRAMFIN,4,989.04,912.52,217.59
COCHINSHIP-IRFC,4,1179.46,823.24,339.14
BSE-JIOFIN,4,3198.06,1194.91,968.84
CDSL-SUZLON,4,4115.29,1126.14,1392.07
BANKBARODA-MAHABANK,4,2597.31,628.71,875.56
DLF-PFC,4,4156.52,1634.15,1421.9
CAMS-IREDA,4,1155.33,983.43,320.85
GLENMARK-ZYDUSLIFE,4,1227.1,624.73,297.71
BDL-ZENTEC,4,2943.31,1764.96,778.84
ABCAPITAL-CDSL,4,593.83,324.28,133.27
CDSL-HDFCAMC,4,2785.94,762.79,888.57
JIOFIN-TMPV,4,1441.97,1395.95,349.84
BHEL-RVNL,4,1202.96,1015.14,236.07
BDL-IRCON,4,1391.33,881.43,413.91
DIXON-KALYANKJIL,4,1313.74,1159.84,370.65
ADANIENT-NBCC,4,32665.75,683.02,13723.75
BANKINDIA-IDBI,4,1134.14,720.06,247.47
LTF-RECLTD,4,879.86,493.61,188.7
HUDCO-INOXWIND,4,1300.24,1119.1,327.66
BEML-IRCON,4,597.46,296.4,153.61
BANKINDIA-LTF,4,2178.14,1040.14,596.19
CANBK-IRFC,4,1637.43,650.18,431.1
IOB-MAHABANK,4,1877.95,218.71,704.09
IDFCFIRSTB-PNB,4,1343.36,815.6,365.84
BDL-JIOFIN,4,4784.87,3542.27,1564.61
CANBK-LTF,4,1323.8,721.8,297.1
HAL-IRFC,4,1604.93,717.78,474.87
HCLTECH-TATAELXSI,4,847.01,503.44,170.43
JSWENERGY-NHPC,4,1121.54,631.75,253.43
INDHOTEL-JIOFIN,4,946.57,600.62,275.12
BEL-JIOFIN,4,2342.62,1544.96,623.17
CANBK-IDFCFIRSTB,4,2400.91,486.54,823.48
ADANIENSOL-JSWENERGY,4,9903.54,1815.78,4118.02
AUROPHARMA-ZYDUSLIFE,4,1272.04,716.5,277.59
GRSE-NBCC,4,1564.54,1015.24,308.1
JWL-MAZDOCK,4,3608.64,506.85,1344.39
ABCAPITAL-PFC,4,958.78,571.95,190.91
BANKBARODA-PFC,4,4483.15,802.09,1615.11
JWL-RITES,4,592.74,393.78,173.17
KPITTECH-TCS,4,1414.08,1221.83,412.47
IREDA-JSWENERGY,4,787.52,780.63,147.4
DIVISLAB-LAURUSLABS,4,1978.22,498.37,634.95
GMRAIRPORT-NBCC,4,1917.09,450.33,677.99
JIOFIN-LT,4,1364.71,921.11,201.7
EXIDEIND-IREDA,4,1957.93,1187.8,402.24
GRSE-IRCON,4,1040.5,611.58,201.96
DLF-MAZDOCK,4,3105.92,794.81,1022.23
BHEL-IRFC,4,3504.49,1200.89,1072.97
CGPOWER-IREDA,4,3735.72,876.54,1231.3
GODREJPROP-IRFC,4,3737.68,2125.31,1411.99
ADANIPOWER-ATGL,4,4615.67,841.26,1712.36
INDHOTEL-IREDA,4,4067.14,876.07,1479.68
CANBK-FEDERALBNK,4,1373.26,1182.74,238.09
BIOCON-LAURUSLABS,4,2618.19,1073.61,917.86
EXIDEIND-NBCC,4,3220.22,1003.66,1079.1
GRSE-IRFC,4,1037.17,544.1,219.35
HINDZINC-JINDALSTEL,4,2749.33,926.68,885.07
AMBUJACEM-ULTRACEMCO,4,730.57,554.44,120.86
BANKBARODA-IREDA,4,5943.24,1739.66,2110.74
ADANIPORTS-GMRAIRPORT,4,1731.41,1587.01,634.05
LODHA-NBCC,4,3080.62,1729.92,1000.22
ABCAPITAL-IRFC,4,652.83,647.72,180.7
ABCAPITAL-PNB,4,1491.18,640.67,418.26
PFC-RECLTD,6,727.54,316.81,226.4
BDL-MAZDOCK,6,2505.86,486.5,772.74
GRSE-MAZDOCK,6,2320.58,283.56,764.86
BANKBARODA-CANBK,6,560.5,264.93,137.55
BPCL-HINDPETRO,6,544.36,255.79,164.11
CANBK-PNB,6,527.99,201.16,164.27
IRFC-RVNL,6,918.49,511.71,242.24
BPCL-IOC,6,1014.68,195.68,317.76
INFY-TCS,6,963.59,290.8,295.94
BANKINDIA-CANBK,6,1503.17,447.62,454.55
BEL-HAL,6,1367.75,464.74,426.63
COCHINSHIP-GRSE,6,428.49,314.04,84.62
BDL-HAL,6,604.84,405.28,164.9
BANKINDIA-UNIONBANK,6,825.89,315.36,225.81
HAL-MAZDOCK,6,2257.49,540.44,706.2
ADANIENT-ADANIGREEN,6,1409.32,273.25,433.6
IREDA-IRFC,6,695.96,392.07,177.69
HINDPETRO-IOC,6,2832.31,795.14,1034.38
BANKINDIA-PNB,6,5038.35,325.31,1727.29
BANKBARODA-PNB,6,422.3,191.46,92.32
CANBK-UNIONBANK,6,1108.45,481.59,390.97
BEL-MAZDOCK,6,4647.64,1105.72,1589.9
ADANIENSOL-ADANIGREEN,6,933.26,648.23,251.16
BANKBARODA-BANKINDIA,6,404.32,259.27,60.29
BDL-BEL,6,1072.79,646.8,295.82
COCHINSHIP-MAZDOCK,6,1875.02,470.62,543.87
DLF-GODREJPROP,6,1008.7,420.05,309.9
BDL-GRSE,6,555.01,217.82,143.46
PNB-UNIONBANK,6,2629.41,624.12,779.88
HINDZINC-VEDL,6,2484.23,506.6,762.91
NATIONALUM-VEDL,6,1557.21,782.36,349.46
BANKBARODA-UNIONBANK,6,572.07,526.25,180.52
IRCON-RVNL,6,1177.02,256.39,344.42
BANKINDIA-INDIANB,6,657.97,464.52,107.21
ADANIENT-ADANIPORTS,6,663.17,236.75,200.73
DATAPATTNS-GRSE,6,970.83,555.54,230.52
HCLTECH-TCS,6,627.02,409.28,137.85
BSE-CDSL,6,1813.98,735.8,525.43
IREDA-RVNL,6,872.83,449.11,219.93
HINDZINC-NATIONALUM,6,3473.06,733.27,1075.65
GRAPHITE-HEG,6,568.9,308.38,160.27
INDIANB-UNIONBANK,6,980.11,488.29,296.2
HINDALCO-NATIONALUM,6,1181.93,456.88,378.74
IRCON-RAILTEL,6,625.57,200.74,218.93
COFORGE-PERSISTENT,6,1173.56,664.88,302.06
HCLTECH-INFY,6,596.27,441.36,128.4
IRCON-IRFC,6,430.97,242.52,99.36
CHENNPETRO-MRPL,6,845.48,399.3,245.67
NBCC-RVNL,6,989.76,578.02,236.4
JSWSTEEL-TATASTEEL,6,743.86,228.96,249.5
TCS-WIPRO,6,3152.76,322.54,1109.14
CANBK-INDIANB,6,1250.01,346.48,395.84
NMDC-TATASTEEL,6,1019.31,643.16,308.42
DLF-PRESTIGE,6,306.42,268.96,64.31
INFY-WIPRO,6,687.6,349.51,186.01
IREDA-NBCC,6,1133.53,519.29,251.85
ADANIENSOL-ADANIENT,6,814.89,548.6,165.58
IREDA-RECLTD,6,1522.36,484.39,410.19
JINDALSTEL-TATASTEEL,6,1089.23,365.55,316.86
CANBK-SBIN,6,860.2,456.16,189.64
IRFC-NBCC,6,2359.56,575.92,737.05
BANKBARODA-INDIANB,6,713.45,470.89,214.82
HCLTECH-TECHM,6,3285.19,328.04,1075.42
DLF-LODHA,6,1002.92,543.53,327.51
INDIANB-PNB,6,1207.74,461.4,338.56
GODREJPROP-PRESTIGE,6,2556.12,204.4,867.15
BDL-COCHINSHIP,6,944.39,449.69,268.35
BEL-GRSE,6,1593.68,270.3,547.32
DATAPATTNS-MAZDOCK,6,1435.65,471.86,434.51
TCS-TECHM,6,1128.96,861.32,356.12
HINDALCO-VEDL,6,1297.44,649.25,287.04
IRCON-JWL,6,1945.71,322.43,696.63
GODREJPROP-LODHA,6,556.84,389.69,152.98
BANKBARODA-SBIN,6,920.06,541.82,233.1
HINDALCO-TATASTEEL,6,3489.52,732.75,1146.22
INFY-TECHM,6,2883.55,332.81,950.01
COFORGE-MPHASIS,6,2037.62,429.57,693.98
ABCAPITAL-LTF,6,397.24,224.25,73.61
GRSE-HAL,6,1211.42,293.69,421.01
NATIONALUM-NMDC,6,12319.93,458.41,4406.89
DLF-OBEROIRLTY,6,832.1,466.79,177.23
JBCHEPHARM-TORNTPHARM,6,261.83,89.78,78.48
GODREJPROP-OBEROIRLTY,6,673.89,426.84,164.08
IRFC-RECLTD,6,1149.51,609.81,315.98
RAILTEL-RVNL,6,484.32,284.28,133.65
BSE-MCX,6,3225.24,705.22,949.89
HCLTECH-WIPRO,6,997.01,610.13,277.25
MAZDOCK-RVNL,6,1269.75,671.42,265.1
INOXWIND-SUZLON,6,3067.78,818.84,1006.29
INOXWIND-IREDA,6,3807.5,897.87,1246.45
HUDCO-IREDA,6,1042.29,368.15,268.77
PNB-SBIN,6,1489.25,658.54,409.58
COFORGE-INFY,6,3016.84,1390.54,996.74
TECHM-WIPRO,6,817.79,347.75,244.59
MPHASIS-PERSISTENT,6,2235.0,685.79,762.49
IRFC-RAILTEL,6,346.49,208.4,61.16
SAIL-TATASTEEL,6,1475.97,223.74,516.62
COFORGE-TECHM,6,2503.59,358.69,870.32
BAJAJFINSV-BAJFINANCE,6,402.19,335.3,67.15
CDSL-IREDA,6,2818.05,393.02,949.77
ANGELONE-BSE,6,2042.21,989.12,607.43
COFORGE-TCS,6,4057.25,346.58,1371.08
BDL-DATAPATTNS,6,1280.19,632.26,308.52
COCHINSHIP-DATAPATTNS,6,1400.38,600.95,347.93
BANKINDIA-SBIN,6,475.7,361.93,83.16
ADANIGREEN-ADANIPORTS,6,598.08,269.27,141.8
INOXWIND-NBCC,6,1585.21,379.81,486.31
HEROMOTOCO-TVSMOTOR,6,2860.9,345.26,953.96
IREDA-PFC,6,6707.6,435.63,2344.98
JINDALSTEL-JSWSTEEL,6,681.48,342.64,206.27
LODHA-PRESTIGE,6,904.43,431.26,291.59
JINDALSTEL-NMDC,6,9442.24,362.39,3355.54
IREDA-JIOFIN,6,915.65,365.99,277.54
HINDCOPPER-HINDZINC,6,447.87,261.36,93.8
IRCON-RITES,6,281.21,123.3,66.46
IRFC-MAZDOCK,6,19650.85,445.2,7169.05
IRCON-TITAGARH,6,3526.22,247.89,1199.38
HINDALCO-HINDZINC,6,1019.3,251.11,352.05
COFORGE-WIPRO,6,2383.72,987.71,852.7
IRCON-IREDA,6,4658.13,554.08,1572.89
IREDA-SUZLON,6,455.73,309.96,57.98
ANGELONE-CDSL,6,5650.45,778.04,1920.05
NATIONALUM-TATASTEEL,6,1148.08,538.89,271.28
CDSL-IRFC,6,945.39,558.57,223.53
EICHERMOT-HEROMOTOCO,6,2216.05,388.97,677.99
HUDCO-NBCC,6,1497.66,563.78,454.23
OBEROIRLTY-PRESTIGE,6,361.61,307.74,36.83
NTPC-POWERGRID,6,826.39,296.34,234.45
COFORGE-HCLTECH,6,4592.71,391.61,1525.09
HUDCO-IRFC,6,700.92,319.63,156.74
ADANIGREEN-ADANIPOWER,6,1048.64,615.54,362.05
BAJAJ-AUTO-HEROMOTOCO,6,1564.36,632.94,437.69
TATASTEEL-VEDL,6,1469.85,740.73,406.08
COFORGE-OFSS,6,2384.73,463.99,726.84
SBIN-UNIONBANK,6,1389.32,536.93,512.99
MAZDOCK-NBCC,6,1913.9,662.92,622.92
COFORGE-LTM,6,1335.3,259.03,405.86
IREDA-MAZDOCK,6,701.85,431.33,161.21
INOXWIND-IRFC,6,1027.5,793.48,331.85
JWL-TITAGARH,6,705.87,317.53,236.56
BEML-COCHINSHIP,6,1548.41,541.41,473.47
PERSISTENT-TECHM,6,959.75,528.34,249.51
BEL-COCHINSHIP,6,1640.52,488.85,614.3
RVNL-TITAGARH,6,1099.25,244.95,357.69
IRFC-PFC,6,2065.71,282.07,751.19
JWL-RVNL,6,1024.91,479.65,257.2
BEML-MAZDOCK,6,3065.06,217.91,1058.34
BDL-RVNL,6,2198.47,776.89,650.76
NMDC-VEDL,6,1032.65,911.93,260.77
COCHINSHIP-HAL,6,1840.1,497.3,563.74
BEML-GRSE,6,1790.18,510.57,536.82
IRFC-SUZLON,6,2319.87,442.33,758.81
NBCC-RECLTD,6,2244.2,808.43,747.7
CDSL-NBCC,6,1013.18,596.48,281.82
BAJAJ-AUTO-EICHERMOT,6,989.35,348.98,279.19
EICHERMOT-TVSMOTOR,6,1631.45,578.82,483.83
MAZDOCK-SUZLON,6,1226.0,571.77,312.55
LODHA-OBEROIRLTY,6,1487.4,247.2,451.97
JIOFIN-NBCC,6,1714.81,820.75,518.24
M&M-MARUTI,6,660.71,507.48,166.53
JBMA-OLECTRA,6,435.66,317.36,128.81
ADANIENT-AMBUJACEM,6,14156.3,379.34,5112.65
OFSS-PERSISTENT,6,3534.17,1105.15,1009.97
PREMIERENE-WAAREEENER,6,1481.87,348.65,510.16
NBCC-SUZLON,6,1803.68,441.41,659.84
MPHASIS-TECHM,6,606.53,444.83,157.32
MAZDOCK-SOLARINDS,6,1055.91,444.9,349.33
IRFC-JIOFIN,6,202028.11,852.77,75031.72
HINDCOPPER-NATIONALUM,6,2934.09,472.11,1034.86
CDSL-JIOFIN,6,1464.02,278.48,445.78
IDEA-INDUSTOWER,6,764.01,333.07,191.86
CANBK-RECLTD,6,1543.13,727.92,386.07
BDL-NBCC,6,2437.63,873.96,691.96
BEL-DATAPATTNS,6,1660.91,982.91,599.03
HINDZINC-NMDC,6,1022.82,928.35,317.88
MPHASIS-OFSS,6,2386.34,378.33,780.59
INFY-PERSISTENT,6,909.26,738.62,162.59
INOXWIND-RVNL,6,6145.91,495.65,2146.46
JIOFIN-RECLTD,6,1178.23,706.23,244.79
KPITTECH-TATAELXSI,6,2093.17,1129.12,644.03
JWL-RAILTEL,6,724.45,210.63,246.55
PERSISTENT-TCS,6,2900.64,1057.12,969.41
RECLTD-RVNL,6,786.5,433.28,198.88
NMDC-SAIL,6,975.77,736.85,243.54
HINDALCO-NMDC,6,26485.67,664.44,9599.35
KEI-POLYCAB,6,323.87,197.31,78.6
ADANIGREEN-TATAPOWER,6,1281.8,542.22,320.11
HCLTECH-PERSISTENT,6,1029.41,543.76,276.78
BAJAJ-AUTO-TVSMOTOR,6,1209.93,660.34,393.63
COFORGE-TATAELXSI,6,30623.0,290.41,11191.44
BDL-BEML,6,1496.39,530.87,443.47
IRFC-TITAGARH,6,1184.34,469.54,349.62
INOXWIND-MAZDOCK,6,1109.6,551.02,266.26
OIL-ONGC,6,855.82,322.42,239.47
HUDCO-RECLTD,6,2438.58,544.0,740.14
IRCON-NBCC,6,3369.97,560.58,1111.38
DLF-NBCC,6,913.21,399.64,250.12
IRFC-JWL,6,1728.26,362.16,547.2
CDSL-MCX,6,817.08,573.73,183.86
M&M-TVSMOTOR,6,1155.25,331.81,334.94
BDL-IREDA,6,2692.1,701.05,779.17
PERSISTENT-WIPRO,6,829.77,734.33,253.5
EICHERMOT-MARUTI,6,1137.81,486.77,290.59
MPHASIS-TCS,6,644.41,389.09,194.64
ACC-AMBUJACEM,6,464.87,108.01,139.27
DATAPATTNS-HAL,6,6112.72,572.18,2089.13
COFORGE-KPITTECH,6,4848.99,1114.83,1657.04
LTM-PERSISTENT,6,1782.14,578.15,599.54
IRCTC-IRFC,6,556.13,440.06,145.9
RECLTD-TATAPOWER,6,1450.49,476.03,381.97
DLF-PHOENIXLTD,6,679.36,529.92,203.98
RVNL-SUZLON,6,12972.51,1840.01,4551.58
EICHERMOT-M&M,6,4064.75,538.42,1281.1
DLF-IREDA,6,6944.81,788.07,2368.45
ADANIENSOL-ADANIPOWER,6,759.01,337.18,209.72
COCHINSHIP-RVNL,6,878.2,576.94,255.59
GODREJPROP-PHOENIXLTD,6,459.4,243.16,108.67
MOTHERSON-TMPV,6,507.87,335.49,108.58
ADANIENSOL-ADANIPORTS,6,747.28,303.3,231.24
BDL-SOLARINDS,6,689.86,665.26,159.85
IREDA-RAILTEL,6,824.59,442.76,172.16
OFSS-TATAELXSI,6,1008.55,554.43,257.79
BEL-RVNL,6,1352.47,745.77,475.01
JIOFIN-RVNL,6,2753.17,696.28,929.51
JSWSTEEL-NMDC,6,681.35,433.31,167.95
NHPC-TATAPOWER,6,599.83,355.1,139.11
HAL-RVNL,6,1347.23,911.18,246.66
LTM-MPHASIS,6,2523.72,191.17,874.66
HINDALCO-JSWSTEEL,6,1870.21,383.58,570.52
LTM-TECHM,6,1044.55,425.52,276.24
GRSE-ZENTEC,6,1702.07,911.93,538.13
IREDA-TATAPOWER,6,774.01,300.41,201.56
INFY-MPHASIS,6,1089.32,376.83,371.93
MPHASIS-WIPRO,6,765.71,233.27,216.93
HDFCLIFE-SBILIFE,6,876.4,471.93,225.23
CANBK-PFC,6,2588.37,566.37,766.91
HEROMOTOCO-M&M,6,469.98,301.2,77.18
CAMS-CDSL,6,1124.53,275.46,342.97
RITES-RVNL,6,337.83,186.58,66.38
KAYNES-PGEL,6,1219.48,745.97,336.68
CDSL-RECLTD,6,8008.39,832.67,2725.6
BANKINDIA-CENTRALBK,6,1056.04,319.36,302.16
BAJAJ-AUTO-M&M,6,1119.36,555.42,276.52
PERSISTENT-TATAELXSI,6,875.62,483.1,229.06
JSWENERGY-TATAPOWER,6,814.4,752.19,285.34
INDIANB-SBIN,6,1408.51,382.12,433.06
CDSL-MAZDOCK,6,2603.27,668.53,813.96
GAIL-IOC,6,679.03,365.51,136.15
BDL-IRFC,6,1369.06,674.42,457.18
BANKINDIA-RECLTD,6,2421.95,742.98,775.76
BHEL-MAZDOCK,6,846.84,400.62,185.94
HINDZINC-TATASTEEL,6,5293.39,820.88,1798.9
CENTRALBK-MAHABANK,6,150806.52,414.82,56030.96
GODREJPROP-NBCC,6,2312.14,633.63,711.74
PFC-TATAPOWER,6,930.72,628.25,166.62
M&M-TMPV,6,1041.34,540.11,228.86
HUDCO-RVNL,6,764.59,463.05,191.09
CENTRALBK-IOB,6,710.67,192.7,250.61
PNB-RECLTD,6,2118.16,474.29,675.77
BANKINDIA-MAHABANK,6,697.24,370.34,182.91
ABB-SIEMENS,6,790.39,322.01,202.96
IRCON-MAZDOCK,6,16814.7,473.21,6049.36
ABCAPITAL-IREDA,6,952.6,534.17,253.98
CDSL-RVNL,6,1389.24,769.03,354.92
CANBK-IREDA,6,2305.88,685.37,667.39
HEROMOTOCO-MARUTI,6,792.73,318.09,189.9
NBCC-PFC,6,5707.84,873.53,2058.96
CANBK-CENTRALBK,6,1113.15,361.56,307.84
HCLTECH-MPHASIS,6,1208.35,449.36,387.25
CENTRALBK-PNB,6,346.32,193.66,73.16
BDL-SUZLON,6,2133.81,1014.75,485.22
JIOFIN-MAZDOCK,6,2893.47,708.97,863.02
LTM-TCS,6,559.15,392.71,153.09
JINDALSTEL-NATIONALUM,6,2388.06,666.9,735.25
LTM-WIPRO,6,1969.28,437.56,611.87
BANKINDIA-IREDA,6,3014.13,378.9,973.13
HDFCBANK-ICICIBANK,6,1872.15,537.86,567.68
IRFC-RITES,6,200.77,129.36,42.05
INFY-LTM,6,965.07,556.8,257.88
BANKBARODA-RECLTD,6,1519.03,462.8,444.91
BEL-BHEL,6,5536.41,1094.44,1828.05
TATAELXSI-TATATECH,6,2441.97,503.51,863.47
NTPC-TATAPOWER,6,791.02,284.81,207.0
BANKINDIA-RBLBANK,6,466.5,346.86,61.06
HCLTECH-LTM,6,822.92,350.46,223.59
OFSS-TECHM,6,771.67,455.81,196.05
RAILTEL-RITES,6,329.17,146.43,87.85
JINDALSTEL-SAIL,6,620.57,410.49,113.11
BEML-DATAPATTNS,6,3606.57,654.02,1178.68
DLF-IRFC,6,832.11,459.03,245.77
OFSS-WIPRO,6,650.09,473.38,146.21
ADANIGREEN-IREDA,6,614.95,469.58,83.74
IREDA-SJVN,6,441.92,385.14,91.37
ETERNAL-SWIGGY,6,2186.91,502.85,661.51
DLF-RECLTD,6,1372.57,751.82,322.69
DLF-JIOFIN,6,1698.58,702.85,527.13
INOXWIND-JIOFIN,6,2488.96,630.76,736.76
ADANIENSOL-TATAPOWER,6,714.77,704.28,148.01
INOXWIND-RECLTD,6,3546.05,824.69,1094.43
CENTRALBK-UCOBANK,6,2898.58,107.94,1038.5
GAIL-TATAPOWER,6,1059.33,666.53,324.67
MPHASIS-TATAELXSI,6,577.44,391.53,155.01
MAZDOCK-ZENTEC,6,1729.93,397.94,534.0
IRCTC-IREDA,6,1066.86,636.08,244.71
JIOFIN-SUZLON,6,1251.69,703.2,327.52
BAJFINANCE-CHOLAFIN,6,1633.0,389.03,495.97
TATAELXSI-WIPRO,6,1038.3,556.16,261.63
BDL-INOXWIND,6,2502.9,786.67,719.76
GODREJPROP-IREDA,6,2222.41,528.85,681.16
AMBER-DIXON,6,33509.94,690.46,12052.5
GRSE-RVNL,6,1259.96,582.99,347.76
TATAELXSI-TCS,6,1547.9,585.46,428.98
ADANIENT-ADANIPOWER,6,3222.06,406.22,1071.93
COCHINSHIP-NBCC,6,6861.56,1045.55,2746.68
IREDA-NHPC,6,598.94,280.57,137.72
HAL-NBCC,6,1680.55,978.16,438.43
OFSS-TCS,6,2096.26,386.43,715.96
ADANIENT-JIOFIN,6,7878.34,377.14,2756.25
JIOFIN-PFC,6,845.88,702.82,104.61
IREDA-TITAGARH,6,940.25,514.53,209.45
KPITTECH-MPHASIS,6,818.58,411.99,199.94
ABCAPITAL-JIOFIN,6,773.98,636.59,221.43
CANBK-JIOFIN,6,1935.22,943.76,545.82
KPITTECH-OFSS,6,849.65,529.47,188.1
BANKINDIA-PFC,6,3105.82,645.68,1184.33
HINDALCO-JINDALSTEL,6,1928.42,977.1,567.63
BAJFINANCE-SHRIRAMFIN,6,1311.82,553.58,338.24
KPITTECH-PERSISTENT,6,2417.04,889.68,745.77
BHEL-INOXWIND,6,936.08,363.69,230.27
POWERGRID-TATAPOWER,6,523.36,288.34,132.68
MAHABANK-PNB,6,651.54,532.0,179.57
ADANIPORTS-AMBUJACEM,6,812.52,520.3,184.07
TATAELXSI-TECHM,6,853.4,777.69,176.63
PFC-PNB,6,892.32,666.04,200.46
ADANIGREEN-NHPC,6,1137.81,582.57,270.1
NBCC-TATAPOWER,6,742.92,656.72,134.05
CDSL-DLF,6,448.81,406.08,37.12
IREDA-LICHSGFIN,6,828.08,514.74,120.38
BANKBARODA-CENTRALBK,6,358.64,270.23,72.2
BHEL-IREDA,6,695.83,297.22,157.08
PNB-YESBANK,6,1442.07,583.25,407.98
INFY-OFSS,6,896.84,258.87,260.32
MAZDOCK-TITAGARH,6,1706.95,1077.13,537.51
PFC-RVNL,6,798.22,575.23,234.38
HUDCO-PFC,6,5339.3,426.78,1822.91
IREDA-PNB,6,2473.21,667.72,753.4
ADANIGREEN-JSWENERGY,6,1068.4,427.57,305.74
DIXON-KAYNES,6,4561.55,781.9,1466.67
CANBK-MAHABANK,6,842.16,460.77,242.89
ADANIENT-TATAPOWER,6,3060.33,751.62,925.58
GMRAIRPORT-IREDA,6,1386.65,565.98,333.62
ADANIENT-IREDA,6,5524.07,395.61,1877.38
BEL-NBCC,6,1698.78,842.91,464.96
IRFC-TATAPOWER,6,30711.14,600.98,11280.22
CDSL-INOXWIND,6,1278.08,581.56,310.94
BHEL-SUZLON,6,528.49,242.35,136.3
RECLTD-SUZLON,6,1452.13,628.82,383.03
RAILTEL-TITAGARH,6,1166.01,117.05,386.3
IREDA-LTF,6,955.25,552.18,202.23
MARUTI-TVSMOTOR,6,1612.25,490.72,476.89
HAL-SOLARINDS,6,956.61,545.91,224.95
BANKINDIA-YESBANK,6,912.28,692.22,274.58
BHEL-NBCC,6,977.87,325.58,276.62
CDSL-KFINTECH,6,1877.79,629.59,604.81
CANBK-YESBANK,6,792.93,538.43,150.07
CENTRALBK-UNIONBANK,6,2681.65,539.44,910.37
BAJAJ-AUTO-MARUTI,6,1099.34,547.52,329.46
MAHABANK-UNIONBANK,6,562.05,187.54,148.47
IOC-PETRONET,6,1362.78,683.4,416.01
COCHINSHIP-IREDA,6,3907.08,568.09,1249.57
CANBK-RBLBANK,6,789.47,517.4,162.3
BDL-CDSL,6,4256.47,1033.83,1354.75
NBCC-RAILTEL,6,628.52,318.11,183.8
LAURUSLABS-ZYDUSLIFE,6,1045.78,602.15,263.68
JIOFIN-TATAPOWER,6,1656.23,745.37,560.72
ABCAPITAL-BANKINDIA,6,651.72,290.06,146.71
DLF-RVNL,6,779.36,760.32,107.58
RECLTD-UNIONBANK,6,26446.88,619.82,9561.56
CGPOWER-NBCC,6,973.15,352.56,253.72
LTM-OFSS,6,2524.45,615.44,841.48
LUPIN-ZYDUSLIFE,6,661.92,344.47,163.37
IREDA-JWL,6,2265.52,362.48,700.23
ADANIGREEN-ATGL,6,1196.09,782.73,366.06
HCLTECH-OFSS,6,1140.94,456.8,290.98
BDL-BHEL,6,4053.36,910.41,1164.0
ABCAPITAL-CANBK,6,499.38,361.74,99.75
IRFC-NHPC,6,769.42,444.88,167.77
BSE-IREDA,6,1433.09,865.69,265.91
ABCAPITAL-RECLTD,6,719.11,549.52,118.86
JINDALSTEL-VEDL,6,1372.97,563.01,405.99
PHOENIXLTD-PRESTIGE,6,453.88,356.7,110.97
COCHINSHIP-IRCON,6,1023.05,271.92,327.15
CANBK-NBCC,6,962.25,488.88,196.7
BANKINDIA-NBCC,6,1120.13,366.09,297.53
CDSL-PFC,6,6931.43,717.47,2530.11
IRFC-SJVN,6,5123.4,415.72,1798.23
LICHSGFIN-RECLTD,6,712.85,439.31,188.6
BANKINDIA-IRFC,6,1141.8,557.43,300.79
CDSL-HUDCO,6,1801.41,491.85,594.92
BEL-IRFC,6,1161.06,701.7,369.01
INOXWIND-IRCON,6,1067.97,565.6,356.25
MANAPPURAM-MUTHOOTFIN,6,14595.71,998.52,5073.39
ADANIGREEN-AMBUJACEM,6,877.11,595.61,253.68
BANDHANBNK-BANKINDIA,6,2862.05,531.34,871.34
BAJFINANCE-JIOFIN,6,2853.46,371.5,1005.35
MARUTI-TMPV,6,1045.7,636.44,299.58
COFORGE-TATATECH,6,6412.53,336.4,2212.17
BANKINDIA-JIOFIN,6,2688.65,577.93,825.06
JIOFIN-PNB,6,1086.45,748.38,299.89
CGPOWER-HAL,6,1584.15,413.27,552.37
ADANIPORTS-JIOFIN,6,1059.94,522.22,273.03
LTF-SHRIRAMFIN,6,1721.62,300.8,526.26
ANGELONE-IREDA,6,8590.11,823.45,3175.75
CONCOR-IREDA,6,2615.33,398.62,1003.18
PNB-RBLBANK,6,943.77,675.34,167.96
MAZDOCK-RECLTD,6,1129.95,448.59,318.28
CGPOWER-RVNL,6,661.18,351.23,172.5
LTM-TATAELXSI,6,1930.23,321.96,609.67
COCHINSHIP-ZENTEC,6,4857.1,745.75,1636.62
BHARATFORG-MOTHERSON,6,684.1,400.96,185.37
GLENMARK-LAURUSLABS,6,3385.08,300.32,1141.29
NBCC-TITAGARH,6,523.27,427.14,103.09
HEROMOTOCO-MOTHERSON,6,697.12,542.76,161.05
JIOFIN-LTF,6,1537.81,858.3,376.51
INFY-TATAELXSI,6,20067.13,660.79,7280.75
AUROPHARMA-LUPIN,6,2146.26,1047.92,633.94
BEL-SOLARINDS,6,683.26,363.91,173.5
LODHA-PHOENIXLTD,6,670.67,208.74,181.1
HINDCOPPER-VEDL,6,7753.92,765.93,2895.05
CGPOWER-MAZDOCK,6,728.25,661.47,152.48
JIOFIN-RELIANCE,6,1463.08,748.38,450.88
HAL-IREDA,6,4147.75,810.62,1267.11
CDSL-TATAPOWER,6,1830.58,559.09,549.74
IRCTC-RVNL,6,723.31,288.85,193.78
HEROMOTOCO-TMPV,6,2107.91,707.4,583.65
UNIONBANK-YESBANK,6,1979.45,618.3,587.62
CDSL-LTF,6,936.84,728.81,258.46
CHOLAFIN-SHRIRAMFIN,6,2991.86,422.37,949.23
COCHINSHIP-IRFC,6,920.11,426.35,259.71
BSE-JIOFIN,6,2125.98,712.8,606.15
CDSL-SUZLON,6,1628.04,601.84,537.88
BANKBARODA-MAHABANK,6,870.59,391.79,219.19
DLF-PFC,6,4532.75,739.73,1423.77
CAMS-IREDA,6,1128.88,443.25,292.14
GLENMARK-ZYDUSLIFE,6,875.18,381.15,223.28
BDL-ZENTEC,6,1410.04,830.57,435.08
ABCAPITAL-CDSL,6,664.7,239.23,192.3
CDSL-HDFCAMC,6,1096.17,352.37,280.55
JIOFIN-TMPV,6,1514.8,782.18,312.15
BHEL-RVNL,6,788.3,370.04,172.46
BDL-IRCON,6,1204.61,750.75,346.75
DIXON-KALYANKJIL,6,4952.03,746.37,1701.54
ADANIENT-NBCC,6,112773.62,630.69,41830.38
BANKINDIA-IDBI,6,1099.85,514.99,251.7
LTF-RECLTD,6,1170.36,385.42,309.77
HUDCO-INOXWIND,6,1133.86,291.13,305.63
BEML-IRCON,6,520.92,257.44,140.21
BANKINDIA-LTF,6,658.97,356.54,160.48
CANBK-IRFC,6,1005.79,504.8,221.33
IOB-MAHABANK,6,911.95,485.86,278.92
IDFCFIRSTB-PNB,6,1333.82,609.72,394.24
BDL-JIOFIN,6,2576.77,804.06,704.17
CANBK-LTF,6,886.7,516.89,212.68
HAL-IRFC,6,836.23,699.66,220.15
HCLTECH-TATAELXSI,6,9212.71,510.26,3194.23
JSWENERGY-NHPC,6,925.11,718.21,241.23
INDHOTEL-JIOFIN,6,1209.55,216.81,372.93
BEL-JIOFIN,6,2629.93,825.12,854.88
CANBK-IDFCFIRSTB,6,494.16,349.91,88.26
ADANIENSOL-JSWENERGY,6,654.67,365.83,146.61
AUROPHARMA-ZYDUSLIFE,6,1346.86,738.67,301.8
GRSE-NBCC,6,1993.54,1040.72,553.47
JWL-MAZDOCK,6,1089.27,421.27,334.2
ABCAPITAL-PFC,6,1403.02,652.09,362.95
BANKBARODA-PFC,6,3530.2,462.47,1155.91
JWL-RITES,6,839.08,220.54,270.86
KPITTECH-TCS,6,1775.64,559.09,465.71
IREDA-JSWENERGY,6,677.63,609.6,151.49
DIVISLAB-LAURUSLABS,6,1002.28,339.63,284.23
GMRAIRPORT-NBCC,6,709.87,533.27,155.41
JIOFIN-LT,6,3168.59,813.25,937.86
EXIDEIND-IREDA,6,1148.68,583.63,314.79
GRSE-IRCON,6,899.77,312.23,239.79
DLF-MAZDOCK,6,1417.52,563.14,355.23
BHEL-IRFC,6,948.03,377.63,253.78
CGPOWER-IREDA,6,874.49,445.31,219.69
GODREJPROP-IRFC,6,556.79,422.8,107.24
ADANIPOWER-ATGL,6,1244.4,322.27,374.13
INDHOTEL-IREDA,6,831.28,371.62,220.47
CANBK-FEDERALBNK,6,510.27,342.84,125.83
BIOCON-LAURUSLABS,6,641.66,379.96,163.59
EXIDEIND-NBCC,6,1154.01,736.97,289.16
GRSE-IRFC,6,772.86,623.89,212.85
HINDZINC-JINDALSTEL,6,3271.18,1119.48,990.36
AMBUJACEM-ULTRACEMCO,6,669.26,418.82,164.49
BANKBARODA-IREDA,6,6173.27,513.93,2088.0
ADANIPORTS-GMRAIRPORT,6,728.86,617.72,226.65
LODHA-NBCC,6,3848.53,889.75,1187.05
ABCAPITAL-IRFC,6,496.9,398.62,105.85
ABCAPITAL-PNB,6,493.18,385.9,90.9
PFC-RECLTD,8,1047.59,117.52,314.72
BDL-MAZDOCK,8,633.79,201.88,162.86
GRSE-MAZDOCK,8,736.04,235.04,180.97
BANKBARODA-CANBK,8,1517.38,297.98,427.63
BPCL-HINDPETRO,8,785.95,207.43,210.22
CANBK-PNB,8,723.17,118.66,215.51
IRFC-RVNL,8,1255.36,166.98,378.31
BPCL-IOC,8,863.01,129.82,268.2
INFY-TCS,8,1219.03,321.69,319.54
BANKINDIA-CANBK,8,1582.47,336.82,440.83
BEL-HAL,8,1339.26,230.12,435.39
COCHINSHIP-GRSE,8,924.0,406.89,224.0
BDL-HAL,8,971.01,323.56,269.98
BANKINDIA-UNIONBANK,8,788.21,209.22,202.89
HAL-MAZDOCK,8,7386.94,327.55,2316.0
ADANIENT-ADANIGREEN,8,505.23,312.0,121.73
IREDA-IRFC,8,417.36,325.35,118.3
HINDPETRO-IOC,8,1878.9,700.02,554.58
BANKINDIA-PNB,8,572.84,295.8,155.69
BANKBARODA-PNB,8,864.32,184.62,233.98
CANBK-UNIONBANK,8,968.07,164.4,302.18
BEL-MAZDOCK,8,1161.06,441.6,341.03
ADANIENSOL-ADANIGREEN,8,700.43,360.04,169.38
BANKBARODA-BANKINDIA,8,1094.76,277.76,296.28
BDL-BEL,8,4868.87,455.25,1504.23
COCHINSHIP-MAZDOCK,8,1746.4,450.72,512.82
DLF-GODREJPROP,8,2006.85,278.81,573.26
BDL-GRSE,8,8022.97,251.22,2570.64
PNB-UNIONBANK,8,788.12,459.57,211.97
HINDZINC-VEDL,8,1055.61,520.95,304.44
NATIONALUM-VEDL,8,1688.76,495.91,475.09
BANKBARODA-UNIONBANK,8,924.16,507.79,300.64
IRCON-RVNL,8,3075.85,383.14,915.46
BANKINDIA-INDIANB,8,498.95,364.13,101.47
ADANIENT-ADANIPORTS,8,554.58,235.13,159.44
DATAPATTNS-GRSE,8,982.0,400.11,232.55
HCLTECH-TCS,8,489.17,228.41,118.47
BSE-CDSL,8,3195.53,418.45,1279.27
IREDA-RVNL,8,711.2,442.2,180.95
HINDZINC-NATIONALUM,8,1696.85,553.34,493.02
GRAPHITE-HEG,8,596.99,382.29,172.68
INDIANB-UNIONBANK,8,3496.34,467.53,1046.34
HINDALCO-NATIONALUM,8,828.59,367.65,207.14
IRCON-RAILTEL,8,886.23,154.61,269.92
COFORGE-PERSISTENT,8,1626.01,252.28,467.36
HCLTECH-INFY,8,507.68,328.79,125.8
IRCON-IRFC,8,456.37,256.91,115.68
CHENNPETRO-MRPL,8,615.34,198.63,182.68
NBCC-RVNL,8,9543.15,478.77,3004.09
JSWSTEEL-TATASTEEL,8,764.43,174.75,207.24
TCS-WIPRO,8,3368.57,284.05,1016.45
CANBK-INDIANB,8,855.14,375.71,254.38
NMDC-TATASTEEL,8,709.7,304.71,222.19
DLF-PRESTIGE,8,335.29,158.04,86.56
INFY-WIPRO,8,722.87,364.21,209.48
IREDA-NBCC,8,656.0,419.63,150.68
ADANIENSOL-ADANIENT,8,655.96,272.79,190.84
IREDA-RECLTD,8,883.98,377.71,214.06
JINDALSTEL-TATASTEEL,8,745.85,399.16,204.52
CANBK-SBIN,8,13076.5,686.46,4144.95
IRFC-NBCC,8,762.92,250.5,199.29
BANKBARODA-INDIANB,8,1269.85,252.07,377.8
HCLTECH-TECHM,8,2049.75,390.34,579.51
DLF-LODHA,8,3897.39,488.37,1194.13
INDIANB-PNB,8,2624.4,331.15,797.23
GODREJPROP-PRESTIGE,8,726.03,455.68,242.88
BDL-COCHINSHIP,8,4749.07,374.45,1473.93
BEL-GRSE,8,641.38,369.13,143.06
DATAPATTNS-MAZDOCK,8,1338.67,390.76,350.86
TCS-TECHM,8,1798.4,352.98,547.59
HINDALCO-VEDL,8,1064.99,398.29,269.74
IRCON-JWL,8,1514.34,294.17,461.27
GODREJPROP-LODHA,8,1143.89,294.65,306.26
BANKBARODA-SBIN,8,3102.6,621.72,930.86
HINDALCO-TATASTEEL,8,1122.59,398.4,308.09
INFY-TECHM,8,2340.64,317.86,699.73
COFORGE-MPHASIS,8,780.24,244.14,203.53
ABCAPITAL-LTF,8,507.1,220.09,140.29
GRSE-HAL,8,1121.16,412.45,318.29
NATIONALUM-NMDC,8,985.19,439.39,281.15
DLF-OBEROIRLTY,8,771.78,319.99,206.54
JBCHEPHARM-TORNTPHARM,8,394.3,72.62,112.64
GODREJPROP-OBEROIRLTY,8,676.49,333.35,157.7
IRFC-RECLTD,8,922.92,424.76,264.42
RAILTEL-RVNL,8,454.05,188.18,132.95
BSE-MCX,8,2069.6,751.72,573.94
HCLTECH-WIPRO,8,727.36,390.92,169.0
MAZDOCK-RVNL,8,1575.79,397.06,438.78
INOXWIND-SUZLON,8,3998.53,461.78,1196.9
INOXWIND-IREDA,8,7375.99,266.48,2448.53
HUDCO-IREDA,8,1216.61,508.15,356.22
PNB-SBIN,8,5487.24,388.38,1670.62
COFORGE-INFY,8,1078.42,324.23,273.8
TECHM-WIPRO,8,1161.68,273.16,347.26
MPHASIS-PERSISTENT,8,490.45,233.45,117.31
IRFC-RAILTEL,8,405.22,109.33,110.26
SAIL-TATASTEEL,8,1292.39,197.61,367.03
COFORGE-TECHM,8,1267.86,361.03,340.85
BAJAJFINSV-BAJFINANCE,8,452.32,253.46,115.68
CDSL-IREDA,8,1089.49,510.95,337.84
ANGELONE-BSE,8,1103.71,698.25,305.71
COFORGE-TCS,8,1166.22,283.47,372.34
BDL-DATAPATTNS,8,41569.17,495.22,13603.79
COCHINSHIP-DATAPATTNS,8,1514.46,620.36,423.89
BANKINDIA-SBIN,8,853.77,390.07,205.02
ADANIGREEN-ADANIPORTS,8,863.66,263.96,247.24
INOXWIND-NBCC,8,708.49,335.39,221.52
HEROMOTOCO-TVSMOTOR,8,9916.6,216.06,3200.55
IREDA-PFC,8,902.82,426.31,201.23
JINDALSTEL-JSWSTEEL,8,1108.41,371.78,303.55
LODHA-PRESTIGE,8,440.19,359.8,118.66
JINDALSTEL-NMDC,8,1422.67,381.53,373.65
IREDA-JIOFIN,8,499.45,338.49,111.66
HINDCOPPER-HINDZINC,8,1125.84,314.44,367.8
IRCON-RITES,8,281.22,149.66,69.97
IRFC-MAZDOCK,8,492.06,339.66,125.08
IRCON-TITAGARH,8,2666.81,323.92,795.01
HINDALCO-HINDZINC,8,3782.34,262.09,1165.75
COFORGE-WIPRO,8,1008.99,315.43,289.61
IRCON-IREDA,8,1438.23,487.25,384.7
IREDA-SUZLON,8,501.4,384.19,112.86
ANGELONE-CDSL,8,4053.95,330.44,1240.38
NATIONALUM-TATASTEEL,8,1068.37,573.34,312.24
CDSL-IRFC,8,1432.58,495.25,389.97
EICHERMOT-HEROMOTOCO,8,1618.09,330.95,429.99
HUDCO-NBCC,8,2205.39,307.77,784.14
OBEROIRLTY-PRESTIGE,8,1859.16,274.51,529.98
NTPC-POWERGRID,8,1862.58,256.37,550.19
COFORGE-HCLTECH,8,1255.84,299.24,372.43
HUDCO-IRFC,8,1099.5,557.98,332.2
ADANIGREEN-ADANIPOWER,8,3048.87,269.69,914.71
BAJAJ-AUTO-HEROMOTOCO,8,1687.18,521.18,477.62
TATASTEEL-VEDL,8,833.13,387.37,194.68
COFORGE-OFSS,8,496.23,337.93,93.03
SBIN-UNIONBANK,8,1589.63,384.59,495.82
MAZDOCK-NBCC,8,1545.03,523.29,401.67
COFORGE-LTM,8,1136.0,213.71,395.03
IREDA-MAZDOCK,8,535.38,425.44,85.36
INOXWIND-IRFC,8,1957.61,380.73,573.75
JWL-TITAGARH,8,795.17,156.76,217.47
BEML-COCHINSHIP,8,824.34,259.39,222.99
PERSISTENT-TECHM,8,1378.19,431.7,378.54
BEL-COCHINSHIP,8,619.88,343.11,141.38
RVNL-TITAGARH,8,1921.05,245.11,591.69
IRFC-PFC,8,1197.02,523.78,370.94
JWL-RVNL,8,4846.29,305.37,1495.06
BEML-MAZDOCK,8,821.62,288.53,239.81
BDL-RVNL,8,2117.75,525.57,574.72
NMDC-VEDL,8,1932.22,405.98,529.55
COCHINSHIP-HAL,8,1916.39,289.24,530.44
BEML-GRSE,8,975.89,490.94,277.16
IRFC-SUZLON,8,676.72,368.67,182.61
NBCC-RECLTD,8,1835.14,529.82,586.81
CDSL-NBCC,8,7554.28,452.49,2368.41
BAJAJ-AUTO-EICHERMOT,8,837.77,359.47,214.72
EICHERMOT-TVSMOTOR,8,842.93,374.12,186.16
MAZDOCK-SUZLON,8,1355.59,477.84,395.83
LODHA-OBEROIRLTY,8,886.63,330.33,203.29
JIOFIN-NBCC,8,981.93,469.32,226.32
M&M-MARUTI,8,676.19,426.97,186.15
JBMA-OLECTRA,8,387.15,227.39,98.32
ADANIENT-AMBUJACEM,8,1236.85,409.7,349.39
OFSS-PERSISTENT,8,999.79,312.57,310.74
PREMIERENE-WAAREEENER,8,824.9,352.07,238.51
NBCC-SUZLON,8,1184.02,249.48,332.81
MPHASIS-TECHM,8,3351.72,285.83,1010.0
MAZDOCK-SOLARINDS,8,2323.99,371.63,782.59
IRFC-JIOFIN,8,1163.96,353.09,297.54
HINDCOPPER-NATIONALUM,8,1695.72,340.92,488.0
CDSL-JIOFIN,8,1127.61,381.91,304.99
IDEA-INDUSTOWER,8,600.3,231.63,151.6
CANBK-RECLTD,8,163048.34,607.21,53426.89
BDL-NBCC,8,2181.61,438.03,640.62
BEL-DATAPATTNS,8,1094.16,385.14,265.23
HINDZINC-NMDC,8,1879.07,493.61,520.5
MPHASIS-OFSS,8,664.76,317.11,147.14
INFY-PERSISTENT,8,892.81,386.44,253.91
INOXWIND-RVNL,8,1034.33,545.93,264.7
JIOFIN-RECLTD,8,2927.18,505.37,962.96
KPITTECH-TATAELXSI,8,1687.79,398.21,529.7
JWL-RAILTEL,8,792.37,226.21,195.92
PERSISTENT-TCS,8,2466.49,476.13,699.41
RECLTD-RVNL,8,1693.66,1070.01,495.35
NMDC-SAIL,8,739.54,330.17,199.24
HINDALCO-NMDC,8,1433.39,465.71,389.52
KEI-POLYCAB,8,379.9,175.16,92.7
ADANIGREEN-TATAPOWER,8,3366.68,409.32,1076.0
HCLTECH-PERSISTENT,8,482.74,253.52,98.91
BAJAJ-AUTO-TVSMOTOR,8,1219.3,242.65,339.44
COFORGE-TATAELXSI,8,1509.66,308.28,416.13
BDL-BEML,8,5690.93,390.17,1787.04
IRFC-TITAGARH,8,666.48,375.14,171.34
INOXWIND-MAZDOCK,8,7201.82,614.52,2214.15
OIL-ONGC,8,632.71,248.64,149.43
HUDCO-RECLTD,8,1961.15,466.78,575.9
IRCON-NBCC,8,1145.22,352.27,378.96
DLF-NBCC,8,953.47,327.03,261.96
IRFC-JWL,8,461.9,258.29,145.04
CDSL-MCX,8,882.12,512.97,178.55
M&M-TVSMOTOR,8,1712.92,249.06,481.21
BDL-IREDA,8,1293.22,470.58,380.47
PERSISTENT-WIPRO,8,1011.36,460.97,283.34
EICHERMOT-MARUTI,8,2891.07,383.25,835.32
MPHASIS-TCS,8,1038.43,229.14,286.32
ACC-AMBUJACEM,8,678.85,63.91,209.9
DATAPATTNS-HAL,8,1718.68,587.81,483.67
COFORGE-KPITTECH,8,899.7,248.59,246.84
LTM-PERSISTENT,8,1478.51,393.1,392.15
IRCTC-IRFC,8,1281.46,179.24,393.91
RECLTD-TATAPOWER,8,1538.61,710.65,409.28
DLF-PHOENIXLTD,8,1042.13,263.93,302.14
RVNL-SUZLON,8,16871.51,431.52,5409.56
EICHERMOT-M&M,8,1767.69,403.24,497.93
DLF-IREDA,8,2411.9,586.34,787.38
ADANIENSOL-ADANIPOWER,8,717.65,292.54,173.93
COCHINSHIP-RVNL,8,2373.99,381.12,679.51
GODREJPROP-PHOENIXLTD,8,664.97,423.22,185.82
MOTHERSON-TMPV,8,466.96,216.25,112.39
ADANIENSOL-ADANIPORTS,8,930.94,510.51,266.81
BDL-SOLARINDS,8,5494.53,282.71,1733.06
IREDA-RAILTEL,8,1040.38,269.0,283.55
OFSS-TATAELXSI,8,887.37,329.4,224.05
BEL-RVNL,8,1180.01,656.09,334.74
JIOFIN-RVNL,8,2237.02,938.8,582.54
JSWSTEEL-NMDC,8,1447.68,378.98,412.05
NHPC-TATAPOWER,8,1399.29,234.75,391.6
HAL-RVNL,8,1116.6,392.06,323.54
LTM-MPHASIS,8,2145.17,149.12,648.14
HINDALCO-JSWSTEEL,8,819.36,434.36,157.01
LTM-TECHM,8,2108.65,530.06,739.26
GRSE-ZENTEC,8,1272.85,323.5,357.2
IREDA-TATAPOWER,8,589.46,317.65,157.51
INFY-MPHASIS,8,1839.9,315.7,512.97
MPHASIS-WIPRO,8,926.33,245.94,255.76
HDFCLIFE-SBILIFE,8,857.18,410.73,243.55
CANBK-PFC,8,14558.43,629.53,4592.54
HEROMOTOCO-M&M,8,647.77,268.11,149.86
CAMS-CDSL,8,734.3,299.62,210.43
RITES-RVNL,8,537.33,186.3,126.95
KAYNES-PGEL,8,1127.5,461.51,316.08
CDSL-RECLTD,8,1072.35,508.21,309.14
BANKINDIA-CENTRALBK,8,1114.73,281.08,304.75
BAJAJ-AUTO-M&M,8,950.57,411.39,259.1
PERSISTENT-TATAELXSI,8,1068.3,296.55,282.61
JSWENERGY-TATAPOWER,8,1330.13,177.74,478.72
INDIANB-SBIN,8,17654.75,391.84,6433.25
CDSL-MAZDOCK,8,1960.7,553.42,523.87
GAIL-IOC,8,12805.42,633.3,4055.49
BDL-IRFC,8,1740.0,534.43,483.36
BANKINDIA-RECLTD,8,4159.06,479.89,1225.54
BHEL-MAZDOCK,8,3035.1,415.35,1171.73
HINDZINC-TATASTEEL,8,4826.07,396.14,1482.96
CENTRALBK-MAHABANK,8,357.06,233.05,104.24
GODREJPROP-NBCC,8,4333.66,486.13,1306.19
PFC-TATAPOWER,8,1045.59,552.67,254.49
M&M-TMPV,8,2232.77,840.3,625.94
HUDCO-RVNL,8,2568.29,421.11,781.74
CENTRALBK-IOB,8,926.47,138.55,300.27
PNB-RECLTD,8,19217.25,550.67,6488.37
BANKINDIA-MAHABANK,8,660.32,379.75,163.6
ABB-SIEMENS,8,1312.87,305.59,363.05
IRCON-MAZDOCK,8,1105.44,464.82,299.93
ABCAPITAL-IREDA,8,800.92,301.3,215.68
CDSL-RVNL,8,3212.77,692.31,890.32
CANBK-IREDA,8,2355.29,618.01,661.79
HEROMOTOCO-MARUTI,8,1443.64,423.39,372.46
NBCC-PFC,8,2338.75,683.61,699.69
CANBK-CENTRALBK,8,943.27,534.22,279.42
HCLTECH-MPHASIS,8,539.01,184.98,133.44
CENTRALBK-PNB,8,574.72,161.3,159.52
BDL-SUZLON,8,1411.28,506.7,365.3
JIOFIN-MAZDOCK,8,3093.13,658.62,889.77
LTM-TCS,8,496.15,203.1,136.67
JINDALSTEL-NATIONALUM,8,3180.56,531.77,935.49
LTM-WIPRO,8,1195.08,209.36,342.96
BANKINDIA-IREDA,8,2294.41,455.93,605.76
HDFCBANK-ICICIBANK,8,858.27,230.71,218.09
IRFC-RITES,8,293.85,92.92,78.23
INFY-LTM,8,8132.7,392.62,2555.6
BANKBARODA-RECLTD,8,6175.57,1022.04,1904.03
BEL-BHEL,8,1030.84,638.62,237.79
TATAELXSI-TATATECH,8,4654.93,384.19,1458.46
NTPC-TATAPOWER,8,1721.26,241.11,497.15
BANKINDIA-RBLBANK,8,463.27,347.75,76.71
HCLTECH-LTM,8,489.24,198.1,128.22
OFSS-TECHM,8,1345.91,414.01,364.62
RAILTEL-RITES,8,241.52,92.34,64.3
JINDALSTEL-SAIL,8,961.01,562.77,253.14
BEML-DATAPATTNS,8,1060.4,384.61,308.6
DLF-IRFC,8,1423.96,363.98,404.96
OFSS-WIPRO,8,682.1,290.87,177.4
ADANIGREEN-IREDA,8,1493.73,392.57,503.41
IREDA-SJVN,8,336.37,184.74,75.55
ETERNAL-SWIGGY,8,1101.95,379.53,257.3
DLF-RECLTD,8,2503.19,366.7,800.53
DLF-JIOFIN,8,1308.03,197.43,367.32
INOXWIND-JIOFIN,8,1233.79,411.06,353.19
ADANIENSOL-TATAPOWER,8,1342.91,467.9,327.25
INOXWIND-RECLTD,8,8733.76,745.15,2809.15
CENTRALBK-UCOBANK,8,10666.62,63.73,3505.4
GAIL-TATAPOWER,8,1166.29,439.18,357.88
MPHASIS-TATAELXSI,8,490.32,243.78,100.83
MAZDOCK-ZENTEC,8,629.19,388.21,139.67
IRCTC-IREDA,8,630.83,233.69,195.82
JIOFIN-SUZLON,8,930.21,393.05,280.3
BAJFINANCE-CHOLAFIN,8,2568.08,475.11,748.5
TATAELXSI-WIPRO,8,3907.79,615.1,1397.58
BDL-INOXWIND,8,5349.27,440.33,1637.75
GODREJPROP-IREDA,8,864.59,317.64,262.72
AMBER-DIXON,8,1614.35,1106.59,530.09
GRSE-RVNL,8,1002.8,555.03,262.41
TATAELXSI-TCS,8,5579.05,338.36,1723.58
ADANIENT-ADANIPOWER,8,1503.07,428.44,418.09
COCHINSHIP-NBCC,8,2028.4,987.98,636.96
IREDA-NHPC,8,662.06,316.95,179.59
HAL-NBCC,8,3328.18,637.53,947.14
OFSS-TCS,8,9115.99,359.67,2915.06
ADANIENT-JIOFIN,8,5624.83,515.56,1829.64
JIOFIN-PFC,8,4511.97,850.32,1632.27
IREDA-TITAGARH,8,682.34,350.31,122.32
KPITTECH-MPHASIS,8,995.81,196.22,297.08
ABCAPITAL-JIOFIN,8,762.42,518.04,171.57
CANBK-JIOFIN,8,624.0,470.44,151.42
KPITTECH-OFSS,8,4421.81,308.94,1339.27
BANKINDIA-PFC,8,7936.16,480.54,2458.12
HINDALCO-JINDALSTEL,8,1375.29,434.49,382.83
BAJFINANCE-SHRIRAMFIN,8,1822.63,449.71,498.91
KPITTECH-PERSISTENT,8,1246.26,454.18,301.33
BHEL-INOXWIND,8,907.94,368.21,192.56
POWERGRID-TATAPOWER,8,616.68,244.44,152.95
MAHABANK-PNB,8,1047.86,262.12,294.85
ADANIPORTS-AMBUJACEM,8,3140.32,250.06,940.81
TATAELXSI-TECHM,8,2756.82,1455.73,885.23
PFC-PNB,8,1657.53,549.35,463.78
ADANIGREEN-NHPC,8,2743.78,563.62,869.85
NBCC-TATAPOWER,8,2354.47,653.88,624.13
CDSL-DLF,8,3051.32,292.79,921.5
IREDA-LICHSGFIN,8,841.45,400.9,220.23
BANKBARODA-CENTRALBK,8,1530.19,327.09,446.92
BHEL-IREDA,8,1537.67,469.38,406.39
PNB-YESBANK,8,4147.73,405.49,1258.41
INFY-OFSS,8,906.83,270.74,232.51
MAZDOCK-TITAGARH,8,1084.89,410.17,344.82
PFC-RVNL,8,21991.93,959.24,7074.7
HUDCO-PFC,8,2731.85,675.2,802.9
IREDA-PNB,8,663.36,511.9,164.71
ADANIGREEN-JSWENERGY,8,766.1,594.96,215.79
DIXON-KAYNES,8,8705.56,406.72,2749.75
CANBK-MAHABANK,8,732.49,254.98,208.22
ADANIENT-TATAPOWER,8,1514.14,537.1,428.85
GMRAIRPORT-IREDA,8,873.17,438.87,271.81
ADANIENT-IREDA,8,339105.94,607.14,111884.87
BEL-NBCC,8,1507.73,618.42,370.47
IRFC-TATAPOWER,8,539.21,343.16,105.43
CDSL-INOXWIND,8,942.31,353.14,231.12
BHEL-SUZLON,8,3030.12,269.85,914.32
RECLTD-SUZLON,8,1875.19,709.38,500.57
RAILTEL-TITAGARH,8,247.85,142.56,70.74
IREDA-LTF,8,614.95,411.12,140.19
MARUTI-TVSMOTOR,8,1628.07,350.62,455.48
HAL-SOLARINDS,8,900.03,320.42,286.68
BANKINDIA-YESBANK,8,707.47,428.94,158.49
BHEL-NBCC,8,2608.21,322.51,835.53
CDSL-KFINTECH,8,1993.83,322.9,572.63
CANBK-YESBANK,8,3443.91,584.13,998.91
CENTRALBK-UNIONBANK,8,526.1,247.56,151.86
BAJAJ-AUTO-MARUTI,8,1827.05,438.82,511.56
MAHABANK-UNIONBANK,8,824.27,308.01,246.58
IOC-PETRONET,8,2476.81,405.11,853.33
COCHINSHIP-IREDA,8,1105.06,868.08,285.13
CANBK-RBLBANK,8,2054.14,504.45,581.7
BDL-CDSL,8,8093.25,507.78,2537.98
NBCC-RAILTEL,8,410.29,198.14,131.84
LAURUSLABS-ZYDUSLIFE,8,1773.95,474.19,500.47
JIOFIN-TATAPOWER,8,1419.86,435.59,391.54
ABCAPITAL-BANKINDIA,8,81775.65,467.21,26911.01
DLF-RVNL,8,14970.07,1031.5,4736.44
RECLTD-UNIONBANK,8,1218.12,645.32,303.21
CGPOWER-NBCC,8,2298.91,404.54,662.14
LTM-OFSS,8,1545.44,483.43,434.36
LUPIN-ZYDUSLIFE,8,1294.96,272.99,357.79
IREDA-JWL,8,651.16,451.29,122.62
ADANIGREEN-ATGL,8,852.72,372.47,230.25
HCLTECH-OFSS,8,710.76,342.09,163.88
BDL-BHEL,8,1780.6,615.53,496.26
ABCAPITAL-CANBK,8,656.17,312.08,126.36
IRFC-NHPC,8,660.3,358.59,171.12
BSE-IREDA,8,5177.21,1768.46,1771.68
ABCAPITAL-RECLTD,8,831.95,337.46,261.14
JINDALSTEL-VEDL,8,7154.85,546.16,2209.33
PHOENIXLTD-PRESTIGE,8,1219.73,529.15,387.07
COCHINSHIP-IRCON,8,1110.22,401.52,368.87
CANBK-NBCC,8,1335.49,528.25,326.45
BANKINDIA-NBCC,8,1649.37,416.09,506.72
CDSL-PFC,8,1760.51,625.33,445.56
IRFC-SJVN,8,614.56,171.3,202.6
LICHSGFIN-RECLTD,8,2298.44,679.1,704.53
BANKINDIA-IRFC,8,1766.88,500.97,433.64
CDSL-HUDCO,8,1038.59,309.91,298.82
BEL-IRFC,8,926.7,432.58,233.76
INOXWIND-IRCON,8,987.39,350.54,306.44
MANAPPURAM-MUTHOOTFIN,8,1226.05,526.75,329.09
ADANIGREEN-AMBUJACEM,8,1071.07,264.69,336.4
BANDHANBNK-BANKINDIA,8,3897.42,917.04,1314.14
BAJFINANCE-JIOFIN,8,887.05,374.39,292.04
MARUTI-TMPV,8,922.57,319.44,272.86
COFORGE-TATATECH,8,976.39,402.54,243.45
BANKINDIA-JIOFIN,8,5061.28,466.33,1550.18
JIOFIN-PNB,8,3499.35,418.83,1333.98
CGPOWER-HAL,8,3254.51,598.6,1036.62
ADANIPORTS-JIOFIN,8,2047.38,397.1,644.83
LTF-SHRIRAMFIN,8,554.09,279.41,139.86
ANGELONE-IREDA,8,4970.98,512.02,1473.04
CONCOR-IREDA,8,12795.85,310.33,4108.69
PNB-RBLBANK,8,1659.81,275.46,467.78
MAZDOCK-RECLTD,8,1816.1,250.76,573.19
CGPOWER-RVNL,8,2050.99,631.76,662.77
LTM-TATAELXSI,8,1849.75,223.45,540.67
COCHINSHIP-ZENTEC,8,2124.56,470.8,699.67
BHARATFORG-MOTHERSON,8,1158.89,160.94,329.31
GLENMARK-LAURUSLABS,8,1397.78,316.69,401.39
NBCC-TITAGARH,8,589.12,209.82,141.79
HEROMOTOCO-MOTHERSON,8,1340.29,662.74,330.1
JIOFIN-LTF,8,835.13,603.92,182.04
INFY-TATAELXSI,8,619.66,426.11,155.07
AUROPHARMA-LUPIN,8,1134.89,727.02,246.55
BEL-SOLARINDS,8,480.88,350.44,125.5
LODHA-PHOENIXLTD,8,1119.88,430.68,310.17
HINDCOPPER-VEDL,8,1521.44,514.77,426.21
CGPOWER-MAZDOCK,8,4553.7,406.69,1575.27
JIOFIN-RELIANCE,8,1303.19,642.34,297.1
HAL-IREDA,8,8533.61,543.45,2661.22
CDSL-TATAPOWER,8,1353.29,588.91,409.6
IRCTC-RVNL,8,669.62,319.44,192.78
HEROMOTOCO-TMPV,8,928.35,677.8,217.22
UNIONBANK-YESBANK,8,1204.41,353.98,345.73
CDSL-LTF,8,6910.87,480.95,2149.65
CHOLAFIN-SHRIRAMFIN,8,740.54,377.03,169.36
COCHINSHIP-IRFC,8,768.25,424.71,182.29
BSE-JIOFIN,8,3995.74,1024.07,1238.92
CDSL-SUZLON,8,1276.74,571.76,375.66
BANKBARODA-MAHABANK,8,834.95,249.47,229.38
DLF-PFC,8,6493.35,353.63,2124.63
CAMS-IREDA,8,1473.46,399.34,396.9
GLENMARK-ZYDUSLIFE,8,1295.64,311.69,347.76
BDL-ZENTEC,8,4233.78,265.98,1301.27
ABCAPITAL-CDSL,8,800.78,175.56,215.82
CDSL-HDFCAMC,8,2811.58,365.09,825.05
JIOFIN-TMPV,8,2299.04,458.62,697.91
BHEL-RVNL,8,4603.41,359.73,1370.4
BDL-IRCON,8,1569.63,450.7,425.54
DIXON-KALYANKJIL,8,8797.87,472.47,2749.43
ADANIENT-NBCC,8,3579.95,374.39,1125.44
BANKINDIA-IDBI,8,1347.32,419.65,336.68
LTF-RECLTD,8,1806.34,316.11,495.77
HUDCO-INOXWIND,8,704.29,431.0,161.05
BEML-IRCON,8,359.76,152.69,94.27
BANKINDIA-LTF,8,2066.97,504.58,643.23
CANBK-IRFC,8,1230.99,560.69,289.46
IOB-MAHABANK,8,4688.4,111.97,1499.51
IDFCFIRSTB-PNB,8,3863.68,229.88,1174.79
BDL-JIOFIN,8,903.36,396.96,235.17
CANBK-LTF,8,1408.02,447.01,455.39
HAL-IRFC,8,1241.79,326.6,320.59
HCLTECH-TATAELXSI,8,446.03,227.71,100.26
JSWENERGY-NHPC,8,851.17,376.83,238.2
INDHOTEL-JIOFIN,8,867.59,180.61,240.71
BEL-JIOFIN,8,833.35,438.62,219.66
CANBK-IDFCFIRSTB,8,1051.65,440.87,293.7
ADANIENSOL-JSWENERGY,8,940.3,316.24,262.26
AUROPHARMA-ZYDUSLIFE,8,1054.13,646.09,278.27
GRSE-NBCC,8,1243.83,551.6,431.25
JWL-MAZDOCK,8,1220.98,303.5,327.7
ABCAPITAL-PFC,8,1513.12,416.81,414.88
BANKBARODA-PFC,8,10771.36,564.17,3340.96
JWL-RITES,8,824.18,102.92,292.63
KPITTECH-TCS,8,3467.57,444.34,1024.76
IREDA-JSWENERGY,8,797.27,413.28,188.35
DIVISLAB-LAURUSLABS,8,995.88,246.07,270.42
GMRAIRPORT-NBCC,8,443.02,357.18,105.83
JIOFIN-LT,8,2803.52,637.82,769.68
EXIDEIND-IREDA,8,2542.29,627.2,693.23
GRSE-IRCON,8,1157.11,242.58,358.37
DLF-MAZDOCK,8,874.41,365.89,206.52
BHEL-IRFC,8,867.67,447.61,252.85
CGPOWER-IREDA,8,15436.52,378.36,4913.71
GODREJPROP-IRFC,8,3403.71,391.04,1001.01
ADANIPOWER-ATGL,8,2243.02,257.26,689.85
INDHOTEL-IREDA,8,619.94,337.1,171.31
CANBK-FEDERALBNK,8,857.36,469.73,196.92
BIOCON-LAURUSLABS,8,1096.1,342.26,325.87
EXIDEIND-NBCC,8,1898.89,441.59,530.49
GRSE-IRFC,8,1385.61,357.35,371.27
HINDZINC-JINDALSTEL,8,30873.64,468.84,9999.34
AMBUJACEM-ULTRACEMCO,8,1109.79,411.81,356.05
BANKBARODA-IREDA,8,3493.39,595.19,1032.02
ADANIPORTS-GMRAIRPORT,8,1960.2,311.74,746.09
LODHA-NBCC,8,855.73,513.59,189.21
ABCAPITAL-IRFC,8,840.91,466.15,229.49
ABCAPITAL-PNB,8,1216.5,382.28,332.94
PFC-RECLTD,10,225.55,157.35,70.57
BDL-MAZDOCK,10,5605.66,306.82,1607.23
GRSE-MAZDOCK,10,567.79,214.16,153.55
BANKBARODA-CANBK,10,922.33,199.31,252.11
BPCL-HINDPETRO,10,567.23,176.7,141.74
CANBK-PNB,10,830.99,190.09,219.83
IRFC-RVNL,10,959.03,183.47,259.01
BPCL-IOC,10,416.57,164.68,114.94
INFY-TCS,10,645.24,330.02,181.49
BANKINDIA-CANBK,10,1682.47,184.29,551.3
BEL-HAL,10,494.04,206.1,114.08
COCHINSHIP-GRSE,10,624.32,212.84,176.92
BDL-HAL,10,814.97,256.16,209.63
BANKINDIA-UNIONBANK,10,564.37,174.72,128.99
HAL-MAZDOCK,10,2357.03,224.58,627.35
ADANIENT-ADANIGREEN,10,526.79,230.26,124.86
IREDA-IRFC,10,481.84,243.99,132.86
HINDPETRO-IOC,10,2167.5,248.48,596.91
BANKINDIA-PNB,10,556.75,161.24,168.54
BANKBARODA-PNB,10,711.8,167.14,167.12
CANBK-UNIONBANK,10,790.27,189.93,242.67
BEL-MAZDOCK,10,3114.83,228.21,860.26
ADANIENSOL-ADANIGREEN,10,557.63,309.08,122.49
BANKBARODA-BANKINDIA,10,516.34,165.54,109.45
BDL-BEL,10,5231.92,392.95,1451.89
COCHINSHIP-MAZDOCK,10,505.48,192.33,164.94
DLF-GODREJPROP,10,1637.54,188.18,431.03
BDL-GRSE,10,3554.07,249.67,995.59
PNB-UNIONBANK,10,599.99,285.47,145.25
HINDZINC-VEDL,10,574.72,396.46,133.87
NATIONALUM-VEDL,10,1274.36,413.87,323.45
BANKBARODA-UNIONBANK,10,495.01,229.47,146.28
IRCON-RVNL,10,6260.93,190.58,1812.08
BANKINDIA-INDIANB,10,2844.12,252.97,837.49
ADANIENT-ADANIPORTS,10,1330.31,230.79,347.78
DATAPATTNS-GRSE,10,963.34,413.66,272.16
HCLTECH-TCS,10,716.43,228.02,194.71
BSE-CDSL,10,1197.23,368.18,343.14
IREDA-RVNL,10,790.62,251.47,201.07
HINDZINC-NATIONALUM,10,711.26,492.68,145.4
GRAPHITE-HEG,10,359.94,171.99,95.67
INDIANB-UNIONBANK,10,786.19,438.55,221.83
HINDALCO-NATIONALUM,10,827.62,276.66,227.49
IRCON-RAILTEL,10,804.06,87.93,226.57
COFORGE-PERSISTENT,10,767.47,456.09,234.18
HCLTECH-INFY,10,2113.44,201.96,585.57
IRCON-IRFC,10,467.1,191.38,152.31
CHENNPETRO-MRPL,10,1051.82,200.85,273.35
NBCC-RVNL,10,3512.68,472.93,1030.29
JSWSTEEL-TATASTEEL,10,1073.98,140.5,281.63
TCS-WIPRO,10,18880.51,345.63,5570.95
CANBK-INDIANB,10,1444.39,245.55,414.65
NMDC-TATASTEEL,10,1492.66,386.09,439.18
DLF-PRESTIGE,10,321.36,188.03,74.16
INFY-WIPRO,10,1021.45,370.87,263.12
IREDA-NBCC,10,911.4,285.2,226.29
ADANIENSOL-ADANIENT,10,717.31,371.58,191.97
IREDA-RECLTD,10,471.55,261.1,91.05
JINDALSTEL-TATASTEEL,10,548.76,285.28,141.19
CANBK-SBIN,10,1937.08,404.4,488.4
IRFC-NBCC,10,461.62,401.88,136.46
BANKBARODA-INDIANB,10,55194.44,193.15,16467.39
HCLTECH-TECHM,10,477.61,191.43,116.26
DLF-LODHA,10,483.88,261.37,134.54
INDIANB-PNB,10,570.14,178.9,163.8
GODREJPROP-PRESTIGE,10,345.79,194.83,90.39
BDL-COCHINSHIP,10,702.73,289.56,206.67
BEL-GRSE,10,708.24,313.24,160.81
DATAPATTNS-MAZDOCK,10,533.49,264.67,149.78
TCS-TECHM,10,701.23,330.71,168.05
HINDALCO-VEDL,10,998.7,255.41,267.09
IRCON-JWL,10,3821.77,286.11,1072.65
GODREJPROP-LODHA,10,300.72,186.82,64.07
BANKBARODA-SBIN,10,1070.42,464.26,275.61
HINDALCO-TATASTEEL,10,944.8,475.67,227.65
INFY-TECHM,10,547.76,235.05,147.48
COFORGE-MPHASIS,10,2320.32,307.52,647.71
ABCAPITAL-LTF,10,438.18,190.7,105.24
GRSE-HAL,10,646.06,259.67,144.89
NATIONALUM-NMDC,10,3191.75,386.19,1085.64
DLF-OBEROIRLTY,10,1784.19,195.31,475.5
JBCHEPHARM-TORNTPHARM,10,102.94,49.06,31.34
GODREJPROP-OBEROIRLTY,10,1511.04,232.09,393.16
IRFC-RECLTD,10,1463.0,202.76,421.87
RAILTEL-RVNL,10,417.51,191.14,124.05
BSE-MCX,10,3332.64,463.98,918.54
HCLTECH-WIPRO,10,670.12,316.77,142.24
MAZDOCK-RVNL,10,3575.38,489.22,955.18
INOXWIND-SUZLON,10,978.88,208.68,263.1
INOXWIND-IREDA,10,4462.86,425.33,1241.13
HUDCO-IREDA,10,771.4,303.8,216.93
PNB-SBIN,10,2072.36,395.86,544.67
COFORGE-INFY,10,1343.05,328.49,370.55
TECHM-WIPRO,10,868.81,393.02,247.07
MPHASIS-PERSISTENT,10,1021.51,230.02,326.98
IRFC-RAILTEL,10,325.51,121.3,83.06
SAIL-TATASTEEL,10,797.09,246.51,199.42
COFORGE-TECHM,10,1299.33,319.52,364.68
BAJAJFINSV-BAJFINANCE,10,605.26,255.96,139.11
CDSL-IREDA,10,955.06,352.21,247.48
ANGELONE-BSE,10,2000.77,453.31,511.89
COFORGE-TCS,10,1562.98,361.2,438.22
BDL-DATAPATTNS,10,2143.11,337.56,563.56
COCHINSHIP-DATAPATTNS,10,1649.85,424.15,452.54
BANKINDIA-SBIN,10,3340.41,330.37,917.4
ADANIGREEN-ADANIPORTS,10,683.42,245.73,143.8
INOXWIND-NBCC,10,491.77,244.45,124.59
HEROMOTOCO-TVSMOTOR,10,1131.31,252.43,301.16
IREDA-PFC,10,849.33,236.71,194.82
JINDALSTEL-JSWSTEEL,10,967.18,370.79,247.05
LODHA-PRESTIGE,10,620.42,188.07,168.39
JINDALSTEL-NMDC,10,1409.92,262.18,467.77
IREDA-JIOFIN,10,746.21,345.87,186.53
HINDCOPPER-HINDZINC,10,2605.69,422.3,700.79
IRCON-RITES,10,295.2,139.12,76.54
IRFC-MAZDOCK,10,688.03,239.46,186.06
IRCON-TITAGARH,10,925.29,246.02,246.96
HINDALCO-HINDZINC,10,815.0,274.98,204.39
COFORGE-WIPRO,10,1261.83,592.24,348.28
IRCON-IREDA,10,1061.87,361.96,261.09
IREDA-SUZLON,10,563.98,290.84,145.33
ANGELONE-CDSL,10,1018.22,242.81,319.61
NATIONALUM-TATASTEEL,10,1721.63,368.12,524.53
CDSL-IRFC,10,1509.11,192.08,424.69
EICHERMOT-HEROMOTOCO,10,2491.54,263.5,669.01
HUDCO-NBCC,10,1054.64,185.43,316.28
OBEROIRLTY-PRESTIGE,10,314.18,227.32,64.39
NTPC-POWERGRID,10,2547.63,279.64,694.66
COFORGE-HCLTECH,10,21715.68,522.65,6379.7
HUDCO-IRFC,10,1166.36,196.02,312.11
ADANIGREEN-ADANIPOWER,10,978.83,301.54,254.33
BAJAJ-AUTO-HEROMOTOCO,10,715.26,375.66,214.46
TATASTEEL-VEDL,10,768.45,343.28,196.99
COFORGE-OFSS,10,672.02,304.52,197.33
SBIN-UNIONBANK,10,465.09,209.43,132.72
MAZDOCK-NBCC,10,6502.36,425.3,1834.41
COFORGE-LTM,10,3690.28,191.91,1112.9
IREDA-MAZDOCK,10,948.21,340.54,229.63
INOXWIND-IRFC,10,710.91,253.81,225.05
JWL-TITAGARH,10,982.89,137.01,309.0
BEML-COCHINSHIP,10,735.77,221.2,202.97
PERSISTENT-TECHM,10,822.69,235.33,217.2
BEL-COCHINSHIP,10,753.17,245.36,211.96
RVNL-TITAGARH,10,2285.67,301.0,627.95
IRFC-PFC,10,1243.13,322.55,371.36
JWL-RVNL,10,11140.77,423.32,3220.16
BEML-MAZDOCK,10,535.41,231.36,170.5
BDL-RVNL,10,1831.74,536.87,449.59
NMDC-VEDL,10,629.67,344.66,174.87
COCHINSHIP-HAL,10,1076.47,245.79,258.28
BEML-GRSE,10,775.33,215.38,225.95
IRFC-SUZLON,10,884.45,414.17,223.63
NBCC-RECLTD,10,2169.52,458.92,661.41
CDSL-NBCC,10,1434.53,368.28,385.59
BAJAJ-AUTO-EICHERMOT,10,519.33,201.87,135.66
EICHERMOT-TVSMOTOR,10,1062.8,196.36,261.81
MAZDOCK-SUZLON,10,1894.02,514.7,503.83
LODHA-OBEROIRLTY,10,3252.47,290.19,910.22
JIOFIN-NBCC,10,632.26,287.35,143.2
M&M-MARUTI,10,605.67,266.79,129.8
JBMA-OLECTRA,10,555.09,163.02,136.02
ADANIENT-AMBUJACEM,10,2621.41,388.86,753.13
OFSS-PERSISTENT,10,1093.5,325.92,298.78
PREMIERENE-WAAREEENER,10,714.55,301.98,196.13
NBCC-SUZLON,10,1663.96,150.1,584.64
MPHASIS-TECHM,10,515.34,316.39,115.88
MAZDOCK-SOLARINDS,10,815.8,252.24,222.84
IRFC-JIOFIN,10,3623.25,346.65,1031.49
HINDCOPPER-NATIONALUM,10,859.06,391.03,256.71
CDSL-JIOFIN,10,1873.34,245.74,648.17
IDEA-INDUSTOWER,10,53876.53,279.76,16071.54
CANBK-RECLTD,10,3538.29,537.02,966.2
BDL-NBCC,10,27589.06,505.25,8119.61
BEL-DATAPATTNS,10,510.67,242.32,125.91
HINDZINC-NMDC,10,5147.43,411.35,1425.24
MPHASIS-OFSS,10,833.77,234.98,195.38
INFY-PERSISTENT,10,956.41,314.69,243.73
INOXWIND-RVNL,10,886.99,276.32,217.28
JIOFIN-RECLTD,10,2264.36,435.72,623.14
KPITTECH-TATAELXSI,10,1794.63,321.47,463.18
JWL-RAILTEL,10,963.94,190.64,293.06
PERSISTENT-TCS,10,4502.55,468.51,1253.34
RECLTD-RVNL,10,671.77,301.93,182.2
NMDC-SAIL,10,1424.36,436.1,347.67
HINDALCO-NMDC,10,821.44,526.97,243.86
KEI-POLYCAB,10,607.46,176.85,146.96
ADANIGREEN-TATAPOWER,10,1452.32,369.32,364.76
HCLTECH-PERSISTENT,10,778.1,285.5,168.94
BAJAJ-AUTO-TVSMOTOR,10,539.63,180.7,150.78
COFORGE-TATAELXSI,10,1779.73,476.51,462.23
BDL-BEML,10,3193.65,258.19,1078.38
IRFC-TITAGARH,10,482.65,207.04,138.02
INOXWIND-MAZDOCK,10,1104.39,394.93,282.62
OIL-ONGC,10,498.71,239.92,97.42
HUDCO-RECLTD,10,1051.22,279.57,248.28
IRCON-NBCC,10,632.57,383.7,173.91
DLF-NBCC,10,756.55,320.54,200.17
IRFC-JWL,10,1876.07,151.7,516.85
CDSL-MCX,10,1211.97,423.13,278.74
M&M-TVSMOTOR,10,2000.59,207.63,543.97
BDL-IREDA,10,2583.43,367.2,685.01
PERSISTENT-WIPRO,10,1089.34,278.51,273.77
EICHERMOT-MARUTI,10,641.95,331.04,156.82
MPHASIS-TCS,10,1037.62,188.25,295.88
ACC-AMBUJACEM,10,714.47,70.53,202.8
DATAPATTNS-HAL,10,953.6,276.73,262.58
COFORGE-KPITTECH,10,2648.32,459.47,707.61
LTM-PERSISTENT,10,1439.76,318.18,367.79
IRCTC-IRFC,10,678.21,210.73,210.86
RECLTD-TATAPOWER,10,1122.28,419.43,287.42
DLF-PHOENIXLTD,10,895.09,226.4,221.27
RVNL-SUZLON,10,9512.94,306.77,2760.6
EICHERMOT-M&M,10,2385.12,276.53,646.62
DLF-IREDA,10,1888.37,302.17,677.38
ADANIENSOL-ADANIPOWER,10,1877.73,333.93,483.42
COCHINSHIP-RVNL,10,3915.41,380.69,1078.1
GODREJPROP-PHOENIXLTD,10,534.71,198.56,141.58
MOTHERSON-TMPV,10,383.37,204.58,94.35
ADANIENSOL-ADANIPORTS,10,1427.63,392.28,374.08
BDL-SOLARINDS,10,3809.31,313.59,1057.88
IREDA-RAILTEL,10,440.24,254.71,117.76
OFSS-TATAELXSI,10,1217.11,371.72,297.7
BEL-RVNL,10,1834.12,307.55,482.28
JIOFIN-RVNL,10,13614.91,382.24,3967.19
JSWSTEEL-NMDC,10,5773.88,254.46,1758.94
NHPC-TATAPOWER,10,379.34,225.57,72.15
HAL-RVNL,10,9391.07,727.89,2689.49
LTM-MPHASIS,10,672.06,154.92,193.3
HINDALCO-JSWSTEEL,10,859.87,366.68,196.38
LTM-TECHM,10,907.01,258.86,294.88
GRSE-ZENTEC,10,1705.76,487.32,417.5
IREDA-TATAPOWER,10,696.76,279.06,144.36
INFY-MPHASIS,10,659.73,204.25,186.22
MPHASIS-WIPRO,10,619.69,254.78,127.56
HDFCLIFE-SBILIFE,10,674.84,273.32,168.32
CANBK-PFC,10,34945.94,494.66,10294.99
HEROMOTOCO-M&M,10,531.29,249.13,127.32
CAMS-CDSL,10,1478.94,208.14,380.77
RITES-RVNL,10,618.42,157.24,145.7
KAYNES-PGEL,10,3716.59,270.57,1030.53
CDSL-RECLTD,10,928.54,470.88,245.75
BANKINDIA-CENTRALBK,10,570.98,369.1,176.81
BAJAJ-AUTO-M&M,10,720.83,201.4,195.15
PERSISTENT-TATAELXSI,10,1099.99,258.63,337.58
JSWENERGY-TATAPOWER,10,773.54,182.49,222.88
INDIANB-SBIN,10,12967.45,542.73,3830.5
CDSL-MAZDOCK,10,1262.08,429.88,297.93
GAIL-IOC,10,954.68,264.9,226.47
BDL-IRFC,10,525.73,347.42,129.25
BANKINDIA-RECLTD,10,1984.11,785.61,658.75
BHEL-MAZDOCK,10,10594.44,472.79,3042.4
HINDZINC-TATASTEEL,10,1779.53,419.88,488.19
CENTRALBK-MAHABANK,10,1432.46,255.04,420.48
GODREJPROP-NBCC,10,20139.0,294.21,5943.76
PFC-TATAPOWER,10,578.87,377.14,127.93
M&M-TMPV,10,2104.59,325.51,540.88
HUDCO-RVNL,10,519.64,398.74,148.24
CENTRALBK-IOB,10,2382.51,171.39,694.16
PNB-RECLTD,10,15601.92,579.2,4521.12
BANKINDIA-MAHABANK,10,4082.1,301.6,1221.89
ABB-SIEMENS,10,2188.42,170.88,596.44
IRCON-MAZDOCK,10,922.37,225.08,267.93
ABCAPITAL-IREDA,10,597.72,432.87,146.15
CDSL-RVNL,10,826.53,388.34,218.93
CANBK-IREDA,10,3204.57,429.48,897.82
HEROMOTOCO-MARUTI,10,1244.72,263.57,307.67
NBCC-PFC,10,1752.61,938.45,547.74
CANBK-CENTRALBK,10,595.89,329.73,198.64
HCLTECH-MPHASIS,10,635.87,190.04,160.22
CENTRALBK-PNB,10,1245.08,137.96,340.74
BDL-SUZLON,10,2264.75,564.74,548.88
JIOFIN-MAZDOCK,10,1151.5,406.66,322.87
LTM-TCS,10,699.23,242.49,193.56
JINDALSTEL-NATIONALUM,10,736.74,351.74,171.15
LTM-WIPRO,10,635.86,260.29,184.94
BANKINDIA-IREDA,10,2373.5,394.52,829.4
HDFCBANK-ICICIBANK,10,399.39,244.23,86.75
IRFC-RITES,10,268.79,108.94,62.2
INFY-LTM,10,1377.4,297.05,369.98
BANKBARODA-RECLTD,10,11435.94,468.0,3586.06
BEL-BHEL,10,1199.81,307.27,316.81
TATAELXSI-TATATECH,10,471.67,211.79,119.87
NTPC-TATAPOWER,10,12781.64,180.95,3762.44
BANKINDIA-RBLBANK,10,2013.07,506.27,549.06
HCLTECH-LTM,10,541.7,233.66,148.89
OFSS-TECHM,10,702.22,415.83,176.7
RAILTEL-RITES,10,311.51,95.75,78.56
JINDALSTEL-SAIL,10,566.65,311.52,110.53
BEML-DATAPATTNS,10,530.37,253.82,138.37
DLF-IRFC,10,1038.99,200.11,295.3
OFSS-WIPRO,10,3577.92,511.4,959.85
ADANIGREEN-IREDA,10,2542.48,345.1,674.99
IREDA-SJVN,10,510.64,207.99,110.54
ETERNAL-SWIGGY,10,762.08,384.32,184.82
DLF-RECLTD,10,2250.5,343.94,810.83
DLF-JIOFIN,10,5417.74,182.57,1555.34
INOXWIND-JIOFIN,10,434.16,216.8,84.06
ADANIENSOL-TATAPOWER,10,1523.83,511.09,407.82
INOXWIND-RECLTD,10,3314.12,284.03,899.04
CENTRALBK-UCOBANK,10,28550.45,85.83,8543.9
GAIL-TATAPOWER,10,1451.82,361.92,427.24
MPHASIS-TATAELXSI,10,781.37,281.94,176.68
MAZDOCK-ZENTEC,10,1560.62,239.63,403.43
IRCTC-IREDA,10,666.68,427.06,203.17
JIOFIN-SUZLON,10,1287.32,267.24,351.61
BAJFINANCE-CHOLAFIN,10,701.35,278.17,169.65
TATAELXSI-WIPRO,10,840.35,284.96,233.12
BDL-INOXWIND,10,14196.46,493.95,4298.81
GODREJPROP-IREDA,10,1325.54,251.04,409.31
AMBER-DIXON,10,4114.67,720.6,1252.39
GRSE-RVNL,10,900.47,472.51,179.51
TATAELXSI-TCS,10,2215.29,339.75,595.47
ADANIENT-ADANIPOWER,10,2164.67,390.74,629.62
COCHINSHIP-NBCC,10,1255.09,310.79,337.66
IREDA-NHPC,10,362.19,233.5,90.23
HAL-NBCC,10,2921.87,820.51,754.73
OFSS-TCS,10,1320.49,319.96,389.25
ADANIENT-JIOFIN,10,3049.81,385.53,852.57
JIOFIN-PFC,10,2338.01,419.48,618.7
IREDA-TITAGARH,10,768.36,378.82,215.19
KPITTECH-MPHASIS,10,1215.31,153.63,328.63
ABCAPITAL-JIOFIN,10,951.77,478.8,282.12
CANBK-JIOFIN,10,2710.44,581.11,672.52
KPITTECH-OFSS,10,1247.82,368.24,361.94
BANKINDIA-PFC,10,5687.87,612.03,1845.39
HINDALCO-JINDALSTEL,10,1103.05,407.02,292.79
BAJFINANCE-SHRIRAMFIN,10,1879.87,521.13,456.53
KPITTECH-PERSISTENT,10,2239.0,549.43,586.87
BHEL-INOXWIND,10,12588.65,379.38,3646.81
POWERGRID-TATAPOWER,10,1049.09,211.0,268.21
MAHABANK-PNB,10,1217.79,150.75,319.86
ADANIPORTS-AMBUJACEM,10,5205.88,374.75,1462.18
TATAELXSI-TECHM,10,1130.41,356.4,282.96
PFC-PNB,10,1351.73,337.53,320.11
ADANIGREEN-NHPC,10,1307.34,354.74,307.36
NBCC-TATAPOWER,10,1198.82,336.81,368.05
CDSL-DLF,10,1308.65,216.05,361.95
IREDA-LICHSGFIN,10,811.46,297.4,198.28
BANKBARODA-CENTRALBK,10,1023.07,180.0,307.8
BHEL-IREDA,10,1724.69,280.12,438.45
PNB-YESBANK,10,8124.47,353.18,2353.64
INFY-OFSS,10,374.81,248.77,94.04
MAZDOCK-TITAGARH,10,3428.45,595.84,932.83
PFC-RVNL,10,28103.07,343.76,8331.47
HUDCO-PFC,10,783.43,415.38,180.93
IREDA-PNB,10,1486.75,356.02,394.37
ADANIGREEN-JSWENERGY,10,1670.44,283.84,482.28
DIXON-KAYNES,10,1044.26,405.51,255.26
CANBK-MAHABANK,10,3041.95,276.39,845.24
ADANIENT-TATAPOWER,10,1123.43,372.08,333.66
GMRAIRPORT-IREDA,10,1222.26,326.37,326.67
ADANIENT-IREDA,10,2247.79,378.75,698.7
BEL-NBCC,10,2464.01,305.18,657.39
IRFC-TATAPOWER,10,1033.97,391.56,273.73
CDSL-INOXWIND,10,4618.36,292.59,1297.85
BHEL-SUZLON,10,3300.27,222.2,974.04
RECLTD-SUZLON,10,1463.89,542.91,459.95
RAILTEL-TITAGARH,10,877.63,101.33,238.45
IREDA-LTF,10,689.73,302.41,165.89
MARUTI-TVSMOTOR,10,763.94,360.21,172.78
HAL-SOLARINDS,10,1667.29,237.24,478.97
BANKINDIA-YESBANK,10,1580.31,377.23,402.75
BHEL-NBCC,10,2521.84,326.7,718.35
CDSL-KFINTECH,10,1303.46,125.61,373.76
CANBK-YESBANK,10,5760.0,519.17,1616.12
CENTRALBK-UNIONBANK,10,874.89,241.86,228.1
BAJAJ-AUTO-MARUTI,10,832.12,196.09,225.99
MAHABANK-UNIONBANK,10,966.67,209.55,279.84
IOC-PETRONET,10,800.48,353.0,188.3
COCHINSHIP-IREDA,10,11451.58,276.8,3339.19
CANBK-RBLBANK,10,1931.37,368.54,554.83
BDL-CDSL,10,5652.85,496.86,1576.07
NBCC-RAILTEL,10,701.37,220.38,184.38
LAURUSLABS-ZYDUSLIFE,10,3691.04,499.71,1065.55
JIOFIN-TATAPOWER,10,963.75,304.35,265.81
ABCAPITAL-BANKINDIA,10,546.1,272.19,114.39
DLF-RVNL,10,47361.84,459.25,14087.59
RECLTD-UNIONBANK,10,3304.45,553.32,838.41
CGPOWER-NBCC,10,976.52,271.06,231.92
LTM-OFSS,10,812.36,320.78,232.53
LUPIN-ZYDUSLIFE,10,886.35,172.91,221.99
IREDA-JWL,10,2521.48,374.55,681.34
ADANIGREEN-ATGL,10,2236.11,260.41,618.82
HCLTECH-OFSS,10,1648.02,259.32,417.6
BDL-BHEL,10,9157.55,519.35,2594.43
ABCAPITAL-CANBK,10,475.14,293.63,97.31
IRFC-NHPC,10,1379.14,322.57,342.74
BSE-IREDA,10,2138.9,667.53,570.53
ABCAPITAL-RECLTD,10,892.18,381.35,232.36
JINDALSTEL-VEDL,10,684.73,348.87,140.87
PHOENIXLTD-PRESTIGE,10,564.49,246.87,136.57
COCHINSHIP-IRCON,10,8131.0,201.27,2367.17
CANBK-NBCC,10,897.02,508.89,210.67
BANKINDIA-NBCC,10,6721.64,519.55,1873.25
CDSL-PFC,10,924.42,417.94,228.32
IRFC-SJVN,10,1495.8,179.2,419.14
LICHSGFIN-RECLTD,10,1001.94,326.97,266.57
BANKINDIA-IRFC,10,6531.17,724.48,1820.32
CDSL-HUDCO,10,565.74,317.1,152.38
BEL-IRFC,10,987.58,305.94,238.32
INOXWIND-IRCON,10,1484.21,193.88,431.23
MANAPPURAM-MUTHOOTFIN,10,943.72,516.56,242.31
ADANIGREEN-AMBUJACEM,10,4251.0,293.42,1220.53
BANDHANBNK-BANKINDIA,10,1161.67,306.16,283.81
BAJFINANCE-JIOFIN,10,4278440.13,399.57,1283376.99
MARUTI-TMPV,10,628.97,304.41,152.75
COFORGE-TATATECH,10,1377.54,310.88,446.45
BANKINDIA-JIOFIN,10,1474.14,434.51,389.38
JIOFIN-PNB,10,5261.71,426.61,1451.05
CGPOWER-HAL,10,1632.23,406.35,491.19
ADANIPORTS-JIOFIN,10,13077.03,339.04,3985.63
LTF-SHRIRAMFIN,10,776.03,319.6,218.51
ANGELONE-IREDA,10,1373.4,662.33,366.88
CONCOR-IREDA,10,2780.89,294.5,756.93
PNB-RBLBANK,10,1632.27,595.11,490.54
MAZDOCK-RECLTD,10,1761.4,579.76,508.72
CGPOWER-RVNL,10,1546.61,481.67,375.11
LTM-TATAELXSI,10,833.28,292.59,253.42
COCHINSHIP-ZENTEC,10,1822.14,349.41,477.68
BHARATFORG-MOTHERSON,10,1820.23,196.54,519.72
GLENMARK-LAURUSLABS,10,1147.66,266.01,295.66
NBCC-TITAGARH,10,775.04,229.47,211.48
HEROMOTOCO-MOTHERSON,10,704.66,318.58,201.63
JIOFIN-LTF,10,1386.66,481.39,342.37
INFY-TATAELXSI,10,2141.13,374.13,548.57
AUROPHARMA-LUPIN,10,1756.56,463.84,441.1
BEL-SOLARINDS,10,342.82,217.42,87.53
LODHA-PHOENIXLTD,10,3409.47,349.34,945.87
HINDCOPPER-VEDL,10,810.07,458.87,210.42
CGPOWER-MAZDOCK,10,9266.23,392.71,2651.69
JIOFIN-RELIANCE,10,1216.69,276.55,316.56
HAL-IREDA,10,1234.18,437.82,372.27
CDSL-TATAPOWER,10,1323.92,454.59,374.24
IRCTC-RVNL,10,857.67,242.61,257.45
HEROMOTOCO-TMPV,10,801.24,312.08,196.33
UNIONBANK-YESBANK,10,1582.82,299.87,398.35
CDSL-LTF,10,1129.34,414.9,285.79
CHOLAFIN-SHRIRAMFIN,10,6685.42,524.36,1874.88
COCHINSHIP-IRFC,10,610.89,267.11,169.83
BSE-JIOFIN,10,1849.06,433.81,490.44
CDSL-SUZLON,10,1824.64,419.33,494.75
BANKBARODA-MAHABANK,10,450.03,239.65,87.65
DLF-PFC,10,2536.49,314.17,845.17
CAMS-IREDA,10,744.27,390.34,162.89
GLENMARK-ZYDUSLIFE,10,979.18,290.25,245.68
BDL-ZENTEC,10,3586.95,378.66,982.49
ABCAPITAL-CDSL,10,605.11,251.85,152.77
CDSL-HDFCAMC,10,648.3,426.89,181.61
JIOFIN-TMPV,10,705.71,368.71,142.27
BHEL-RVNL,10,3069.58,367.63,944.67
BDL-IRCON,10,4499.78,325.96,1253.39
DIXON-KALYANKJIL,10,3187.18,348.01,901.03
ADANIENT-NBCC,10,2672.52,479.76,700.51
BANKINDIA-IDBI,10,780.42,552.37,175.9
LTF-RECLTD,10,597.54,366.81,136.91
HUDCO-INOXWIND,10,1055.49,390.59,273.4
BEML-IRCON,10,381.49,231.17,102.56
BANKINDIA-LTF,10,1744.8,285.47,454.51
CANBK-IRFC,10,1910.44,506.62,491.05
IOB-MAHABANK,10,981.2,127.82,284.16
IDFCFIRSTB-PNB,10,1230.36,174.81,393.86
BDL-JIOFIN,10,1486.91,450.11,378.63
CANBK-LTF,10,542.19,346.61,161.59
HAL-IRFC,10,2667.02,209.84,731.83
HCLTECH-TATAELXSI,10,1151.23,400.34,321.87
JSWENERGY-NHPC,10,592.8,327.41,133.18
INDHOTEL-JIOFIN,10,1752.47,168.88,481.32
BEL-JIOFIN,10,1325.38,284.27,318.73
CANBK-IDFCFIRSTB,10,913.75,360.44,234.9
ADANIENSOL-JSWENERGY,10,1110.4,357.26,270.03
AUROPHARMA-ZYDUSLIFE,10,1487.96,391.6,357.82
GRSE-NBCC,10,1216.15,465.96,320.19
JWL-MAZDOCK,10,506.15,471.49,139.26
ABCAPITAL-PFC,10,1715.86,422.65,435.27
BANKBARODA-PFC,10,4457.52,523.69,1314.76
JWL-RITES,10,931.66,103.36,336.37
KPITTECH-TCS,10,3175.99,403.91,892.23
IREDA-JSWENERGY,10,798.78,335.58,184.17
DIVISLAB-LAURUSLABS,10,603.14,254.28,122.96
GMRAIRPORT-NBCC,10,519.22,270.19,119.01
JIOFIN-LT,10,1595.37,504.93,457.26
EXIDEIND-IREDA,10,3228.34,346.24,894.89
GRSE-IRCON,10,985.98,280.89,233.57
DLF-MAZDOCK,10,963.79,408.34,237.61
BHEL-IRFC,10,2360.4,402.44,697.68
CGPOWER-IREDA,10,3698.74,438.53,1054.27
GODREJPROP-IRFC,10,10702.9,245.07,4070.9
ADANIPOWER-ATGL,10,333.13,140.81,74.98
INDHOTEL-IREDA,10,821.04,226.35,261.22
CANBK-FEDERALBNK,10,1389.13,473.64,372.8
BIOCON-LAURUSLABS,10,593.11,294.84,139.99
EXIDEIND-NBCC,10,2399.81,325.44,650.25
GRSE-IRFC,10,764.84,314.96,194.61
HINDZINC-JINDALSTEL,10,18206.91,495.14,5306.0
AMBUJACEM-ULTRACEMCO,10,495.57,321.91,138.22
BANKBARODA-IREDA,10,13738.82,471.83,3976.0
ADANIPORTS-GMRAIRPORT,10,628.15,380.69,147.91
LODHA-NBCC,10,2357.25,346.15,627.89
ABCAPITAL-IRFC,10,1028.13,322.67,253.57
ABCAPITAL-PNB,10,504.56,260.55,119.08
