symbol_a,symbol_b,best_z_entry,best_z_sl,best_hl_stop,gross_profit,trade_count,win_rate,lagger,exit_mr_count,exit_sl_count,exit_hl_count,exit_session_count,avg_points_profit,avg_points_loss
PFC,RECLTD,2.0,0.0,False,0.0,0,0.0,a,0,0,0,0,0.0,0.0
BDL,MAZDOCK,2.0,0.0,False,0.0,0,0.0,b,0,0,0,0,0.0,0.0
GRSE,MAZDOCK,2.0,0.0,False,0.0,0,0.0,b,0,0,0,0,0.0,0.0
BANKBARODA,CANBK,2.0,0.0,False,0.0,0,0.0,a,0,0,0,0,0.0,0.0
BPCL,HINDPETRO,2.0,0.0,False,0.0,0,0.0,a,0,0,0,0,0.0,0.0
BPCL,IOC,2.0,0.0,False,0.0,0,0.0,a,0,0,0,0,0.0,0.0
INFY,TCS,2.0,0.0,False,0.0,0,0.0,a,0,0,0,0,0.0,0.0
IRFC,RVNL,2.0,2.5,False,1.9299999999999926,21,0.5238095238095238,a,20,1,0,0,0.5999999999999995,-0.4670000000000002
BEL,HAL,2.0,0.0,False,0.0,0,0.0,b,0,0,0,0,0.0,0.0
CANBK,PNB,2.0,0.0,False,0.0,0,0.0,b,0,0,0,0,0.0,0.0
COCHINSHIP,GRSE,2.0,0.0,False,7.5,1,1.0,a,1,0,0,0,7.5,0.0
BANKINDIA,CANBK,2.0,0.0,False,0.0,0,0.0,a,0,0,0,0,0.0,0.0
BDL,HAL,2.0,0.0,False,0.0,0,0.0,b,0,0,0,0,0.0,0.0
BANKINDIA,UNIONBANK,2.0,0.0,False,0.0,0,0.0,a,0,0,0,0,0.0,0.0
HAL,MAZDOCK,3.0,0.0,False,0.0,0,0.0,b,0,0,0,0,0.0,0.0
HINDPETRO,IOC,2.0,0.0,False,0.0,0,0.0,b,0,0,0,0,0.0,0.0
ADANIENT,ADANIGREEN,2.0,0.0,False,0.0,0,0.0,b,0,0,0,0,0.0,0.0
IREDA,IRFC,2.0,0.0,False,5.470000000000013,4,0.75,a,4,0,0,0,1.8466666666666687,-0.06999999999999318
BANKBARODA,PNB,2.0,0.0,False,0.0,0,0.0,a,0,0,0,0,0.0,0.0
BANKINDIA,PNB,2.0,0.0,False,0.0,0,0.0,a,0,0,0,0,0.0,0.0
BEL,MAZDOCK,2.0,0.0,False,0.0,0,0.0,b,0,0,0,0,0.0,0.0
CANBK,UNIONBANK,2.0,0.0,False,0.0,0,0.0,b,0,0,0,0,0.0,0.0
ADANIENSOL,ADANIGREEN,2.0,0.0,False,0.0,0,0.0,b,0,0,0,0,0.0,0.0
COCHINSHIP,MAZDOCK,2.0,0.0,False,0.0,0,0.0,a,0,0,0,0,0.0,0.0
BDL,BEL,2.0,0.0,False,0.0,0,0.0,b,0,0,0,0,0.0,0.0
BANKBARODA,BANKINDIA,2.0,0.0,False,0.0,0,0.0,b,0,0,0,0,0.0,0.0
BDL,GRSE,2.0,0.0,False,46.0,8,0.5,b,8,0,0,0,36.77500000000009,-25.27500000000009
HINDZINC,VEDL,2.0,0.0,False,0.0,0,0.0,b,0,0,0,0,0.0,0.0
DLF,GODREJPROP,2.0,0.0,False,8.050000000000068,1,1.0,a,1,0,0,0,8.050000000000068,0.0
NATIONALUM,VEDL,2.0,0.0,False,0.0,0,0.0,a,0,0,0,0,0.0,0.0
PNB,UNIONBANK,2.0,0.0,False,0.0,0,0.0,a,0,0,0,0,0.0,0.0
IRCON,RVNL,4.0,0.0,False,2.469999999999999,4,0.75,a,4,0,0,0,1.2466666666666697,-1.2700000000000102
GRAPHITE,HEG,2.0,0.0,False,0.0,0,0.0,b,0,0,0,0,0.0,0.0
BANKBARODA,UNIONBANK,2.0,0.0,False,0.0,0,0.0,a,0,0,0,0,0.0,0.0
ADANIENT,ADANIPORTS,2.0,0.0,False,0.0,0,0.0,b,0,0,0,0,0.0,0.0
HINDZINC,NATIONALUM,2.0,0.0,False,0.0,0,0.0,b,0,0,0,0,0.0,0.0
BANKINDIA,INDIANB,2.0,0.0,False,0.0,0,0.0,a,0,0,0,0,0.0,0.0
HCLTECH,TCS,2.0,0.0,False,0.0,0,0.0,b,0,0,0,0,0.0,0.0
IRCON,RAILTEL,2.5,0.0,False,4.399999999999977,2,0.5,b,2,0,0,0,5.0499999999999545,-0.6499999999999773
HINDALCO,NATIONALUM,2.0,0.0,False,0.0,0,0.0,b,0,0,0,0,0.0,0.0
DATAPATTNS,GRSE,2.0,0.0,False,226.0999999999999,8,0.75,a,8,0,0,0,46.19999999999997,-25.549999999999955
IREDA,RVNL,2.0,0.0,False,2.710000000000022,3,0.6666666666666666,a,3,0,0,0,1.5450000000000088,-0.37999999999999545
JSWSTEEL,TATASTEEL,2.0,0.0,False,0.0,0,0.0,b,0,0,0,0,0.0,0.0
IRCON,IRFC,2.0,0.0,True,8.179999999999964,21,0.5714285714285714,b,16,0,5,0,0.7774999999999975,-0.1277777777777784
INDIANB,UNIONBANK,2.0,0.0,False,0.0,0,0.0,b,0,0,0,0,0.0,0.0
BSE,CDSL,2.0,0.0,False,0.0,0,0.0,b,0,0,0,0,0.0,0.0
HCLTECH,INFY,2.0,0.0,False,0.0,0,0.0,a,0,0,0,0,0.0,0.0
NBCC,RVNL,2.0,0.0,False,0.0,0,0.0,b,0,0,0,0,0.0,0.0
COFORGE,PERSISTENT,2.0,0.0,False,0.0,0,0.0,b,0,0,0,0,0.0,0.0
CHENNPETRO,MRPL,2.0,0.0,False,0.0,0,0.0,b,0,0,0,0,0.0,0.0
TCS,WIPRO,2.0,0.0,False,0.0,0,0.0,a,0,0,0,0,0.0,0.0
DLF,PRESTIGE,2.0,0.0,False,0.0,0,0.0,b,0,0,0,0,0.0,0.0
NMDC,TATASTEEL,2.0,0.0,False,0.0,0,0.0,b,0,0,0,0,0.0,0.0
CANBK,INDIANB,2.0,0.0,False,0.0,0,0.0,a,0,0,0,0,0.0,0.0
INFY,WIPRO,2.0,0.0,False,0.0,0,0.0,a,0,0,0,0,0.0,0.0
IREDA,NBCC,2.0,0.0,False,0.0,0,0.0,a,0,0,0,0,0.0,0.0
ADANIENSOL,ADANIENT,2.0,0.0,False,0.0,0,0.0,a,0,0,0,0,0.0,0.0
IREDA,RECLTD,2.0,0.0,False,0.0,0,0.0,a,0,0,0,0,0.0,0.0
IRFC,NBCC,2.0,0.0,False,0.0,0,0.0,a,0,0,0,0,0.0,0.0
BANKBARODA,INDIANB,2.0,0.0,False,0.0,0,0.0,a,0,0,0,0,0.0,0.0
JINDALSTEL,TATASTEEL,2.0,0.0,False,0.0,0,0.0,b,0,0,0,0,0.0,0.0
BEL,GRSE,2.5,0.0,False,0.0,0,0.0,b,0,0,0,0,0.0,0.0
CANBK,SBIN,2.0,0.0,False,0.0,0,0.0,b,0,0,0,0,0.0,0.0
HCLTECH,TECHM,2.0,0.0,False,0.0,0,0.0,a,0,0,0,0,0.0,0.0
BDL,COCHINSHIP,2.0,0.0,False,0.0,0,0.0,b,0,0,0,0,0.0,0.0
INDIANB,PNB,2.0,0.0,False,0.0,0,0.0,b,0,0,0,0,0.0,0.0
GODREJPROP,PRESTIGE,2.0,0.0,False,0.0,0,0.0,b,0,0,0,0,0.0,0.0
HINDALCO,VEDL,2.0,0.0,False,0.0,0,0.0,b,0,0,0,0,0.0,0.0
IRCON,JWL,2.0,0.0,True,5.640000000000001,10,0.5,a,5,0,5,0,1.8180000000000036,-0.6900000000000034
DLF,LODHA,2.0,0.0,False,0.0,0,0.0,b,0,0,0,0,0.0,0.0
TCS,TECHM,2.0,0.0,False,0.0,0,0.0,a,0,0,0,0,0.0,0.0
DATAPATTNS,MAZDOCK,2.0,0.0,False,0.0,0,0.0,a,0,0,0,0,0.0,0.0
JBCHEPHARM,TORNTPHARM,2.0,0.0,False,0.0,0,0.0,a,0,0,0,0,0.0,0.0
BANKBARODA,SBIN,2.0,0.0,False,0.0,0,0.0,a,0,0,0,0,0.0,0.0
HINDALCO,TATASTEEL,2.0,0.0,False,0.0,0,0.0,a,0,0,0,0,0.0,0.0
INFY,TECHM,2.0,0.0,False,0.0,0,0.0,a,0,0,0,0,0.0,0.0
GODREJPROP,LODHA,2.0,0.0,False,0.0,0,0.0,b,0,0,0,0,0.0,0.0
COFORGE,MPHASIS,2.0,0.0,False,0.0,0,0.0,a,0,0,0,0,0.0,0.0
GRSE,HAL,2.0,0.0,False,0.0,0,0.0,a,0,0,0,0,0.0,0.0
ABCAPITAL,LTF,2.0,0.0,False,0.0,0,0.0,a,0,0,0,0,0.0,0.0
RAILTEL,RVNL,2.0,0.0,True,1.25,2,0.5,a,1,0,1,0,4.050000000000011,-2.8000000000000114
NATIONALUM,NMDC,2.0,0.0,False,0.0,0,0.0,b,0,0,0,0,0.0,0.0
DLF,OBEROIRLTY,2.0,0.0,False,1.599999999999909,1,1.0,b,1,0,0,0,1.599999999999909,0.0
GODREJPROP,OBEROIRLTY,2.0,0.0,False,0.0,0,0.0,a,0,0,0,0,0.0,0.0
BSE,MCX,2.0,0.0,False,0.0,0,0.0,b,0,0,0,0,0.0,0.0
HCLTECH,WIPRO,2.0,0.0,False,0.0,0,0.0,b,0,0,0,0,0.0,0.0
INOXWIND,SUZLON,2.0,0.0,False,0.0,0,0.0,a,0,0,0,0,0.0,0.0
IRFC,RECLTD,2.0,0.0,False,0.0,0,0.0,b,0,0,0,0,0.0,0.0
IRFC,RAILTEL,2.0,0.0,False,0.0,0,0.0,a,0,0,0,0,0.0,0.0
MAZDOCK,RVNL,3.0,0.0,False,27.299999999999727,1,1.0,a,1,0,0,0,27.299999999999727,0.0
INOXWIND,IREDA,2.0,0.0,False,0.0,0,0.0,b,0,0,0,0,0.0,0.0
COFORGE,INFY,2.0,0.0,False,0.0,0,0.0,b,0,0,0,0,0.0,0.0
COFORGE,TCS,2.0,0.0,False,0.0,0,0.0,b,0,0,0,0,0.0,0.0
TECHM,WIPRO,2.0,0.0,False,0.0,0,0.0,b,0,0,0,0,0.0,0.0
MPHASIS,PERSISTENT,2.0,0.0,False,0.0,0,0.0,b,0,0,0,0,0.0,0.0
HEROMOTOCO,TVSMOTOR,2.0,0.0,False,0.0,0,0.0,a,0,0,0,0,0.0,0.0
COFORGE,TECHM,2.0,0.0,False,0.0,0,0.0,b,0,0,0,0,0.0,0.0
PNB,SBIN,2.0,0.0,False,0.0,0,0.0,a,0,0,0,0,0.0,0.0
BAJAJFINSV,BAJFINANCE,2.0,0.0,False,0.0,0,0.0,a,0,0,0,0,0.0,0.0
HUDCO,IREDA,2.0,0.0,False,0.0,0,0.0,a,0,0,0,0,0.0,0.0
BDL,DATAPATTNS,2.0,0.0,False,0.0,0,0.0,b,0,0,0,0,0.0,0.0
HINDCOPPER,HINDZINC,2.0,0.0,False,0.0,0,0.0,b,0,0,0,0,0.0,0.0
ADANIGREEN,ADANIPORTS,2.0,0.0,False,0.0,0,0.0,b,0,0,0,0,0.0,0.0
INOXWIND,NBCC,2.0,0.0,False,0.0,0,0.0,a,0,0,0,0,0.0,0.0
COCHINSHIP,DATAPATTNS,2.0,0.0,False,0.0,0,0.0,a,0,0,0,0,0.0,0.0
ANGELONE,BSE,2.0,0.0,False,0.0,0,0.0,a,0,0,0,0,0.0,0.0
IRCON,RITES,2.0,0.0,False,3.819999999999993,1,1.0,a,1,0,0,0,3.819999999999993,0.0
BANKINDIA,SBIN,2.0,0.0,False,0.0,0,0.0,a,0,0,0,0,0.0,0.0
SAIL,TATASTEEL,2.0,0.0,False,0.0,0,0.0,b,0,0,0,0,0.0,0.0
JINDALSTEL,JSWSTEEL,2.0,0.0,False,0.0,0,0.0,b,0,0,0,0,0.0,0.0
HINDALCO,HINDZINC,2.0,0.0,False,0.0,0,0.0,a,0,0,0,0,0.0,0.0
CDSL,IREDA,2.0,0.0,False,52.200000000000045,2,1.0,a,2,0,0,0,26.100000000000023,0.0
LODHA,PRESTIGE,2.0,0.0,False,0.0,0,0.0,a,0,0,0,0,0.0,0.0
IRCON,IREDA,2.0,0.0,False,0.0,0,0.0,b,0,0,0,0,0.0,0.0
IRCON,TITAGARH,2.0,0.0,False,0.0,0,0.0,b,0,0,0,0,0.0,0.0
JINDALSTEL,NMDC,2.0,0.0,False,0.0,0,0.0,b,0,0,0,0,0.0,0.0
IREDA,JIOFIN,2.0,0.0,False,0.0,0,0.0,b,0,0,0,0,0.0,0.0
EICHERMOT,HEROMOTOCO,2.0,0.0,False,0.0,0,0.0,b,0,0,0,0,0.0,0.0
IREDA,PFC,2.0,0.0,False,0.0,0,0.0,b,0,0,0,0,0.0,0.0
IRFC,MAZDOCK,2.0,0.0,False,0.0,0,0.0,b,0,0,0,0,0.0,0.0
IREDA,SUZLON,2.0,0.0,False,1.4200000000000301,3,0.3333333333333333,a,3,0,0,0,1.6400000000000006,-0.10999999999998522
COFORGE,WIPRO,2.0,0.0,False,0.0,0,0.0,b,0,0,0,0,0.0,0.0
NATIONALUM,TATASTEEL,2.0,0.0,False,0.0,0,0.0,b,0,0,0,0,0.0,0.0
BAJAJ-AUTO,HEROMOTOCO,2.0,0.0,False,0.0,0,0.0,a,0,0,0,0,0.0,0.0
TATASTEEL,VEDL,2.0,0.0,False,0.0,0,0.0,b,0,0,0,0,0.0,0.0
OBEROIRLTY,PRESTIGE,2.0,0.0,False,0.0,0,0.0,a,0,0,0,0,0.0,0.0
NTPC,POWERGRID,2.0,0.0,False,0.0,0,0.0,b,0,0,0,0,0.0,0.0
CDSL,IRFC,3.0,0.0,False,40.09999999999991,2,1.0,a,2,0,0,0,20.049999999999955,0.0
COFORGE,HCLTECH,2.0,0.0,False,0.0,0,0.0,a,0,0,0,0,0.0,0.0
BEML,GRSE,2.0,0.0,False,0.0,0,0.0,a,0,0,0,0,0.0,0.0
HUDCO,NBCC,2.0,0.0,False,1.8100000000000023,2,0.5,a,2,0,0,0,2.780000000000001,-0.9699999999999989
BEL,COCHINSHIP,2.0,0.0,False,0.0,0,0.0,b,0,0,0,0,0.0,0.0
BEML,COCHINSHIP,2.0,0.0,False,0.0,0,0.0,b,0,0,0,0,0.0,0.0
COFORGE,OFSS,2.0,0.0,False,0.0,0,0.0,b,0,0,0,0,0.0,0.0
COFORGE,LTM,2.0,0.0,False,10.0,2,0.5,b,2,0,0,0,35.0,-25.0
BEML,MAZDOCK,2.0,0.0,False,0.0,0,0.0,a,0,0,0,0,0.0,0.0
JWL,TITAGARH,2.0,0.0,False,0.0,0,0.0,b,0,0,0,0,0.0,0.0
ADANIGREEN,ADANIPOWER,2.0,0.0,False,0.0,0,0.0,b,0,0,0,0,0.0,0.0
MAZDOCK,NBCC,2.0,0.0,False,1.8499999999999943,1,1.0,b,1,0,0,0,1.8499999999999943,0.0
SBIN,UNIONBANK,2.0,0.0,True,19.5,2,0.5,a,1,0,1,0,33.299999999999955,-13.799999999999955
ANGELONE,CDSL,2.0,0.0,False,0.0,0,0.0,b,0,0,0,0,0.0,0.0
KAYNES,PGEL,2.0,0.0,False,0.0,0,0.0,a,0,0,0,0,0.0,0.0
BAJAJ-AUTO,EICHERMOT,2.0,0.0,False,0.0,0,0.0,a,0,0,0,0,0.0,0.0
IREDA,MAZDOCK,2.0,0.0,False,0.0,0,0.0,a,0,0,0,0,0.0,0.0
COCHINSHIP,HAL,2.0,0.0,False,0.0,0,0.0,a,0,0,0,0,0.0,0.0
PERSISTENT,TECHM,2.0,0.0,False,0.0,0,0.0,b,0,0,0,0,0.0,0.0
EICHERMOT,TVSMOTOR,2.0,0.0,False,61.19999999999982,1,1.0,b,1,0,0,0,61.19999999999982,0.0
INOXWIND,IRFC,2.0,0.0,False,0.0,0,0.0,a,0,0,0,0,0.0,0.0
ADANIENT,AMBUJACEM,2.0,0.0,False,0.0,0,0.0,b,0,0,0,0,0.0,0.0
HUDCO,IRFC,3.0,0.0,False,3.7399999999999807,4,0.5,a,4,0,0,0,2.6799999999999926,-0.8100000000000023
JWL,RVNL,2.0,0.0,False,0.0,0,0.0,a,0,0,0,0,0.0,0.0
JBMA,OLECTRA,2.0,0.0,False,0.0,0,0.0,b,0,0,0,0,0.0,0.0
IRFC,SUZLON,2.0,0.0,False,0.0,0,0.0,b,0,0,0,0,0.0,0.0
PREMIERENE,WAAREEENER,2.0,0.0,False,0.0,0,0.0,b,0,0,0,0,0.0,0.0
BDL,RVNL,2.5,0.0,False,66.60000000000014,15,0.6,a,15,0,0,0,12.755555555555576,-8.03333333333334
M&M,MARUTI,2.0,0.0,False,0.0,0,0.0,a,0,0,0,0,0.0,0.0
NBCC,RECLTD,2.0,0.0,False,0.0,0,0.0,b,0,0,0,0,0.0,0.0
HINDCOPPER,NATIONALUM,2.0,0.0,False,0.0,0,0.0,b,0,0,0,0,0.0,0.0
MAZDOCK,SUZLON,2.0,0.0,False,0.0,0,0.0,a,0,0,0,0,0.0,0.0
JIOFIN,NBCC,2.5,3.0,False,3.0500000000000114,6,0.8333333333333334,b,5,1,0,0,0.9120000000000005,-1.509999999999991
CDSL,NBCC,3.0,0.0,False,42.90000000000009,2,1.0,a,2,0,0,0,21.450000000000045,0.0
ACC,AMBUJACEM,2.0,0.0,False,0.0,0,0.0,b,0,0,0,0,0.0,0.0
NMDC,VEDL,2.0,0.0,False,0.0,0,0.0,a,0,0,0,0,0.0,0.0
RVNL,TITAGARH,2.0,0.0,False,0.0,0,0.0,b,0,0,0,0,0.0,0.0
NBCC,SUZLON,2.0,0.0,False,0.0,0,0.0,a,0,0,0,0,0.0,0.0
DIXON,KAYNES,2.0,0.0,False,0.0,0,0.0,b,0,0,0,0,0.0,0.0
IRFC,PFC,2.0,0.0,False,0.0,0,0.0,b,0,0,0,0,0.0,0.0
BAJAJ-AUTO,TVSMOTOR,2.0,0.0,False,0.0,0,0.0,a,0,0,0,0,0.0,0.0
JWL,RAILTEL,2.0,0.0,False,0.0,0,0.0,b,0,0,0,0,0.0,0.0
OFSS,PERSISTENT,2.0,0.0,False,0.0,0,0.0,a,0,0,0,0,0.0,0.0
OIL,ONGC,2.0,0.0,False,0.0,0,0.0,a,0,0,0,0,0.0,0.0
KEI,POLYCAB,2.0,0.0,False,0.0,0,0.0,a,0,0,0,0,0.0,0.0
LODHA,OBEROIRLTY,2.0,0.0,False,0.0,0,0.0,b,0,0,0,0,0.0,0.0
MPHASIS,TECHM,2.0,0.0,False,0.0,0,0.0,a,0,0,0,0,0.0,0.0
BEL,DATAPATTNS,2.0,0.0,False,0.0,0,0.0,b,0,0,0,0,0.0,0.0
HINDZINC,NMDC,2.0,0.0,False,0.0,0,0.0,b,0,0,0,0,0.0,0.0
IRFC,JIOFIN,2.0,0.0,False,0.0,0,0.0,b,0,0,0,0,0.0,0.0
MAZDOCK,SOLARINDS,2.0,0.0,False,0.0,0,0.0,b,0,0,0,0,0.0,0.0
IRCON,NBCC,2.0,0.0,False,0.0,0,0.0,a,0,0,0,0,0.0,0.0
BDL,NBCC,2.5,0.0,False,0.8300000000000125,2,1.0,b,2,0,0,0,0.41500000000000625,0.0
MPHASIS,OFSS,2.0,0.0,False,0.0,0,0.0,b,0,0,0,0,0.0,0.0
M&M,TVSMOTOR,3.0,0.0,False,0.0,0,0.0,a,0,0,0,0,0.0,0.0
CDSL,JIOFIN,2.0,0.0,False,0.0,0,0.0,b,0,0,0,0,0.0,0.0
JIOFIN,RECLTD,2.0,0.0,False,0.0,0,0.0,a,0,0,0,0,0.0,0.0
KPITTECH,TATAELXSI,2.0,0.0,False,0.0,0,0.0,a,0,0,0,0,0.0,0.0
PERSISTENT,TCS,2.0,0.0,False,0.0,0,0.0,a,0,0,0,0,0.0,0.0
INFY,PERSISTENT,2.0,0.0,False,0.0,0,0.0,b,0,0,0,0,0.0,0.0
HINDALCO,NMDC,2.0,0.0,False,0.0,0,0.0,b,0,0,0,0,0.0,0.0
BDL,BEML,2.5,0.0,False,0.0,0,0.0,b,0,0,0,0,0.0,0.0
EICHERMOT,M&M,2.0,0.0,False,0.0,0,0.0,b,0,0,0,0,0.0,0.0
EICHERMOT,MARUTI,2.0,0.0,False,0.0,0,0.0,a,0,0,0,0,0.0,0.0
DLF,NBCC,2.0,2.5,False,16.700000000000045,3,1.0,a,2,1,0,0,5.5666666666666815,0.0
CANBK,RECLTD,2.0,0.0,False,0.0,0,0.0,a,0,0,0,0,0.0,0.0
COFORGE,TATAELXSI,2.0,0.0,False,53.29999999999927,30,0.5,b,30,0,0,0,11.9,-8.346666666666716
INOXWIND,RVNL,2.0,0.0,False,0.0,0,0.0,a,0,0,0,0,0.0,0.0
ADANIGREEN,TATAPOWER,2.5,0.0,False,0.0,0,0.0,b,0,0,0,0,0.0,0.0
RECLTD,RVNL,2.5,0.0,False,4.25,1,1.0,a,1,0,0,0,4.25,0.0
IDEA,INDUSTOWER,2.0,0.0,False,0.0,0,0.0,a,0,0,0,0,0.0,0.0
HCLTECH,PERSISTENT,2.0,0.0,False,0.0,0,0.0,b,0,0,0,0,0.0,0.0
GRSE,ZENTEC,2.0,0.0,False,0.0,0,0.0,a,0,0,0,0,0.0,0.0
HINDALCO,JSWSTEEL,2.0,0.0,False,0.0,0,0.0,b,0,0,0,0,0.0,0.0
IRFC,JWL,2.0,0.0,False,0.0,0,0.0,b,0,0,0,0,0.0,0.0
MPHASIS,TCS,2.0,0.0,False,0.0,0,0.0,a,0,0,0,0,0.0,0.0
BDL,IREDA,2.0,0.0,False,0.0,0,0.0,b,0,0,0,0,0.0,0.0
NMDC,SAIL,2.0,0.0,False,0.5100000000000193,3,0.3333333333333333,a,3,0,0,0,0.8400000000000034,-0.16499999999999204
INOXWIND,MAZDOCK,2.0,0.0,False,0.0,0,0.0,b,0,0,0,0,0.0,0.0
IREDA,RAILTEL,2.0,0.0,False,4.759999999999991,3,1.0,a,3,0,0,0,1.5866666666666636,0.0
COFORGE,KPITTECH,2.5,0.0,False,91.90000000000009,13,1.0,a,13,0,0,0,7.069230769230776,0.0
DLF,PHOENIXLTD,4.5,0.0,False,0.0,0,0.0,b,0,0,0,0,0.0,0.0
DATAPATTNS,HAL,2.0,0.0,False,0.0,0,0.0,a,0,0,0,0,0.0,0.0
MOTHERSON,TMPV,2.0,0.0,False,0.0,0,0.0,b,0,0,0,0,0.0,0.0
PERSISTENT,WIPRO,2.0,0.0,False,0.0,0,0.0,a,0,0,0,0,0.0,0.0
JSWSTEEL,NMDC,2.0,0.0,False,0.0,0,0.0,a,0,0,0,0,0.0,0.0
RECLTD,TATAPOWER,2.0,0.0,False,0.0,0,0.0,b,0,0,0,0,0.0,0.0
GODREJPROP,PHOENIXLTD,2.0,0.0,False,0.0,0,0.0,b,0,0,0,0,0.0,0.0
LTM,PERSISTENT,2.0,0.0,False,0.0,0,0.0,b,0,0,0,0,0.0,0.0
HEROMOTOCO,M&M,2.0,0.0,False,0.0,0,0.0,b,0,0,0,0,0.0,0.0
RVNL,SUZLON,2.0,0.0,False,0.0,0,0.0,b,0,0,0,0,0.0,0.0
COCHINSHIP,RVNL,2.0,0.0,False,10.799999999999955,1,1.0,a,1,0,0,0,10.799999999999955,0.0
IRCTC,IRFC,2.0,0.0,False,12.400000000000148,26,0.8076923076923077,a,26,0,0,0,1.5404761904761943,-3.9899999999999864
IRFC,TITAGARH,2.0,0.0,False,0.0,0,0.0,a,0,0,0,0,0.0,0.0
ETERNAL,SWIGGY,2.0,0.0,False,0.0,0,0.0,b,0,0,0,0,0.0,0.0
OFSS,TATAELXSI,2.0,0.0,False,0.0,0,0.0,a,0,0,0,0,0.0,0.0
DLF,IREDA,2.0,0.0,False,5.210000000000008,1,1.0,b,1,0,0,0,5.210000000000008,0.0
BAJAJ-AUTO,M&M,2.0,0.0,False,0.0,0,0.0,a,0,0,0,0,0.0,0.0
CDSL,MCX,2.0,0.0,False,0.0,0,0.0,a,0,0,0,0,0.0,0.0
NHPC,TATAPOWER,2.0,0.0,False,0.0,0,0.0,b,0,0,0,0,0.0,0.0
HUDCO,RECLTD,2.0,0.0,False,0.0,0,0.0,a,0,0,0,0,0.0,0.0
JIOFIN,RVNL,3.0,0.0,False,0.44999999999998863,2,0.5,a,2,0,0,0,2.5,-2.0500000000000114
BDL,SOLARINDS,2.0,0.0,False,0.0,0,0.0,a,0,0,0,0,0.0,0.0
INFY,MPHASIS,2.0,0.0,False,0.0,0,0.0,b,0,0,0,0,0.0,0.0
LTM,TECHM,2.0,0.0,False,0.0,0,0.0,a,0,0,0,0,0.0,0.0
HINDZINC,TATASTEEL,2.0,0.0,False,0.0,0,0.0,b,0,0,0,0,0.0,0.0
BEL,RVNL,2.5,3.0,False,12.400000000000034,5,0.6,b,4,1,0,0,6.149999999999996,-3.0249999999999773
ADANIENSOL,ADANIPORTS,2.0,0.0,False,0.0,0,0.0,a,0,0,0,0,0.0,0.0
HAL,RVNL,3.0,0.0,False,8.899999999999977,7,0.2857142857142857,b,7,0,0,0,5.799999999999983,-0.5399999999999977
RITES,RVNL,3.5,0.0,False,0.0,0,0.0,a,0,0,0,0,0.0,0.0
M&M,TMPV,2.0,0.0,False,0.0,0,0.0,a,0,0,0,0,0.0,0.0
JSWENERGY,TATAPOWER,2.0,2.5,False,0.19999999999998863,1,1.0,b,0,1,0,0,0.19999999999998863,0.0
IREDA,TATAPOWER,2.0,0.0,False,0.0,0,0.0,b,0,0,0,0,0.0,0.0
LTM,MPHASIS,2.0,0.0,False,0.0,0,0.0,b,0,0,0,0,0.0,0.0
ADANIENSOL,ADANIPOWER,2.0,0.0,False,0.0,0,0.0,b,0,0,0,0,0.0,0.0
MPHASIS,WIPRO,2.0,0.0,False,0.0,0,0.0,a,0,0,0,0,0.0,0.0
ABB,SIEMENS,2.0,0.0,False,0.0,0,0.0,a,0,0,0,0,0.0,0.0
HEROMOTOCO,MARUTI,2.0,0.0,False,0.0,0,0.0,a,0,0,0,0,0.0,0.0
IRCON,MAZDOCK,2.0,0.0,False,0.0,0,0.0,b,0,0,0,0,0.0,0.0
PERSISTENT,TATAELXSI,3.5,0.0,False,20.0,1,1.0,b,1,0,0,0,20.0,0.0
GODREJPROP,NBCC,2.0,0.0,False,0.0,0,0.0,b,0,0,0,0,0.0,0.0
HDFCLIFE,SBILIFE,2.0,0.0,False,0.0,0,0.0,a,0,0,0,0,0.0,0.0
BDL,IRFC,2.0,0.0,True,1.5400000000000063,16,0.25,b,6,0,10,0,1.6824999999999974,-0.4324999999999986
KAYNES,MAZDOCK,2.0,0.0,False,0.0,0,0.0,a,0,0,0,0,0.0,0.0
CENTRALBK,MAHABANK,2.0,0.0,False,0.0,0,0.0,b,0,0,0,0,0.0,0.0
INDIANB,SBIN,2.0,0.0,False,0.0,0,0.0,b,0,0,0,0,0.0,0.0
GAIL,IOC,2.0,0.0,False,0.0,0,0.0,a,0,0,0,0,0.0,0.0
AMBER,DIXON,2.0,0.0,False,0.0,0,0.0,a,0,0,0,0,0.0,0.0
BANKINDIA,CENTRALBK,3.0,0.0,False,2.039999999999992,1,1.0,a,1,0,0,0,2.039999999999992,0.0
BANKINDIA,MAHABANK,2.0,0.0,False,0.0,0,0.0,b,0,0,0,0,0.0,0.0
CANBK,PFC,2.0,0.0,False,0.0,0,0.0,a,0,0,0,0,0.0,0.0
RAILTEL,RITES,2.0,0.0,False,0.0,0,0.0,a,0,0,0,0,0.0,0.0
CDSL,RECLTD,2.0,0.0,False,0.0,0,0.0,a,0,0,0,0,0.0,0.0
BDL,SUZLON,2.5,0.0,False,0.0,0,0.0,b,0,0,0,0,0.0,0.0
CENTRALBK,IOB,2.0,0.0,False,0.0,0,0.0,b,0,0,0,0,0.0,0.0
JIOFIN,MAZDOCK,2.0,0.0,False,0.0,0,0.0,a,0,0,0,0,0.0,0.0
PFC,TATAPOWER,2.0,0.0,False,0.0,0,0.0,b,0,0,0,0,0.0,0.0
LTM,TCS,2.0,0.0,False,0.0,0,0.0,a,0,0,0,0,0.0,0.0
CDSL,MAZDOCK,2.0,0.0,False,49.399999999999864,2,1.0,a,2,0,0,0,24.699999999999932,0.0
BANKINDIA,RECLTD,2.0,0.0,False,0.0,0,0.0,a,0,0,0,0,0.0,0.0
CANBK,IREDA,2.0,0.0,False,0.0,0,0.0,a,0,0,0,0,0.0,0.0
IRFC,RITES,2.0,0.0,False,0.0,0,0.0,b,0,0,0,0,0.0,0.0
BHEL,MAZDOCK,2.0,0.0,False,0.0,0,0.0,a,0,0,0,0,0.0,0.0
HCLTECH,MPHASIS,2.0,0.0,False,0.0,0,0.0,b,0,0,0,0,0.0,0.0
HDFCBANK,ICICIBANK,2.0,0.0,False,0.0,0,0.0,b,0,0,0,0,0.0,0.0
CANBK,CENTRALBK,2.0,0.0,False,0.0,0,0.0,b,0,0,0,0,0.0,0.0
PNB,RECLTD,2.0,0.0,False,0.0,0,0.0,a,0,0,0,0,0.0,0.0
CAMS,CDSL,2.0,0.0,False,0.0,0,0.0,a,0,0,0,0,0.0,0.0
CENTRALBK,PNB,2.0,0.0,False,0.0,0,0.0,a,0,0,0,0,0.0,0.0
ABCAPITAL,IREDA,2.0,0.0,False,0.0,0,0.0,a,0,0,0,0,0.0,0.0
NBCC,PFC,2.0,0.0,False,0.0,0,0.0,b,0,0,0,0,0.0,0.0
LTM,WIPRO,2.0,0.0,False,0.0,0,0.0,a,0,0,0,0,0.0,0.0
INFY,LTM,2.0,0.0,False,0.0,0,0.0,a,0,0,0,0,0.0,0.0
CDSL,RVNL,2.0,0.0,False,49.600000000000364,8,0.75,a,8,0,0,0,11.633333333333363,-10.099999999999909
MAZDOCK,ZENTEC,2.0,0.0,False,20.09999999999991,1,1.0,a,1,0,0,0,20.09999999999991,0.0
HUDCO,RVNL,3.0,0.0,False,1.3499999999999943,2,0.5,a,2,0,0,0,2.780000000000001,-1.4300000000000068
BANKINDIA,RBLBANK,2.0,0.0,False,0.0,0,0.0,a,0,0,0,0,0.0,0.0
COCHINSHIP,NBCC,4.0,0.0,False,0.0,0,0.0,b,0,0,0,0,0.0,0.0
NTPC,TATAPOWER,2.0,0.0,False,0.0,0,0.0,b,0,0,0,0,0.0,0.0
HCLTECH,LTM,2.0,0.0,False,0.0,0,0.0,b,0,0,0,0,0.0,0.0
INOXWIND,JIOFIN,2.0,0.0,False,0.0,0,0.0,b,0,0,0,0,0.0,0.0
OFSS,TECHM,2.0,0.0,False,0.0,0,0.0,a,0,0,0,0,0.0,0.0
TATAELXSI,TCS,2.0,0.0,False,0.0,0,0.0,a,0,0,0,0,0.0,0.0
BANKINDIA,IREDA,2.5,0.0,False,2.569999999999993,2,0.5,a,2,0,0,0,2.569999999999993,0.0
BANKBARODA,RECLTD,2.0,0.0,False,0.0,0,0.0,a,0,0,0,0,0.0,0.0
JIOFIN,SUZLON,2.0,0.0,False,6.199999999999989,1,1.0,a,1,0,0,0,6.199999999999989,0.0
BEML,DATAPATTNS,2.0,0.0,False,0.0,0,0.0,a,0,0,0,0,0.0,0.0
HAL,NBCC,2.0,0.0,False,1.9400000000000688,36,0.5,b,36,0,0,0,0.301666666666667,-0.19388888888888545
TATAELXSI,WIPRO,2.0,0.0,False,0.0,0,0.0,a,0,0,0,0,0.0,0.0
OFSS,WIPRO,2.0,0.0,False,0.0,0,0.0,a,0,0,0,0,0.0,0.0
DLF,JIOFIN,2.0,0.0,False,0.0,0,0.0,b,0,0,0,0,0.0,0.0
ADANIENT,JIOFIN,2.0,0.0,False,0.0,0,0.0,b,0,0,0,0,0.0,0.0
ADANIPORTS,AMBUJACEM,2.0,0.0,False,0.0,0,0.0,b,0,0,0,0,0.0,0.0
BAJFINANCE,CHOLAFIN,3.0,3.5,False,1.1000000000001364,2,0.5,b,1,1,0,0,13.5,-12.399999999999864
MPHASIS,TATAELXSI,2.0,0.0,False,66.10000000000036,4,1.0,a,4,0,0,0,16.52500000000009,0.0
CENTRALBK,UCOBANK,2.0,0.0,False,0.0,0,0.0,b,0,0,0,0,0.0,0.0
KPITTECH,MPHASIS,2.0,0.0,False,0.0,0,0.0,a,0,0,0,0,0.0,0.0
TATAELXSI,TATATECH,2.0,0.0,False,0.0,0,0.0,b,0,0,0,0,0.0,0.0
OFSS,TCS,2.0,0.0,False,0.0,0,0.0,a,0,0,0,0,0.0,0.0
JINDALSTEL,NATIONALUM,2.0,0.0,False,0.0,0,0.0,b,0,0,0,0,0.0,0.0
DLF,IRFC,11.5,0.0,False,0.0,0,0.0,b,0,0,0,0,0.0,0.0
CANBK,JIOFIN,2.0,0.0,False,0.0,0,0.0,b,0,0,0,0,0.0,0.0
GAIL,TATAPOWER,2.0,0.0,False,0.0,0,0.0,b,0,0,0,0,0.0,0.0
GMRAIRPORT,IREDA,2.0,0.0,False,0.0,0,0.0,a,0,0,0,0,0.0,0.0
BAJFINANCE,SHRIRAMFIN,2.5,3.0,False,4.0499999999999545,11,0.6363636363636364,b,9,2,0,0,2.9499999999999806,-4.149999999999977
GRSE,RVNL,2.0,0.0,False,0.0,0,0.0,a,0,0,0,0,0.0,0.0
INOXWIND,RECLTD,2.0,0.0,False,0.0,0,0.0,a,0,0,0,0,0.0,0.0
BEL,BHEL,2.0,0.0,False,0.0,0,0.0,b,0,0,0,0,0.0,0.0
BDL,INOXWIND,2.0,0.0,False,0.0,0,0.0,b,0,0,0,0,0.0,0.0
IREDA,SJVN,3.5,0.0,False,0.0,0,0.0,b,0,0,0,0,0.0,0.0
NBCC,TATAPOWER,2.0,0.0,False,0.0,0,0.0,b,0,0,0,0,0.0,0.0
ADANIGREEN,IREDA,4.0,0.0,False,0.0,0,0.0,b,0,0,0,0,0.0,0.0
DLF,RECLTD,2.0,0.0,False,0.0,0,0.0,a,0,0,0,0,0.0,0.0
POWERGRID,TATAPOWER,2.0,0.0,False,0.0,0,0.0,b,0,0,0,0,0.0,0.0
RAILTEL,TITAGARH,2.0,0.0,False,0.0,0,0.0,a,0,0,0,0,0.0,0.0
KPITTECH,OFSS,2.0,0.0,False,0.0,0,0.0,b,0,0,0,0,0.0,0.0
IREDA,NHPC,2.5,0.0,False,0.0,0,0.0,b,0,0,0,0,0.0,0.0
ABCAPITAL,JIOFIN,2.0,0.0,False,0.0,0,0.0,a,0,0,0,0,0.0,0.0
IRCTC,IREDA,2.0,0.0,False,0.0,0,0.0,b,0,0,0,0,0.0,0.0
ADANIENSOL,TATAPOWER,3.5,0.0,False,0.0,0,0.0,b,0,0,0,0,0.0,0.0
TATAELXSI,TECHM,2.0,0.0,False,0.0,0,0.0,a,0,0,0,0,0.0,0.0
JIOFIN,PFC,2.0,0.0,False,0.0,0,0.0,b,0,0,0,0,0.0,0.0
ADANIENT,TATAPOWER,2.0,0.0,False,0.0,0,0.0,b,0,0,0,0,0.0,0.0
GODREJPROP,IREDA,2.0,0.0,False,0.0,0,0.0,b,0,0,0,0,0.0,0.0
MAHABANK,PNB,2.0,0.0,False,0.0,0,0.0,a,0,0,0,0,0.0,0.0
MARUTI,TVSMOTOR,2.0,0.0,True,338.0,6,0.5,a,4,0,2,0,173.66666666666666,-61.0
BAJAJ-AUTO,MARUTI,2.0,0.0,False,0.0,0,0.0,b,0,0,0,0,0.0,0.0
BEL,NBCC,2.0,0.0,False,1.779999999999987,20,0.45,b,20,0,0,0,0.6199999999999998,-0.3454545454545465
KPITTECH,PERSISTENT,2.0,0.0,False,0.0,0,0.0,a,0,0,0,0,0.0,0.0
ADANIENT,ADANIPOWER,2.0,0.0,False,0.0,0,0.0,b,0,0,0,0,0.0,0.0
JINDALSTEL,SAIL,2.0,0.0,False,0.0,0,0.0,a,0,0,0,0,0.0,0.0
ADANIGREEN,NHPC,5.5,0.0,False,0.0,0,0.0,b,0,0,0,0,0.0,0.0
INFY,OFSS,2.0,0.0,False,0.0,0,0.0,a,0,0,0,0,0.0,0.0
HINDALCO,JINDALSTEL,2.0,0.0,False,0.0,0,0.0,b,0,0,0,0,0.0,0.0
NBCC,RAILTEL,2.0,0.0,False,0.0,0,0.0,b,0,0,0,0,0.0,0.0
ADANIENT,IREDA,2.0,0.0,False,0.0,0,0.0,b,0,0,0,0,0.0,0.0
IREDA,LICHSGFIN,2.0,0.0,False,0.0,0,0.0,b,0,0,0,0,0.0,0.0
PNB,YESBANK,2.0,2.5,False,0.39000000000000057,3,1.0,b,2,1,0,0,0.1300000000000002,0.0
BHEL,INOXWIND,2.0,0.0,False,0.0,0,0.0,a,0,0,0,0,0.0,0.0
CANBK,MAHABANK,2.0,0.0,False,0.0,0,0.0,b,0,0,0,0,0.0,0.0
ADANIGREEN,JSWENERGY,2.5,0.0,False,0.0,0,0.0,b,0,0,0,0,0.0,0.0
JIOFIN,TATAPOWER,2.5,0.0,False,0.0,0,0.0,b,0,0,0,0,0.0,0.0
RECLTD,SUZLON,2.0,0.0,False,0.0,0,0.0,a,0,0,0,0,0.0,0.0
COCHINSHIP,IREDA,2.0,0.0,False,0.0,0,0.0,a,0,0,0,0,0.0,0.0
HAL,SOLARINDS,2.0,0.0,False,0.0,0,0.0,a,0,0,0,0,0.0,0.0
MAHABANK,UNIONBANK,2.0,0.0,False,0.0,0,0.0,a,0,0,0,0,0.0,0.0
CDSL,DLF,2.0,0.0,False,0.0,0,0.0,a,0,0,0,0,0.0,0.0
BANKINDIA,PFC,2.0,0.0,False,0.0,0,0.0,a,0,0,0,0,0.0,0.0
IREDA,PNB,2.0,0.0,False,0.0,0,0.0,a,0,0,0,0,0.0,0.0
BANKBARODA,CENTRALBK,2.5,0.0,False,0.0,0,0.0,b,0,0,0,0,0.0,0.0
IREDA,TITAGARH,2.0,0.0,False,0.0,0,0.0,a,0,0,0,0,0.0,0.0
CANBK,RBLBANK,2.0,0.0,False,0.0,0,0.0,b,0,0,0,0,0.0,0.0
BHEL,SUZLON,2.0,0.0,False,0.0,0,0.0,b,0,0,0,0,0.0,0.0
PFC,PNB,2.0,0.0,False,0.0,0,0.0,b,0,0,0,0,0.0,0.0
LTM,OFSS,2.0,0.0,False,0.0,0,0.0,b,0,0,0,0,0.0,0.0
COCHINSHIP,IRCON,2.0,0.0,False,0.0,0,0.0,a,0,0,0,0,0.0,0.0
BANKINDIA,YESBANK,3.0,0.0,False,0.0,0,0.0,b,0,0,0,0,0.0,0.0
BHEL,NBCC,2.0,0.0,True,5.850000000000023,2,0.5,a,1,0,1,0,5.899999999999977,-0.049999999999954525
IRFC,TATAPOWER,2.0,0.0,False,0.0,0,0.0,b,0,0,0,0,0.0,0.0
INOXWIND,IRCON,2.0,0.0,False,0.0,0,0.0,a,0,0,0,0,0.0,0.0
BHEL,IREDA,2.0,0.0,False,0.0,0,0.0,a,0,0,0,0,0.0,0.0
ADANIGREEN,AMBUJACEM,2.0,0.0,False,0.0,0,0.0,b,0,0,0,0,0.0,0.0
LAURUSLABS,ZYDUSLIFE,2.0,0.0,False,0.0,0,0.0,b,0,0,0,0,0.0,0.0
PHOENIXLTD,PRESTIGE,2.0,0.0,False,0.0,0,0.0,b,0,0,0,0,0.0,0.0
HINDCOPPER,VEDL,2.0,0.0,False,0.0,0,0.0,b,0,0,0,0,0.0,0.0
CGPOWER,NBCC,2.0,2.5,False,45.149999999999864,7,0.8571428571428571,a,5,2,0,0,7.866666666666656,-2.050000000000068
MARUTI,TMPV,2.0,0.0,False,0.0,0,0.0,b,0,0,0,0,0.0,0.0
MAZDOCK,TITAGARH,2.0,0.0,False,0.0,0,0.0,b,0,0,0,0,0.0,0.0
PFC,RVNL,4.5,0.0,False,5.0,1,1.0,a,1,0,0,0,5.0,0.0
CANBK,YESBANK,2.0,0.0,False,0.0,0,0.0,b,0,0,0,0,0.0,0.0
CENTRALBK,UNIONBANK,2.0,0.0,False,0.0,0,0.0,a,0,0,0,0,0.0,0.0
ADANIGREEN,ATGL,2.0,0.0,False,0.0,0,0.0,a,0,0,0,0,0.0,0.0
HEROMOTOCO,MOTHERSON,2.0,0.0,False,0.0,0,0.0,b,0,0,0,0,0.0,0.0
HEROMOTOCO,TMPV,2.0,0.0,False,0.0,0,0.0,a,0,0,0,0,0.0,0.0
BDL,CDSL,2.0,0.0,False,0.0,0,0.0,b,0,0,0,0,0.0,0.0
COCHINSHIP,ZENTEC,2.0,0.0,False,0.0,0,0.0,a,0,0,0,0,0.0,0.0
ADANIPORTS,JIOFIN,2.0,0.0,False,0.0,0,0.0,b,0,0,0,0,0.0,0.0
IOC,PETRONET,2.0,0.0,False,0.0,0,0.0,b,0,0,0,0,0.0,0.0
IREDA,JWL,3.5,0.0,False,3.0900000000000176,2,1.0,a,2,0,0,0,1.5450000000000088,0.0
CDSL,INOXWIND,3.0,0.0,False,38.700000000000045,2,1.0,a,2,0,0,0,19.350000000000023,0.0
CANBK,NBCC,2.0,0.0,False,0.0,0,0.0,b,0,0,0,0,0.0,0.0
BDL,ZENTEC,2.0,0.0,False,0.0,0,0.0,b,0,0,0,0,0.0,0.0
BSE,IREDA,2.0,0.0,False,0.0,0,0.0,a,0,0,0,0,0.0,0.0
BAJFINANCE,JIOFIN,2.0,0.0,False,0.0,0,0.0,a,0,0,0,0,0.0,0.0
JIOFIN,RELIANCE,2.0,0.0,False,0.0,0,0.0,a,0,0,0,0,0.0,0.0
HCLTECH,OFSS,2.0,0.0,False,0.0,0,0.0,b,0,0,0,0,0.0,0.0
MANAPPURAM,MUTHOOTFIN,2.0,0.0,False,0.0,0,0.0,b,0,0,0,0,0.0,0.0
ABCAPITAL,BANKINDIA,2.0,0.0,False,0.0,0,0.0,b,0,0,0,0,0.0,0.0
GMRAIRPORT,NBCC,2.0,0.0,False,1.710000000000008,1,1.0,b,1,0,0,0,1.710000000000008,0.0
DLF,RVNL,3.5,0.0,False,15.700000000000045,2,1.0,a,2,0,0,0,7.850000000000023,0.0
BEL,IRFC,2.0,3.0,False,3.8499999999999943,5,0.6,b,4,1,0,0,1.5133333333333308,-0.34499999999999886
BANKINDIA,JIOFIN,2.0,0.0,False,0.0,0,0.0,a,0,0,0,0,0.0,0.0
HUDCO,PFC,2.0,0.0,False,0.0,0,0.0,b,0,0,0,0,0.0,0.0
BANKINDIA,NBCC,2.0,0.0,False,7.4599999999999795,44,0.6363636363636364,b,44,0,0,0,0.4571428571428565,-0.3337500000000002
LICHSGFIN,RECLTD,2.0,0.0,False,0.0,0,0.0,a,0,0,0,0,0.0,0.0
IREDA,LTF,2.0,0.0,False,0.0,0,0.0,b,0,0,0,0,0.0,0.0
CDSL,KFINTECH,2.0,0.0,False,0.0,0,0.0,b,0,0,0,0,0.0,0.0
ABCAPITAL,CANBK,2.0,0.0,False,0.0,0,0.0,b,0,0,0,0,0.0,0.0
IRFC,NHPC,2.0,0.0,False,0.0,0,0.0,b,0,0,0,0,0.0,0.0
BSE,JIOFIN,2.0,0.0,False,0.0,0,0.0,b,0,0,0,0,0.0,0.0
PNB,RBLBANK,2.0,0.0,False,0.0,0,0.0,a,0,0,0,0,0.0,0.0
LTF,SHRIRAMFIN,2.5,0.0,False,9.500000000000028,25,0.64,a,25,0,0,0,1.1081249999999994,-0.9144444444444402
JIOFIN,PNB,2.0,0.0,False,0.0,0,0.0,b,0,0,0,0,0.0,0.0
LUPIN,ZYDUSLIFE,2.0,0.0,False,0.0,0,0.0,b,0,0,0,0,0.0,0.0
BANDHANBNK,BANKINDIA,2.0,0.0,False,0.0,0,0.0,b,0,0,0,0,0.0,0.0
CGPOWER,HAL,2.0,0.0,False,0.0,0,0.0,b,0,0,0,0,0.0,0.0
JIOFIN,LT,2.0,0.0,False,0.0,0,0.0,a,0,0,0,0,0.0,0.0
BDL,IRCON,2.0,0.0,True,0.5,2,0.5,a,1,0,1,0,12.200000000000045,-11.700000000000045
ABCAPITAL,RECLTD,2.0,0.0,False,0.0,0,0.0,a,0,0,0,0,0.0,0.0
INFY,TATAELXSI,2.0,0.0,False,41.0,2,1.0,b,2,0,0,0,20.5,0.0
LODHA,PHOENIXLTD,2.0,0.0,False,0.0,0,0.0,a,0,0,0,0,0.0,0.0
JIOFIN,TMPV,2.0,0.0,False,0.0,0,0.0,a,0,0,0,0,0.0,0.0
LTM,TATAELXSI,2.0,0.0,True,207.80000000000018,7,0.7142857142857143,a,5,0,2,0,47.2,-14.099999999999909
IRFC,SJVN,2.5,0.0,False,1.1700000000000017,2,1.0,b,2,0,0,0,0.5850000000000009,0.0
BDL,BHEL,2.0,0.0,False,0.0,0,0.0,b,0,0,0,0,0.0,0.0
COFORGE,TATATECH,2.0,0.0,False,0.0,0,0.0,b,0,0,0,0,0.0,0.0
RECLTD,UNIONBANK,2.0,0.0,False,0.0,0,0.0,b,0,0,0,0,0.0,0.0
BEML,IRCON,2.0,0.0,False,0.0,0,0.0,a,0,0,0,0,0.0,0.0
ADANIENT,NBCC,4.5,0.0,False,0.0,0,0.0,a,0,0,0,0,0.0,0.0
IREDA,KAYNES,2.0,0.0,False,0.0,0,0.0,a,0,0,0,0,0.0,0.0
COCHINSHIP,IRFC,2.0,0.0,False,19.799999999999955,1,1.0,a,1,0,0,0,19.799999999999955,0.0
HAL,IREDA,2.0,0.0,False,0.020000000000010232,1,1.0,b,1,0,0,0,0.020000000000010232,0.0
BANKINDIA,IRFC,4.0,0.0,False,3.049999999999983,3,0.6666666666666666,a,3,0,0,0,1.5450000000000017,-0.040000000000020464
MAZDOCK,RECLTD,2.0,0.0,False,0.0,0,0.0,b,0,0,0,0,0.0,0.0
BEL,JIOFIN,2.0,0.0,False,0.0,0,0.0,b,0,0,0,0,0.0,0.0
BHARATFORG,MOTHERSON,2.0,0.0,False,0.0,0,0.0,b,0,0,0,0,0.0,0.0
INDHOTEL,JIOFIN,2.0,0.0,False,0.0,0,0.0,b,0,0,0,0,0.0,0.0
JIOFIN,LTF,2.0,0.0,False,0.0,0,0.0,b,0,0,0,0,0.0,0.0
DIXON,KALYANKJIL,2.0,0.0,False,0.0,0,0.0,b,0,0,0,0,0.0,0.0
BDL,JIOFIN,2.0,0.0,False,0.0,0,0.0,b,0,0,0,0,0.0,0.0
BANKBARODA,MAHABANK,2.0,0.0,False,0.0,0,0.0,b,0,0,0,0,0.0,0.0
GLENMARK,LAURUSLABS,2.0,0.0,False,0.0,0,0.0,a,0,0,0,0,0.0,0.0
AMBUJACEM,ULTRACEMCO,2.0,0.0,False,0.0,0,0.0,a,0,0,0,0,0.0,0.0
BEL,SOLARINDS,2.0,0.0,False,10.200000000000045,1,1.0,a,1,0,0,0,10.200000000000045,0.0
CGPOWER,RVNL,2.5,0.0,True,21.999999999999886,4,0.5,a,3,0,1,0,13.399999999999977,-2.400000000000034
JSWENERGY,NHPC,2.5,0.0,False,10.5,1,1.0,a,1,0,0,0,10.5,0.0
KAYNES,NBCC,2.0,0.0,False,0.3399999999999892,1,1.0,b,1,0,0,0,0.3399999999999892,0.0
JWL,RITES,2.0,0.0,False,0.0,0,0.0,a,0,0,0,0,0.0,0.0
CONCOR,IREDA,2.0,0.0,False,7.5499999999999545,1,1.0,a,1,0,0,0,7.5499999999999545,0.0
CDSL,PFC,2.0,0.0,False,0.0,0,0.0,a,0,0,0,0,0.0,0.0
UNIONBANK,YESBANK,2.0,0.0,False,0.0,0,0.0,b,0,0,0,0,0.0,0.0
GRSE,IRCON,2.0,0.0,False,0.0,0,0.0,a,0,0,0,0,0.0,0.0
CAMS,IREDA,2.0,0.0,False,0.0,0,0.0,b,0,0,0,0,0.0,0.0
IOB,MAHABANK,2.0,0.0,False,0.0,0,0.0,a,0,0,0,0,0.0,0.0
CDSL,TATAPOWER,3.0,0.0,False,0.0,0,0.0,b,0,0,0,0,0.0,0.0
KPITTECH,TCS,2.0,0.0,False,0.0,0,0.0,a,0,0,0,0,0.0,0.0
CDSL,HDFCAMC,2.0,0.0,False,0.0,0,0.0,b,0,0,0,0,0.0,0.0
CDSL,SUZLON,2.0,0.0,False,57.59999999999991,5,0.8,a,5,0,0,0,17.824999999999932,-13.699999999999818
IRCTC,RVNL,4.5,0.0,False,0.0,0,0.0,a,0,0,0,0,0.0,0.0
GRSE,NBCC,2.0,0.0,False,0.0,0,0.0,b,0,0,0,0,0.0,0.0
AUROPHARMA,LUPIN,2.0,0.0,False,0.0,0,0.0,a,0,0,0,0,0.0,0.0
ADANIPORTS,GMRAIRPORT,3.5,0.0,False,0.0,0,0.0,b,0,0,0,0,0.0,0.0
HCLTECH,TATAELXSI,2.5,0.0,False,21.5,2,1.0,b,2,0,0,0,10.75,0.0
JSWSTEEL,NATIONALUM,2.0,0.0,False,0.0,0,0.0,b,0,0,0,0,0.0,0.0
ANGELONE,IREDA,2.0,0.0,False,0.0,0,0.0,b,0,0,0,0,0.0,0.0
CGPOWER,MAZDOCK,2.0,0.0,False,2.5,2,0.5,a,2,0,0,0,3.3500000000000227,-0.8500000000000227
HAL,IRFC,5.0,0.0,False,0.0,0,0.0,b,0,0,0,0,0.0,0.0
DLF,PFC,2.0,0.0,False,0.0,0,0.0,b,0,0,0,0,0.0,0.0
JINDALSTEL,VEDL,2.0,0.0,False,0.0,0,0.0,b,0,0,0,0,0.0,0.0
CHOLAFIN,SHRIRAMFIN,4.0,0.0,False,3.2000000000000455,3,0.6666666666666666,b,3,0,0,0,4.050000000000011,-4.899999999999977
NBCC,TITAGARH,2.0,0.0,False,0.0,0,0.0,b,0,0,0,0,0.0,0.0
CDSL,HUDCO,2.0,0.0,False,47.299999999999955,2,1.0,a,2,0,0,0,23.649999999999977,0.0
ABCAPITAL,CDSL,2.0,0.0,False,0.0,0,0.0,b,0,0,0,0,0.0,0.0
BAJAJ-AUTO,TMPV,2.0,0.0,False,0.0,0,0.0,b,0,0,0,0,0.0,0.0
EXIDEIND,NBCC,2.5,0.0,False,0.0,0,0.0,a,0,0,0,0,0.0,0.0
CDSL,LTF,2.0,0.0,False,0.0,0,0.0,a,0,0,0,0,0.0,0.0
LTF,RECLTD,2.0,0.0,False,0.0,0,0.0,a,0,0,0,0,0.0,0.0
BHEL,RVNL,2.5,0.0,False,0.0,0,0.0,a,0,0,0,0,0.0,0.0
DIVISLAB,LAURUSLABS,2.0,0.0,False,0.0,0,0.0,a,0,0,0,0,0.0,0.0
BANKBARODA,IREDA,2.0,0.0,True,5.309999999999945,5,0.8,a,4,0,1,0,1.414999999999992,-0.35000000000002274
GLENMARK,ZYDUSLIFE,2.0,0.0,False,0.0,0,0.0,b,0,0,0,0,0.0,0.0
NBCC,NHPC,2.0,0.0,False,0.0,0,0.0,b,0,0,0,0,0.0,0.0
EICHERMOT,TMPV,2.0,0.0,False,0.0,0,0.0,b,0,0,0,0,0.0,0.0
GRASIM,ULTRACEMCO,2.0,0.0,False,0.0,0,0.0,b,0,0,0,0,0.0,0.0
CANBK,IRFC,2.0,0.0,False,0.0,0,0.0,a,0,0,0,0,0.0,0.0
AMBER,PGEL,2.0,0.0,False,0.0,0,0.0,b,0,0,0,0,0.0,0.0
JWL,MAZDOCK,2.0,0.0,False,0.0,0,0.0,a,0,0,0,0,0.0,0.0
ADANIENT,MAZDOCK,2.0,0.0,False,0.0,0,0.0,b,0,0,0,0,0.0,0.0
ADANIENSOL,JSWENERGY,2.5,0.0,False,0.0,0,0.0,b,0,0,0,0,0.0,0.0
BEL,BEML,2.5,0.0,False,0.0,0,0.0,b,0,0,0,0,0.0,0.0
GRSE,IRFC,2.0,0.0,False,0.0,0,0.0,a,0,0,0,0,0.0,0.0
EXIDEIND,IREDA,2.0,0.0,False,0.0,0,0.0,a,0,0,0,0,0.0,0.0
DLF,MAZDOCK,2.0,0.0,False,12.700000000000045,2,1.0,a,2,0,0,0,6.350000000000023,0.0
MAZDOCK,RAILTEL,2.0,0.0,False,0.0,0,0.0,b,0,0,0,0,0.0,0.0
IREDA,JSWENERGY,2.0,0.0,False,0.0,0,0.0,b,0,0,0,0,0.0,0.0
OBEROIRLTY,PHOENIXLTD,2.0,0.0,False,0.0,0,0.0,a,0,0,0,0,0.0,0.0
CANBK,LTF,2.0,0.0,False,0.0,0,0.0,b,0,0,0,0,0.0,0.0
INDHOTEL,IREDA,2.0,0.0,False,0.0,0,0.0,a,0,0,0,0,0.0,0.0
AUROPHARMA,ZYDUSLIFE,2.0,0.0,False,2.5499999999999545,1,1.0,b,1,0,0,0,2.5499999999999545,0.0
BANKINDIA,IDBI,2.0,0.0,False,0.0,0,0.0,a,0,0,0,0,0.0,0.0
BIOCON,LAURUSLABS,2.0,0.0,False,0.0,0,0.0,a,0,0,0,0,0.0,0.0
CANBK,IDFCFIRSTB,2.0,0.0,False,0.0,0,0.0,b,0,0,0,0,0.0,0.0
LODHA,NBCC,4.0,0.0,False,0.0,0,0.0,b,0,0,0,0,0.0,0.0
