symbol_a,symbol_b,net_profit,win_rate,trade_count,max_drawdown,gross_profit,total_fees,exit_reasons
PFC,RECLTD,0.0,0.0,0,0.0,0.0,0.0,none
BDL,MAZDOCK,0.0,0.0,0,0.0,0.0,0.0,none
GRSE,MAZDOCK,0.0,0.0,0,0.0,0.0,0.0,none
BANKBARODA,CANBK,0.0,0.0,0,0.0,0.0,0.0,none
BPCL,HINDPETRO,0.0,0.0,0,0.0,0.0,0.0,none
BPCL,IOC,0.0,0.0,0,0.0,0.0,0.0,none
INFY,TCS,0.0,0.0,0,0.0,0.0,0.0,none
IRFC,RVNL,-392.28621125903203,0.5,2,447.337412990528,-261.69346999999317,130.59274125903886,sl;mr
BEL,HAL,0.0,0.0,0,0.0,0.0,0.0,none
CANBK,PNB,0.0,0.0,0,0.0,0.0,0.0,none
COCHINSHIP,GRSE,0.0,0.0,0,0.0,0.0,0.0,none
BANKINDIA,CANBK,0.0,0.0,0,0.0,0.0,0.0,none
BDL,HAL,0.0,0.0,0,0.0,0.0,0.0,none
BANKINDIA,UNIONBANK,0.0,0.0,0,0.0,0.0,0.0,none
HAL,MAZDOCK,0.0,0.0,0,0.0,0.0,0.0,none
HINDPETRO,IOC,0.0,0.0,0,0.0,0.0,0.0,none
ADANIENT,ADANIGREEN,0.0,0.0,0,0.0,0.0,0.0,none
IREDA,IRFC,0.0,0.0,0,0.0,0.0,0.0,none
BANKBARODA,PNB,0.0,0.0,0,0.0,0.0,0.0,none
BANKINDIA,PNB,0.0,0.0,0,0.0,0.0,0.0,none
BEL,MAZDOCK,0.0,0.0,0,0.0,0.0,0.0,none
CANBK,UNIONBANK,0.0,0.0,0,0.0,0.0,0.0,none
ADANIENSOL,ADANIGREEN,0.0,0.0,0,0.0,0.0,0.0,none
COCHINSHIP,MAZDOCK,0.0,0.0,0,0.0,0.0,0.0,none
BDL,BEL,0.0,0.0,0,0.0,0.0,0.0,none
BANKBARODA,BANKINDIA,0.0,0.0,0,0.0,0.0,0.0,none
BDL,GRSE,-1347.1834917072858,0.0,2,45.1189192065699,-1216.8177499999942,130.36574170729148,mr
HINDZINC,VEDL,0.0,0.0,0,0.0,0.0,0.0,none
DLF,GODREJPROP,0.0,0.0,0,0.0,0.0,0.0,none
NATIONALUM,VEDL,0.0,0.0,0,0.0,0.0,0.0,none
PNB,UNIONBANK,0.0,0.0,0,0.0,0.0,0.0,none
IRCON,RVNL,-1291.1199149425493,0.0,1,0.0,-1225.7240800000054,65.39583494254379,mr
GRAPHITE,HEG,0.0,0.0,0,0.0,0.0,0.0,none
BANKBARODA,UNIONBANK,0.0,0.0,0,0.0,0.0,0.0,none
ADANIENT,ADANIPORTS,0.0,0.0,0,0.0,0.0,0.0,none
HINDZINC,NATIONALUM,0.0,0.0,0,0.0,0.0,0.0,none
BANKINDIA,INDIANB,0.0,0.0,0,0.0,0.0,0.0,none
HCLTECH,TCS,0.0,0.0,0,0.0,0.0,0.0,none
IRCON,RAILTEL,-30.76925885299663,0.0,1,0.0,34.54542000000538,65.31467885300201,mr
HINDALCO,NATIONALUM,0.0,0.0,0,0.0,0.0,0.0,none
DATAPATTNS,GRSE,-1686.1286924296742,0.5,6,2129.4138294347513,-1296.6601499999751,389.468542429699,mr
IREDA,RVNL,38.3808196104372,1.0,1,0.0,103.7184000000052,65.337580389568,mr
JSWSTEEL,TATASTEEL,0.0,0.0,0,0.0,0.0,0.0,none
IRCON,IRFC,-295.292786474702,0.5,4,391.07636547896243,-33.84377499998507,261.4490114747169,mr;hl
INDIANB,UNIONBANK,0.0,0.0,0,0.0,0.0,0.0,none
BSE,CDSL,0.0,0.0,0,0.0,0.0,0.0,none
HCLTECH,INFY,0.0,0.0,0,0.0,0.0,0.0,none
NBCC,RVNL,0.0,0.0,0,0.0,0.0,0.0,none
COFORGE,PERSISTENT,0.0,0.0,0,0.0,0.0,0.0,none
CHENNPETRO,MRPL,0.0,0.0,0,0.0,0.0,0.0,none
TCS,WIPRO,0.0,0.0,0,0.0,0.0,0.0,none
DLF,PRESTIGE,0.0,0.0,0,0.0,0.0,0.0,none
NMDC,TATASTEEL,0.0,0.0,0,0.0,0.0,0.0,none
CANBK,INDIANB,0.0,0.0,0,0.0,0.0,0.0,none
INFY,WIPRO,0.0,0.0,0,0.0,0.0,0.0,none
IREDA,NBCC,0.0,0.0,0,0.0,0.0,0.0,none
ADANIENSOL,ADANIENT,0.0,0.0,0,0.0,0.0,0.0,none
IREDA,RECLTD,0.0,0.0,0,0.0,0.0,0.0,none
IRFC,NBCC,0.0,0.0,0,0.0,0.0,0.0,none
BANKBARODA,INDIANB,0.0,0.0,0,0.0,0.0,0.0,none
JINDALSTEL,TATASTEEL,0.0,0.0,0,0.0,0.0,0.0,none
BEL,GRSE,0.0,0.0,0,0.0,0.0,0.0,none
CANBK,SBIN,0.0,0.0,0,0.0,0.0,0.0,none
HCLTECH,TECHM,0.0,0.0,0,0.0,0.0,0.0,none
BDL,COCHINSHIP,0.0,0.0,0,0.0,0.0,0.0,none
INDIANB,PNB,0.0,0.0,0,0.0,0.0,0.0,none
GODREJPROP,PRESTIGE,0.0,0.0,0,0.0,0.0,0.0,none
HINDALCO,VEDL,0.0,0.0,0,0.0,0.0,0.0,none
IRCON,JWL,-2202.614716915842,0.0,2,556.0517077129,-2071.849774999983,130.76494191585903,hl
DLF,LODHA,0.0,0.0,0,0.0,0.0,0.0,none
TCS,TECHM,0.0,0.0,0,0.0,0.0,0.0,none
DATAPATTNS,MAZDOCK,0.0,0.0,0,0.0,0.0,0.0,none
JBCHEPHARM,TORNTPHARM,0.0,0.0,0,0.0,0.0,0.0,none
BANKBARODA,SBIN,0.0,0.0,0,0.0,0.0,0.0,none
HINDALCO,TATASTEEL,0.0,0.0,0,0.0,0.0,0.0,none
INFY,TECHM,0.0,0.0,0,0.0,0.0,0.0,none
GODREJPROP,LODHA,0.0,0.0,0,0.0,0.0,0.0,none
COFORGE,MPHASIS,0.0,0.0,0,0.0,0.0,0.0,none
GRSE,HAL,0.0,0.0,0,0.0,0.0,0.0,none
ABCAPITAL,LTF,0.0,0.0,0,0.0,0.0,0.0,none
RAILTEL,RVNL,48.52954455914744,0.6666666666666666,3,0.0,244.40441500001964,195.87487044087237,mr;hl
NATIONALUM,NMDC,0.0,0.0,0,0.0,0.0,0.0,none
DLF,OBEROIRLTY,0.0,0.0,0,0.0,0.0,0.0,none
GODREJPROP,OBEROIRLTY,0.0,0.0,0,0.0,0.0,0.0,none
BSE,MCX,0.0,0.0,0,0.0,0.0,0.0,none
HCLTECH,WIPRO,0.0,0.0,0,0.0,0.0,0.0,none
INOXWIND,SUZLON,0.0,0.0,0,0.0,0.0,0.0,none
IRFC,RECLTD,0.0,0.0,0,0.0,0.0,0.0,none
IRFC,RAILTEL,0.0,0.0,0,0.0,0.0,0.0,none
MAZDOCK,RVNL,0.0,0.0,0,0.0,0.0,0.0,none
INOXWIND,IREDA,0.0,0.0,0,0.0,0.0,0.0,none
COFORGE,INFY,-421.5538959675382,0.0,1,0.0,-356.3175000000042,65.236395967534,mr
COFORGE,TCS,0.0,0.0,0,0.0,0.0,0.0,none
TECHM,WIPRO,0.0,0.0,0,0.0,0.0,0.0,none
MPHASIS,PERSISTENT,0.0,0.0,0,0.0,0.0,0.0,none
HEROMOTOCO,TVSMOTOR,0.0,0.0,0,0.0,0.0,0.0,none
COFORGE,TECHM,0.0,0.0,0,0.0,0.0,0.0,none
PNB,SBIN,0.0,0.0,0,0.0,0.0,0.0,none
BAJAJFINSV,BAJFINANCE,0.0,0.0,0,0.0,0.0,0.0,none
HUDCO,IREDA,1793.7320521499441,1.0,2,0.0,1924.5282900000175,130.79623785007323,mr
BDL,DATAPATTNS,0.0,0.0,0,0.0,0.0,0.0,none
HINDCOPPER,HINDZINC,0.0,0.0,0,0.0,0.0,0.0,none
ADANIGREEN,ADANIPORTS,0.0,0.0,0,0.0,0.0,0.0,none
INOXWIND,NBCC,0.0,0.0,0,0.0,0.0,0.0,none
COCHINSHIP,DATAPATTNS,0.0,0.0,0,0.0,0.0,0.0,none
ANGELONE,BSE,0.0,0.0,0,0.0,0.0,0.0,none
IRCON,RITES,-424.1045167933441,0.0,1,0.0,-358.7708200000003,65.3336967933438,mr
BANKINDIA,SBIN,0.0,0.0,0,0.0,0.0,0.0,none
SAIL,TATASTEEL,0.0,0.0,0,0.0,0.0,0.0,none
JINDALSTEL,JSWSTEEL,0.0,0.0,0,0.0,0.0,0.0,none
HINDALCO,HINDZINC,0.0,0.0,0,0.0,0.0,0.0,none
CDSL,IREDA,101.12701817066728,1.0,1,0.0,166.3840000000073,65.25698182934,mr
LODHA,PRESTIGE,0.0,0.0,0,0.0,0.0,0.0,none
IRCON,IREDA,493.24474426310564,1.0,1,0.0,558.7606149999951,65.5158707368895,mr
IRCON,TITAGARH,0.0,0.0,0,0.0,0.0,0.0,none
JINDALSTEL,NMDC,0.0,0.0,0,0.0,0.0,0.0,none
IREDA,JIOFIN,0.0,0.0,0,0.0,0.0,0.0,none
EICHERMOT,HEROMOTOCO,0.0,0.0,0,0.0,0.0,0.0,none
IREDA,PFC,0.0,0.0,0,0.0,0.0,0.0,none
IRFC,MAZDOCK,0.0,0.0,0,0.0,0.0,0.0,none
IREDA,SUZLON,0.0,0.0,0,0.0,0.0,0.0,none
COFORGE,WIPRO,0.0,0.0,0,0.0,0.0,0.0,none
NATIONALUM,TATASTEEL,0.0,0.0,0,0.0,0.0,0.0,none
BAJAJ-AUTO,HEROMOTOCO,0.0,0.0,0,0.0,0.0,0.0,none
TATASTEEL,VEDL,0.0,0.0,0,0.0,0.0,0.0,none
OBEROIRLTY,PRESTIGE,0.0,0.0,0,0.0,0.0,0.0,none
NTPC,POWERGRID,0.0,0.0,0,0.0,0.0,0.0,none
CDSL,IRFC,0.0,0.0,0,0.0,0.0,0.0,none
COFORGE,HCLTECH,-59.79933073173301,0.0,1,0.0,5.3118000000145,65.11113073174751,mr
BEML,GRSE,1225.2906671825485,1.0,1,0.0,1290.3215000000087,65.03083281746001,mr
HUDCO,NBCC,838.9965158489229,0.4,5,148.65802630915556,1165.7546450000527,326.75812915112976,mr;se
BEL,COCHINSHIP,0.0,0.0,0,0.0,0.0,0.0,none
BEML,COCHINSHIP,0.0,0.0,0,0.0,0.0,0.0,none
COFORGE,OFSS,-298.324305482263,0.0,1,0.0,-233.512499999988,64.811805482275,mr
COFORGE,LTM,-25.586165437687256,0.0,1,0.0,39.02415000001474,64.610315437702,mr
BEML,MAZDOCK,0.0,0.0,0,0.0,0.0,0.0,none
JWL,TITAGARH,0.0,0.0,0,0.0,0.0,0.0,none
ADANIGREEN,ADANIPOWER,0.0,0.0,0,0.0,0.0,0.0,none
MAZDOCK,NBCC,0.0,0.0,0,0.0,0.0,0.0,none
SBIN,UNIONBANK,0.0,0.0,0,0.0,0.0,0.0,none
ANGELONE,CDSL,0.0,0.0,0,0.0,0.0,0.0,none
KAYNES,PGEL,0.0,0.0,0,0.0,0.0,0.0,none
BAJAJ-AUTO,EICHERMOT,0.0,0.0,0,0.0,0.0,0.0,none
IREDA,MAZDOCK,0.0,0.0,0,0.0,0.0,0.0,none
COCHINSHIP,HAL,0.0,0.0,0,0.0,0.0,0.0,none
PERSISTENT,TECHM,0.0,0.0,0,0.0,0.0,0.0,none
EICHERMOT,TVSMOTOR,0.0,0.0,0,0.0,0.0,0.0,none
INOXWIND,IRFC,0.0,0.0,0,0.0,0.0,0.0,none
ADANIENT,AMBUJACEM,0.0,0.0,0,0.0,0.0,0.0,none
HUDCO,IRFC,-2169.6605500180203,0.5555555555555556,9,2975.7573510239504,-1582.2843799999528,587.3761700180675,mr;se
JWL,RVNL,0.0,0.0,0,0.0,0.0,0.0,none
JBMA,OLECTRA,0.0,0.0,0,0.0,0.0,0.0,none
IRFC,SUZLON,0.0,0.0,0,0.0,0.0,0.0,none
PREMIERENE,WAAREEENER,0.0,0.0,0,0.0,0.0,0.0,none
BDL,RVNL,117.88223634675869,1.0,1,0.0,182.71940000000768,64.837163653249,mr
M&M,MARUTI,0.0,0.0,0,0.0,0.0,0.0,none
NBCC,RECLTD,0.0,0.0,0,0.0,0.0,0.0,none
HINDCOPPER,NATIONALUM,0.0,0.0,0,0.0,0.0,0.0,none
MAZDOCK,SUZLON,0.0,0.0,0,0.0,0.0,0.0,none
JIOFIN,NBCC,-270.439153822022,0.0,3,133.90835837635956,-74.37711499998997,196.06203882203198,mr
CDSL,NBCC,137.0985166106709,1.0,1,0.0,202.3660000000109,65.26748338933999,mr
ACC,AMBUJACEM,0.0,0.0,0,0.0,0.0,0.0,none
NMDC,VEDL,0.0,0.0,0,0.0,0.0,0.0,none
RVNL,TITAGARH,0.0,0.0,0,0.0,0.0,0.0,none
NBCC,SUZLON,0.0,0.0,0,0.0,0.0,0.0,none
DIXON,KAYNES,0.0,0.0,0,0.0,0.0,0.0,none
IRFC,PFC,0.0,0.0,0,0.0,0.0,0.0,none
BAJAJ-AUTO,TVSMOTOR,-347.5343528208551,0.5,2,353.77975055471103,-220.33299999999508,127.20135282086,mr
JWL,RAILTEL,0.0,0.0,0,0.0,0.0,0.0,none
OFSS,PERSISTENT,0.0,0.0,0,0.0,0.0,0.0,none
OIL,ONGC,0.0,0.0,0,0.0,0.0,0.0,none
KEI,POLYCAB,0.0,0.0,0,0.0,0.0,0.0,none
LODHA,OBEROIRLTY,0.0,0.0,0,0.0,0.0,0.0,none
MPHASIS,TECHM,0.0,0.0,0,0.0,0.0,0.0,none
BEL,DATAPATTNS,0.0,0.0,0,0.0,0.0,0.0,none
HINDZINC,NMDC,0.0,0.0,0,0.0,0.0,0.0,none
IRFC,JIOFIN,0.0,0.0,0,0.0,0.0,0.0,none
MAZDOCK,SOLARINDS,0.0,0.0,0,0.0,0.0,0.0,none
IRCON,NBCC,134.87112933236762,1.0,1,0.0,200.2030800000089,65.3319506676413,mr
BDL,NBCC,0.0,0.0,0,0.0,0.0,0.0,none
MPHASIS,OFSS,0.0,0.0,0,0.0,0.0,0.0,none
M&M,TVSMOTOR,0.0,0.0,0,0.0,0.0,0.0,none
CDSL,JIOFIN,0.0,0.0,0,0.0,0.0,0.0,none
JIOFIN,RECLTD,0.0,0.0,0,0.0,0.0,0.0,none
KPITTECH,TATAELXSI,0.0,0.0,0,0.0,0.0,0.0,none
PERSISTENT,TCS,0.0,0.0,0,0.0,0.0,0.0,none
INFY,PERSISTENT,0.0,0.0,0,0.0,0.0,0.0,none
HINDALCO,NMDC,0.0,0.0,0,0.0,0.0,0.0,none
BDL,BEML,0.0,0.0,0,0.0,0.0,0.0,none
EICHERMOT,M&M,0.0,0.0,0,0.0,0.0,0.0,none
EICHERMOT,MARUTI,0.0,0.0,0,0.0,0.0,0.0,none
DLF,NBCC,0.0,0.0,0,0.0,0.0,0.0,none
CANBK,RECLTD,0.0,0.0,0,0.0,0.0,0.0,none
COFORGE,TATAELXSI,-93.87281020452303,0.25,8,713.9378258825526,421.2948000000615,515.1676102045844,mr
INOXWIND,RVNL,0.0,0.0,0,0.0,0.0,0.0,none
ADANIGREEN,TATAPOWER,0.0,0.0,0,0.0,0.0,0.0,none
RECLTD,RVNL,0.0,0.0,0,0.0,0.0,0.0,none
IDEA,INDUSTOWER,0.0,0.0,0,0.0,0.0,0.0,none
HCLTECH,PERSISTENT,0.0,0.0,0,0.0,0.0,0.0,none
GRSE,ZENTEC,0.0,0.0,0,0.0,0.0,0.0,none
HINDALCO,JSWSTEEL,0.0,0.0,0,0.0,0.0,0.0,none
IRFC,JWL,0.0,0.0,0,0.0,0.0,0.0,none
MPHASIS,TCS,0.0,0.0,0,0.0,0.0,0.0,none
BDL,IREDA,0.0,0.0,0,0.0,0.0,0.0,none
NMDC,SAIL,0.0,0.0,0,0.0,0.0,0.0,none
INOXWIND,MAZDOCK,0.0,0.0,0,0.0,0.0,0.0,none
IREDA,RAILTEL,0.0,0.0,0,0.0,0.0,0.0,none
COFORGE,KPITTECH,-138.7569671072315,0.6,5,887.5323052723454,186.98080000002642,325.737767107258,mr
DLF,PHOENIXLTD,0.0,0.0,0,0.0,0.0,0.0,none
DATAPATTNS,HAL,0.0,0.0,0,0.0,0.0,0.0,none
MOTHERSON,TMPV,0.0,0.0,0,0.0,0.0,0.0,none
PERSISTENT,WIPRO,0.0,0.0,0,0.0,0.0,0.0,none
JSWSTEEL,NMDC,0.0,0.0,0,0.0,0.0,0.0,none
RECLTD,TATAPOWER,0.0,0.0,0,0.0,0.0,0.0,none
GODREJPROP,PHOENIXLTD,0.0,0.0,0,0.0,0.0,0.0,none
LTM,PERSISTENT,0.0,0.0,0,0.0,0.0,0.0,none
HEROMOTOCO,M&M,0.0,0.0,0,0.0,0.0,0.0,none
RVNL,SUZLON,0.0,0.0,0,0.0,0.0,0.0,none
COCHINSHIP,RVNL,-516.6828741330349,0.0,1,0.0,-451.8463999999949,64.83647413304,mr
IRCTC,IRFC,-716.4723070197473,0.18181818181818182,11,660.3877871289412,1.3458000000549646,717.8181070198023,mr
IRFC,TITAGARH,0.0,0.0,0,0.0,0.0,0.0,none
ETERNAL,SWIGGY,0.0,0.0,0,0.0,0.0,0.0,none
OFSS,TATAELXSI,0.0,0.0,0,0.0,0.0,0.0,none
DLF,IREDA,0.0,0.0,0,0.0,0.0,0.0,none
BAJAJ-AUTO,M&M,0.0,0.0,0,0.0,0.0,0.0,none
CDSL,MCX,0.0,0.0,0,0.0,0.0,0.0,none
NHPC,TATAPOWER,0.0,0.0,0,0.0,0.0,0.0,none
HUDCO,RECLTD,0.0,0.0,0,0.0,0.0,0.0,none
JIOFIN,RVNL,0.0,0.0,0,0.0,0.0,0.0,none
BDL,SOLARINDS,0.0,0.0,0,0.0,0.0,0.0,none
INFY,MPHASIS,0.0,0.0,0,0.0,0.0,0.0,none
LTM,TECHM,0.0,0.0,0,0.0,0.0,0.0,none
HINDZINC,TATASTEEL,0.0,0.0,0,0.0,0.0,0.0,none
BEL,RVNL,-216.33232928944403,0.0,1,0.0,-151.03179999999202,65.300529289452,mr
ADANIENSOL,ADANIPORTS,0.0,0.0,0,0.0,0.0,0.0,none
HAL,RVNL,-253.38787017608098,0.0,1,0.0,-188.12884999999824,65.25902017608276,mr
RITES,RVNL,0.0,0.0,0,0.0,0.0,0.0,none
M&M,TMPV,0.0,0.0,0,0.0,0.0,0.0,none
JSWENERGY,TATAPOWER,483.45361718807476,1.0,1,0.0,548.647750000006,65.19413281193125,mr
IREDA,TATAPOWER,0.0,0.0,0,0.0,0.0,0.0,none
LTM,MPHASIS,0.0,0.0,0,0.0,0.0,0.0,none
ADANIENSOL,ADANIPOWER,0.0,0.0,0,0.0,0.0,0.0,none
MPHASIS,WIPRO,0.0,0.0,0,0.0,0.0,0.0,none
ABB,SIEMENS,0.0,0.0,0,0.0,0.0,0.0,none
HEROMOTOCO,MARUTI,0.0,0.0,0,0.0,0.0,0.0,none
IRCON,MAZDOCK,0.0,0.0,0,0.0,0.0,0.0,none
PERSISTENT,TATAELXSI,0.0,0.0,0,0.0,0.0,0.0,none
GODREJPROP,NBCC,0.0,0.0,0,0.0,0.0,0.0,none
HDFCLIFE,SBILIFE,0.0,0.0,0,0.0,0.0,0.0,none
BDL,IRFC,-262.39472682356137,0.5,2,0.0,-131.79455999999655,130.6001668235648,mr
KAYNES,MAZDOCK,0.0,0.0,0,0.0,0.0,0.0,none
CENTRALBK,MAHABANK,0.0,0.0,0,0.0,0.0,0.0,none
INDIANB,SBIN,0.0,0.0,0,0.0,0.0,0.0,none
GAIL,IOC,0.0,0.0,0,0.0,0.0,0.0,none
AMBER,DIXON,0.0,0.0,0,0.0,0.0,0.0,none
BANKINDIA,CENTRALBK,-264.51024934772687,0.3333333333333333,3,391.2171379364933,-68.40876499999084,196.101484347736,mr
BANKINDIA,MAHABANK,0.0,0.0,0,0.0,0.0,0.0,none
CANBK,PFC,0.0,0.0,0,0.0,0.0,0.0,none
RAILTEL,RITES,0.0,0.0,0,0.0,0.0,0.0,none
CDSL,RECLTD,0.0,0.0,0,0.0,0.0,0.0,none
BDL,SUZLON,0.0,0.0,0,0.0,0.0,0.0,none
CENTRALBK,IOB,0.0,0.0,0,0.0,0.0,0.0,none
JIOFIN,MAZDOCK,0.0,0.0,0,0.0,0.0,0.0,none
PFC,TATAPOWER,0.0,0.0,0,0.0,0.0,0.0,none
LTM,TCS,0.0,0.0,0,0.0,0.0,0.0,none
CDSL,MAZDOCK,0.0,0.0,0,0.0,0.0,0.0,none
BANKINDIA,RECLTD,0.0,0.0,0,0.0,0.0,0.0,none
CANBK,IREDA,0.0,0.0,0,0.0,0.0,0.0,none
IRFC,RITES,0.0,0.0,0,0.0,0.0,0.0,none
BHEL,MAZDOCK,0.0,0.0,0,0.0,0.0,0.0,none
HCLTECH,MPHASIS,0.0,0.0,0,0.0,0.0,0.0,none
HDFCBANK,ICICIBANK,0.0,0.0,0,0.0,0.0,0.0,none
CANBK,CENTRALBK,0.0,0.0,0,0.0,0.0,0.0,none
PNB,RECLTD,0.0,0.0,0,0.0,0.0,0.0,none
CAMS,CDSL,0.0,0.0,0,0.0,0.0,0.0,none
CENTRALBK,PNB,0.0,0.0,0,0.0,0.0,0.0,none
ABCAPITAL,IREDA,0.0,0.0,0,0.0,0.0,0.0,none
NBCC,PFC,0.0,0.0,0,0.0,0.0,0.0,none
LTM,WIPRO,0.0,0.0,0,0.0,0.0,0.0,none
INFY,LTM,0.0,0.0,0,0.0,0.0,0.0,none
CDSL,RVNL,137.0985166106709,1.0,1,0.0,202.3660000000109,65.26748338933999,mr
MAZDOCK,ZENTEC,916.0513267868547,1.0,1,0.0,981.0144000000128,64.96307321315801,mr
HUDCO,RVNL,-2101.7317366261186,0.5555555555555556,9,2907.8285376320487,-1514.360434999951,587.3713016261675,mr;se
BANKINDIA,RBLBANK,0.0,0.0,0,0.0,0.0,0.0,none
COCHINSHIP,NBCC,0.0,0.0,0,0.0,0.0,0.0,none
NTPC,TATAPOWER,0.0,0.0,0,0.0,0.0,0.0,none
HCLTECH,LTM,0.0,0.0,0,0.0,0.0,0.0,none
INOXWIND,JIOFIN,0.0,0.0,0,0.0,0.0,0.0,none
OFSS,TECHM,0.0,0.0,0,0.0,0.0,0.0,none
TATAELXSI,TCS,0.0,0.0,0,0.0,0.0,0.0,none
BANKINDIA,IREDA,218.21219368236072,1.0,2,0.0,348.9692750000126,130.75708131765188,mr
BANKBARODA,RECLTD,0.0,0.0,0,0.0,0.0,0.0,none
JIOFIN,SUZLON,0.0,0.0,0,0.0,0.0,0.0,none
BEML,DATAPATTNS,0.0,0.0,0,0.0,0.0,0.0,none
HAL,NBCC,-1342.171915674699,0.3076923076923077,13,1310.4251184438422,-492.6779849999041,849.4939306747949,mr
TATAELXSI,WIPRO,0.0,0.0,0,0.0,0.0,0.0,none
OFSS,WIPRO,0.0,0.0,0,0.0,0.0,0.0,none
DLF,JIOFIN,0.0,0.0,0,0.0,0.0,0.0,none
ADANIENT,JIOFIN,0.0,0.0,0,0.0,0.0,0.0,none
ADANIPORTS,AMBUJACEM,0.0,0.0,0,0.0,0.0,0.0,none
BAJFINANCE,CHOLAFIN,-114.74505767434806,0.0,1,0.0,-49.53959999999006,65.205457674358,mr
MPHASIS,TATAELXSI,0.0,0.0,0,0.0,0.0,0.0,none
CENTRALBK,UCOBANK,0.0,0.0,0,0.0,0.0,0.0,none
KPITTECH,MPHASIS,0.0,0.0,0,0.0,0.0,0.0,none
TATAELXSI,TATATECH,0.0,0.0,0,0.0,0.0,0.0,none
OFSS,TCS,0.0,0.0,0,0.0,0.0,0.0,none
JINDALSTEL,NATIONALUM,0.0,0.0,0,0.0,0.0,0.0,none
DLF,IRFC,0.0,0.0,0,0.0,0.0,0.0,none
CANBK,JIOFIN,0.0,0.0,0,0.0,0.0,0.0,none
GAIL,TATAPOWER,0.0,0.0,0,0.0,0.0,0.0,none
GMRAIRPORT,IREDA,0.0,0.0,0,0.0,0.0,0.0,none
BAJFINANCE,SHRIRAMFIN,-434.263752249411,0.0,3,366.7646115752981,-238.6536499999778,195.61010224943325,mr
GRSE,RVNL,-3552.9506913167193,0.0,1,0.0,-3487.6543999999994,65.29629131672,mr
INOXWIND,RECLTD,0.0,0.0,0,0.0,0.0,0.0,none
BEL,BHEL,0.0,0.0,0,0.0,0.0,0.0,none
BDL,INOXWIND,0.0,0.0,0,0.0,0.0,0.0,none
IREDA,SJVN,0.0,0.0,0,0.0,0.0,0.0,none
NBCC,TATAPOWER,0.0,0.0,0,0.0,0.0,0.0,none
ADANIGREEN,IREDA,0.0,0.0,0,0.0,0.0,0.0,none
DLF,RECLTD,0.0,0.0,0,0.0,0.0,0.0,none
POWERGRID,TATAPOWER,0.0,0.0,0,0.0,0.0,0.0,none
RAILTEL,TITAGARH,0.0,0.0,0,0.0,0.0,0.0,none
KPITTECH,OFSS,0.0,0.0,0,0.0,0.0,0.0,none
IREDA,NHPC,0.0,0.0,0,0.0,0.0,0.0,none
ABCAPITAL,JIOFIN,0.0,0.0,0,0.0,0.0,0.0,none
IRCTC,IREDA,0.0,0.0,0,0.0,0.0,0.0,none
ADANIENSOL,TATAPOWER,0.0,0.0,0,0.0,0.0,0.0,none
TATAELXSI,TECHM,0.0,0.0,0,0.0,0.0,0.0,none
JIOFIN,PFC,0.0,0.0,0,0.0,0.0,0.0,none
ADANIENT,TATAPOWER,0.0,0.0,0,0.0,0.0,0.0,none
GODREJPROP,IREDA,0.0,0.0,0,0.0,0.0,0.0,none
MAHABANK,PNB,0.0,0.0,0,0.0,0.0,0.0,none
MARUTI,TVSMOTOR,-52.696278664135,0.0,1,0.0,9.5625,62.258778664135,mr
BAJAJ-AUTO,MARUTI,0.0,0.0,0,0.0,0.0,0.0,none
BEL,NBCC,-806.8062218707643,0.0,3,680.7896977395619,-610.8762249999702,195.9299968707941,mr
KPITTECH,PERSISTENT,0.0,0.0,0,0.0,0.0,0.0,none
ADANIENT,ADANIPOWER,0.0,0.0,0,0.0,0.0,0.0,none
JINDALSTEL,SAIL,0.0,0.0,0,0.0,0.0,0.0,none
ADANIGREEN,NHPC,0.0,0.0,0,0.0,0.0,0.0,none
INFY,OFSS,0.0,0.0,0,0.0,0.0,0.0,none
HINDALCO,JINDALSTEL,0.0,0.0,0,0.0,0.0,0.0,none
NBCC,RAILTEL,0.0,0.0,0,0.0,0.0,0.0,none
ADANIENT,IREDA,0.0,0.0,0,0.0,0.0,0.0,none
IREDA,LICHSGFIN,0.0,0.0,0,0.0,0.0,0.0,none
PNB,YESBANK,-188.8050565755101,0.0,1,0.0,-123.43891499999964,65.36614157551045,sl
BHEL,INOXWIND,0.0,0.0,0,0.0,0.0,0.0,none
CANBK,MAHABANK,0.0,0.0,0,0.0,0.0,0.0,none
ADANIGREEN,JSWENERGY,0.0,0.0,0,0.0,0.0,0.0,none
JIOFIN,TATAPOWER,0.0,0.0,0,0.0,0.0,0.0,none
RECLTD,SUZLON,0.0,0.0,0,0.0,0.0,0.0,none
COCHINSHIP,IREDA,0.0,0.0,0,0.0,0.0,0.0,none
HAL,SOLARINDS,0.0,0.0,0,0.0,0.0,0.0,none
MAHABANK,UNIONBANK,0.0,0.0,0,0.0,0.0,0.0,none
CDSL,DLF,0.0,0.0,0,0.0,0.0,0.0,none
BANKINDIA,PFC,0.0,0.0,0,0.0,0.0,0.0,none
IREDA,PNB,0.0,0.0,0,0.0,0.0,0.0,none
BANKBARODA,CENTRALBK,-255.47662531066803,0.0,1,0.0,-190.14610999999994,65.33051531066809,mr
IREDA,TITAGARH,0.0,0.0,0,0.0,0.0,0.0,none
CANBK,RBLBANK,0.0,0.0,0,0.0,0.0,0.0,none
BHEL,SUZLON,0.0,0.0,0,0.0,0.0,0.0,none
PFC,PNB,0.0,0.0,0,0.0,0.0,0.0,none
LTM,OFSS,0.0,0.0,0,0.0,0.0,0.0,none
COCHINSHIP,IRCON,0.0,0.0,0,0.0,0.0,0.0,none
BANKINDIA,YESBANK,0.0,0.0,0,0.0,0.0,0.0,none
BHEL,NBCC,-375.05769992263845,0.0,1,0.0,-309.79649999999594,65.2611999226425,hl
IRFC,TATAPOWER,0.0,0.0,0,0.0,0.0,0.0,none
INOXWIND,IRCON,0.0,0.0,0,0.0,0.0,0.0,none
BHEL,IREDA,0.0,0.0,0,0.0,0.0,0.0,none
ADANIGREEN,AMBUJACEM,0.0,0.0,0,0.0,0.0,0.0,none
LAURUSLABS,ZYDUSLIFE,0.0,0.0,0,0.0,0.0,0.0,none
PHOENIXLTD,PRESTIGE,0.0,0.0,0,0.0,0.0,0.0,none
HINDCOPPER,VEDL,0.0,0.0,0,0.0,0.0,0.0,none
CGPOWER,NBCC,233.3483784000125,1.0,1,0.0,298.5570000000075,65.20862159999501,mr
MARUTI,TMPV,0.0,0.0,0,0.0,0.0,0.0,none
MAZDOCK,TITAGARH,0.0,0.0,0,0.0,0.0,0.0,none
PFC,RVNL,0.0,0.0,0,0.0,0.0,0.0,none
CANBK,YESBANK,0.0,0.0,0,0.0,0.0,0.0,none
CENTRALBK,UNIONBANK,0.0,0.0,0,0.0,0.0,0.0,none
ADANIGREEN,ATGL,0.0,0.0,0,0.0,0.0,0.0,none
HEROMOTOCO,MOTHERSON,0.0,0.0,0,0.0,0.0,0.0,none
HEROMOTOCO,TMPV,0.0,0.0,0,0.0,0.0,0.0,none
BDL,CDSL,0.0,0.0,0,0.0,0.0,0.0,none
COCHINSHIP,ZENTEC,0.0,0.0,0,0.0,0.0,0.0,none
ADANIPORTS,JIOFIN,0.0,0.0,0,0.0,0.0,0.0,none
IOC,PETRONET,0.0,0.0,0,0.0,0.0,0.0,none
IREDA,JWL,0.0,0.0,0,0.0,0.0,0.0,none
CDSL,INOXWIND,137.0985166106709,1.0,1,0.0,202.3660000000109,65.26748338933999,mr
CANBK,NBCC,0.0,0.0,0,0.0,0.0,0.0,none
BDL,ZENTEC,0.0,0.0,0,0.0,0.0,0.0,none
BSE,IREDA,0.0,0.0,0,0.0,0.0,0.0,none
BAJFINANCE,JIOFIN,0.0,0.0,0,0.0,0.0,0.0,none
JIOFIN,RELIANCE,0.0,0.0,0,0.0,0.0,0.0,none
HCLTECH,OFSS,0.0,0.0,0,0.0,0.0,0.0,none
MANAPPURAM,MUTHOOTFIN,0.0,0.0,0,0.0,0.0,0.0,none
ABCAPITAL,BANKINDIA,0.0,0.0,0,0.0,0.0,0.0,none
GMRAIRPORT,NBCC,0.0,0.0,0,0.0,0.0,0.0,none
DLF,RVNL,0.0,0.0,0,0.0,0.0,0.0,none
BEL,IRFC,0.0,0.0,0,0.0,0.0,0.0,none
BANKINDIA,JIOFIN,0.0,0.0,0,0.0,0.0,0.0,none
HUDCO,PFC,0.0,0.0,0,0.0,0.0,0.0,none
BANKINDIA,NBCC,-1531.4010708053188,0.3076923076923077,13,1435.8066067644684,-681.8199749999217,849.5810958053971,mr
LICHSGFIN,RECLTD,0.0,0.0,0,0.0,0.0,0.0,none
IREDA,LTF,0.0,0.0,0,0.0,0.0,0.0,none
CDSL,KFINTECH,0.0,0.0,0,0.0,0.0,0.0,none
ABCAPITAL,CANBK,0.0,0.0,0,0.0,0.0,0.0,none
IRFC,NHPC,0.0,0.0,0,0.0,0.0,0.0,none
BSE,JIOFIN,0.0,0.0,0,0.0,0.0,0.0,none
PNB,RBLBANK,0.0,0.0,0,0.0,0.0,0.0,none
LTF,SHRIRAMFIN,-653.1717857713317,0.16666666666666666,6,664.76239467274,-261.214459999974,391.95732577135766,mr
JIOFIN,PNB,0.0,0.0,0,0.0,0.0,0.0,none
LUPIN,ZYDUSLIFE,0.0,0.0,0,0.0,0.0,0.0,none
BANDHANBNK,BANKINDIA,0.0,0.0,0,0.0,0.0,0.0,none
CGPOWER,HAL,0.0,0.0,0,0.0,0.0,0.0,none
JIOFIN,LT,0.0,0.0,0,0.0,0.0,0.0,none
BDL,IRCON,11.51350306434081,1.0,1,0.0,76.6602000000048,65.146696935664,mr
ABCAPITAL,RECLTD,0.0,0.0,0,0.0,0.0,0.0,none
INFY,TATAELXSI,0.0,0.0,0,0.0,0.0,0.0,none
LODHA,PHOENIXLTD,0.0,0.0,0,0.0,0.0,0.0,none
JIOFIN,TMPV,0.0,0.0,0,0.0,0.0,0.0,none
LTM,TATAELXSI,0.0,0.0,0,0.0,0.0,0.0,none
IRFC,SJVN,0.0,0.0,0,0.0,0.0,0.0,none
BDL,BHEL,0.0,0.0,0,0.0,0.0,0.0,none
COFORGE,TATATECH,196.76529159366672,1.0,1,0.0,262.1397750000077,65.374483406341,mr
RECLTD,UNIONBANK,0.0,0.0,0,0.0,0.0,0.0,none
BEML,IRCON,0.0,0.0,0,0.0,0.0,0.0,none
ADANIENT,NBCC,0.0,0.0,0,0.0,0.0,0.0,none
IREDA,KAYNES,-57.38657148611826,0.0,1,0.0,7.961249999998245,65.3478214861165,mr
COCHINSHIP,IRFC,0.0,0.0,0,0.0,0.0,0.0,none
HAL,IREDA,0.0,0.0,0,0.0,0.0,0.0,none
BANKINDIA,IRFC,116.18522529506271,1.0,1,0.0,181.6038900000021,65.4186647049394,mr
MAZDOCK,RECLTD,0.0,0.0,0,0.0,0.0,0.0,none
BEL,JIOFIN,0.0,0.0,0,0.0,0.0,0.0,none
BHARATFORG,MOTHERSON,0.0,0.0,0,0.0,0.0,0.0,none
INDHOTEL,JIOFIN,0.0,0.0,0,0.0,0.0,0.0,none
JIOFIN,LTF,0.0,0.0,0,0.0,0.0,0.0,none
DIXON,KALYANKJIL,0.0,0.0,0,0.0,0.0,0.0,none
BDL,JIOFIN,0.0,0.0,0,0.0,0.0,0.0,none
BANKBARODA,MAHABANK,0.0,0.0,0,0.0,0.0,0.0,none
GLENMARK,LAURUSLABS,0.0,0.0,0,0.0,0.0,0.0,none
AMBUJACEM,ULTRACEMCO,0.0,0.0,0,0.0,0.0,0.0,none
BEL,SOLARINDS,0.0,0.0,0,0.0,0.0,0.0,none
CGPOWER,RVNL,275.3151265800069,1.0,1,0.0,340.5360000000019,65.220873419995,mr
JSWENERGY,NHPC,-480.33897207006544,0.0,1,0.0,-415.2046250000029,65.1343470700625,mr
KAYNES,NBCC,622.0723814437652,1.0,1,0.0,687.3739800000092,65.30159855624396,mr
JWL,RITES,0.0,0.0,0,0.0,0.0,0.0,none
CONCOR,IREDA,-283.51227883989077,0.0,1,0.0,-218.19584999999074,65.3164288399,mr
CDSL,PFC,0.0,0.0,0,0.0,0.0,0.0,none
UNIONBANK,YESBANK,0.0,0.0,0,0.0,0.0,0.0,none
GRSE,IRCON,0.0,0.0,0,0.0,0.0,0.0,none
CAMS,IREDA,0.0,0.0,0,0.0,0.0,0.0,none
IOB,MAHABANK,0.0,0.0,0,0.0,0.0,0.0,none
CDSL,TATAPOWER,0.0,0.0,0,0.0,0.0,0.0,none
KPITTECH,TCS,0.0,0.0,0,0.0,0.0,0.0,none
CDSL,HDFCAMC,0.0,0.0,0,0.0,0.0,0.0,none
CDSL,SUZLON,137.0985166106709,1.0,1,0.0,202.3660000000109,65.26748338933999,mr
IRCTC,RVNL,0.0,0.0,0,0.0,0.0,0.0,none
GRSE,NBCC,0.0,0.0,0,0.0,0.0,0.0,none
AUROPHARMA,LUPIN,0.0,0.0,0,0.0,0.0,0.0,none
ADANIPORTS,GMRAIRPORT,0.0,0.0,0,0.0,0.0,0.0,none
HCLTECH,TATAELXSI,-299.5862225839371,0.0,1,0.0,-234.3912999999966,65.1949225839405,mr
JSWSTEEL,NATIONALUM,0.0,0.0,0,0.0,0.0,0.0,none
ANGELONE,IREDA,0.0,0.0,0,0.0,0.0,0.0,none
CGPOWER,MAZDOCK,0.0,0.0,0,0.0,0.0,0.0,none
HAL,IRFC,0.0,0.0,0,0.0,0.0,0.0,none
DLF,PFC,0.0,0.0,0,0.0,0.0,0.0,none
JINDALSTEL,VEDL,0.0,0.0,0,0.0,0.0,0.0,none
CHOLAFIN,SHRIRAMFIN,0.0,0.0,0,0.0,0.0,0.0,none
NBCC,TITAGARH,0.0,0.0,0,0.0,0.0,0.0,none
CDSL,HUDCO,0.0,0.0,0,0.0,0.0,0.0,none
ABCAPITAL,CDSL,0.0,0.0,0,0.0,0.0,0.0,none
BAJAJ-AUTO,TMPV,0.0,0.0,0,0.0,0.0,0.0,none
EXIDEIND,NBCC,-3343.904364564251,0.0,3,3228.6316558634353,-3148.851474999984,195.052889564267,mr
CDSL,LTF,0.0,0.0,0,0.0,0.0,0.0,none
LTF,RECLTD,0.0,0.0,0,0.0,0.0,0.0,none
BHEL,RVNL,0.0,0.0,0,0.0,0.0,0.0,none
DIVISLAB,LAURUSLABS,0.0,0.0,0,0.0,0.0,0.0,none
BANKBARODA,IREDA,0.0,0.0,0,0.0,0.0,0.0,none
GLENMARK,ZYDUSLIFE,0.0,0.0,0,0.0,0.0,0.0,none
NBCC,NHPC,0.0,0.0,0,0.0,0.0,0.0,none
EICHERMOT,TMPV,0.0,0.0,0,0.0,0.0,0.0,none
GRASIM,ULTRACEMCO,0.0,0.0,0,0.0,0.0,0.0,none
CANBK,IRFC,0.0,0.0,0,0.0,0.0,0.0,none
AMBER,PGEL,0.0,0.0,0,0.0,0.0,0.0,none
JWL,MAZDOCK,0.0,0.0,0,0.0,0.0,0.0,none
ADANIENT,MAZDOCK,0.0,0.0,0,0.0,0.0,0.0,none
ADANIENSOL,JSWENERGY,0.0,0.0,0,0.0,0.0,0.0,none
BEL,BEML,0.0,0.0,0,0.0,0.0,0.0,none
GRSE,IRFC,0.0,0.0,0,0.0,0.0,0.0,none
EXIDEIND,IREDA,0.0,0.0,0,0.0,0.0,0.0,none
DLF,MAZDOCK,0.0,0.0,0,0.0,0.0,0.0,none
MAZDOCK,RAILTEL,0.0,0.0,0,0.0,0.0,0.0,none
IREDA,JSWENERGY,0.0,0.0,0,0.0,0.0,0.0,none
OBEROIRLTY,PHOENIXLTD,0.0,0.0,0,0.0,0.0,0.0,none
CANBK,LTF,0.0,0.0,0,0.0,0.0,0.0,none
INDHOTEL,IREDA,0.0,0.0,0,0.0,0.0,0.0,none
AUROPHARMA,ZYDUSLIFE,0.0,0.0,0,0.0,0.0,0.0,none
BANKINDIA,IDBI,0.0,0.0,0,0.0,0.0,0.0,none
BIOCON,LAURUSLABS,0.0,0.0,0,0.0,0.0,0.0,none
CANBK,IDFCFIRSTB,0.0,0.0,0,0.0,0.0,0.0,none
LODHA,NBCC,0.0,0.0,0,0.0,0.0,0.0,none
