symbol_a,symbol_b,net_profit,gross_profit,total_fees,win_rate,trade_count,max_drawdown,exit_reasons
PFC,RECLTD,-9482.026159692647,11935.152050001867,21417.178209694513,0.3353658536585366,328,9537.31691118205,mr;se
BDL,MAZDOCK,-1477.1958966510579,404.3115500001286,1881.5074466511865,0.3448275862068966,29,1638.0183282789803,mr
GRSE,MAZDOCK,-4073.2560738273837,14558.660350001614,18631.91642382902,0.42160278745644597,287,7590.076858079219,mr;se
BANKBARODA,CANBK,7375.569150006375,24819.80098500143,17444.231834995026,0.5842696629213483,267,1282.37823798329,mr;se
BPCL,HINDPETRO,12989.577687594632,29518.16295000133,16528.585262406694,0.6403162055335968,253,545.2332807970624,mr;se
BPCL,IOC,7342.576352728439,25634.852450001315,18292.276097272897,0.5642857142857143,280,912.9383740097819,mr;se
INFY,TCS,-21288.29840571797,-638.6176499981286,20649.680755719837,0.23974763406940064,317,21167.310578558976,mr;se
IRFC,RVNL,-4157.343082742895,8718.189430001203,12875.532512744103,0.3147208121827411,197,4711.757917217049,mr;se
BEL,HAL,-10023.333658215426,9637.682600001535,19661.016258216947,0.3540983606557377,305,10537.911701863384,mr;se;sl
CANBK,PNB,-29041.829950830605,-12966.405709998617,16075.424240831988,0.11788617886178862,246,29042.687638842188,hl;mr;se
COCHINSHIP,GRSE,15059.549252279601,26905.81415000102,11846.264897721412,0.7087912087912088,182,621.5398080167779,mr;se
BANKINDIA,CANBK,5994.54496401385,18869.51745500116,12874.972490987328,0.5989847715736041,197,1487.6608179116365,mr;se
BDL,HAL,-5421.016103119185,13417.015850001448,18838.03195312061,0.386986301369863,292,9159.464064622189,mr;se
BANKINDIA,UNIONBANK,11415.675327655592,28735.77240000148,17320.0970723459,0.6037735849056604,265,757.1591303088519,mr;se
HAL,MAZDOCK,-12039.14584113916,-5749.712399999493,6289.433441139664,0.16494845360824742,97,12118.519337513459,mr;se;sl
HINDPETRO,IOC,-24221.993598249042,-5728.350359998463,18493.64323825056,0.21201413427561838,283,24201.75615697723,mr;se;sl
ADANIENT,ADANIGREEN,-15204.617439622252,14112.036525002575,29316.653964624842,0.39555555555555555,450,15403.74953118544,mr;se
IREDA,IRFC,5788.1309520020595,10363.63976500032,4575.508812998268,0.6571428571428571,70,404.2005164336979,mr
BANKBARODA,PNB,-10284.583029195437,5525.499135001324,15810.082164196763,0.3181818181818182,242,10496.083761513886,mr;se;sl
BANKINDIA,PNB,7110.988070000936,22404.113540001206,15293.125470000277,0.5982905982905983,234,1243.7901796883602,mr;se;sl
BEL,MAZDOCK,-5093.66728103134,683.5155000004975,5777.182781031839,0.3595505617977528,89,5918.203403816515,mr;se;sl
CANBK,UNIONBANK,1440.6746902002392,18693.123355001506,17252.44866480128,0.5,264,4669.073419710154,mr;se;sl
ADANIENSOL,ADANIGREEN,-27215.445470063627,5162.9874000027785,32378.43287006636,0.323943661971831,497,27123.39013478244,mr;se
COCHINSHIP,MAZDOCK,7505.95721209026,25864.752600001553,18358.795387911316,0.5283687943262412,282,3114.668185176696,mr;se
BDL,BEL,-15312.138158442935,1728.7709000013565,17040.90905844431,0.2950191570881226,261,15202.431975667998,mr;se
BANKBARODA,BANKINDIA,4693.72977217069,22013.86310500141,17320.133332830737,0.5207547169811321,265,1475.1188599988818,mr;se
BDL,GRSE,-25689.111446919567,-9326.389299998773,16362.722146920818,0.21428571428571427,252,25576.5083698132,mr;se
HINDZINC,VEDL,3266.12364979566,28419.43623500204,25153.312585206404,0.43116883116883115,385,10168.626746207769,mr;se
DLF,GODREJPROP,1551.0819658726139,4162.060375000199,2610.978409127585,0.6,40,582.643514926542,mr;se
NATIONALUM,VEDL,3413.8496418596196,21111.732875001468,17697.88323314185,0.4981549815498155,271,4502.953700463993,mr;se
PNB,UNIONBANK,-3383.3788958109194,14264.063575001499,17647.442470812413,0.4,270,5047.233924102102,mr;se
IRCON,RVNL,10631.696808224373,28801.72400500148,18170.027196777126,0.5539568345323741,278,724.3097923275377,mr;se
GRAPHITE,HEG,16409.92479553265,32274.82887500132,15864.90407946868,0.6378600823045267,243,1147.5435453987916,mr;se
BANKBARODA,UNIONBANK,5368.271869320538,23400.282590001516,18032.010720680948,0.5434782608695652,276,851.5541084516747,mr;se
ADANIENT,ADANIPORTS,-6212.771684731752,18706.45430000212,24919.225984733883,0.4177545691906005,383,7528.448731021165,mr;se
HINDZINC,NATIONALUM,-9886.652829059238,-4206.554099999503,5680.09872905974,0.12643678160919541,87,10041.527122688238,mr;se;sl
BANKINDIA,INDIANB,3788.1024470979833,16205.64259500111,12417.540147903126,0.531578947368421,190,2385.210232747549,mr;se
HCLTECH,TCS,-20218.63836471308,1067.8452500018202,21286.483614714874,0.2682926829268293,328,20352.52615525879,mr;se;sl
IRCON,RAILTEL,-896.7138055288966,2499.146365000362,3395.8601705292585,0.4230769230769231,52,2868.0978801206356,hl;mr;se
HINDALCO,NATIONALUM,-3505.2149718201927,6746.9849500008895,10252.199921821084,0.3630573248407643,157,6195.9396107917655,mr;se
DATAPATTNS,GRSE,26640.873041018745,32862.395550000605,6221.522508981854,0.9270833333333334,96,164.2448790798062,mr
IREDA,RVNL,6523.958983147493,10511.619355000386,3987.660371852896,0.7540983606557377,61,357.76373923838037,mr
JSWSTEEL,TATASTEEL,-2724.0315401063986,-1613.5263149999178,1110.5052251064808,0.17647058823529413,17,2331.420846264477,mr;sl
IRCON,IRFC,-3454.151366181837,-1951.05701999991,1503.0943461819272,0.13043478260869565,23,3173.24976431428,hl;mr
INDIANB,UNIONBANK,-27262.62290737111,-4655.261209998118,22607.361697373,0.2543352601156069,346,27125.650496786828,mr;se;sl
BSE,CDSL,-259.9437039494345,-129.6341999999745,130.30950394946,0.5,2,426.6461370018954,sl
HCLTECH,INFY,-3727.037707540728,16393.769400001587,20120.807107542292,0.42394822006472493,309,4681.758212561069,mr;se
NBCC,RVNL,-16595.107450369556,386.9604100012011,16982.06786037075,0.28076923076923077,260,16931.102906040036,mr;se
COFORGE,PERSISTENT,-209.875660224197,-17.45609999998851,192.41956022420848,0.3333333333333333,3,397.2428907027081,mr;sl
CHENNPETRO,MRPL,-1426.684842511149,-1165.3238699999772,261.360972511172,0.0,4,1284.836370542999,mr;sl
TCS,WIPRO,-1136.9041210625446,20543.539050001767,21680.443171064315,0.4341317365269461,334,1733.8854659320582,mr;se
DLF,PRESTIGE,-15765.756927561824,4419.273050001619,20185.029977563416,0.36129032258064514,310,19141.02895957416,mr;se
NMDC,TATASTEEL,-22850.999867556144,-4819.25934999855,18031.740517557584,0.2246376811594203,276,22645.320523900325,mr;se;sl
CANBK,INDIANB,-17318.324601860204,4901.418930002023,22219.743531862237,0.3029411764705882,340,17472.979341417344,mr;se
INFY,WIPRO,-10871.743255537918,4177.51095000137,15049.254205539277,0.329004329004329,231,10831.961273118684,mr;se;sl
IREDA,NBCC,9685.654523200657,23607.341230001108,13921.686706800454,0.5727699530516432,213,1314.0215026753294,mr;se
ADANIENSOL,ADANIENT,27670.39691282635,59912.10647500265,32241.70956217631,0.6161616161616161,495,1814.5099747249587,mr;se
IREDA,RECLTD,-9327.558475803296,13546.877655001816,22874.436130805105,0.40285714285714286,350,10116.839266739325,mr;se
IRFC,NBCC,1277.4649700580987,10624.585450000817,9347.120479942723,0.5244755244755245,143,2210.8712119634192,mr;se
BANKBARODA,INDIANB,-16253.70745997501,6088.291595001958,22341.999054976957,0.3333333333333333,342,16152.97965213124,mr;se;sl
JINDALSTEL,TATASTEEL,-19185.975520710635,-892.1270349985349,18293.848485712082,0.2392857142857143,280,19251.39364562982,mr;se
BEL,GRSE,-4056.351561668434,-159.35674999966477,3896.99481166877,0.26666666666666666,60,4224.1630391432,mr;se;sl
CANBK,SBIN,458.70427331994995,20795.3014750017,20336.597201681725,0.4519230769230769,312,1797.564693255283,mr;se
HCLTECH,TECHM,-2504.564981934421,15208.758300001442,17713.323281935845,0.5110294117647058,272,3463.6379576589957,mr;se
BDL,COCHINSHIP,-1447.5449196885697,8832.308500000898,10279.85341968947,0.47468354430379744,158,3601.7948652774116,mr;se
INDIANB,PNB,-27750.28501930394,-7949.064349998281,19801.220669305636,0.1485148514851485,303,27872.596679922728,mr;se
GODREJPROP,PRESTIGE,-6459.542718013949,15027.20230000179,21486.74501801575,0.4393939393939394,330,10305.06192445677,mr;se
HINDALCO,VEDL,-8759.654496948126,581.0108400008077,9340.66533694893,0.2867132867132867,143,8687.472916048824,mr;se;sl
IRCON,JWL,10261.15474155195,14510.70727500035,4249.552533448401,0.7384615384615385,65,458.9212279244348,mr;se
DLF,LODHA,-2815.4769743313295,11078.290900001059,13893.767874332394,0.47417840375586856,213,3604.189574675247,mr;se
TCS,TECHM,2417.0554869274883,20981.568700001466,18564.513213074,0.5104895104895105,286,1381.0652474923393,mr;se
DATAPATTNS,MAZDOCK,16117.119211636962,19745.053750000312,3627.934538363347,0.8928571428571429,56,189.80816626787828,mr
JBCHEPHARM,TORNTPHARM,328.0410632441028,2798.9816500002025,2470.9405867560995,0.6052631578947368,38,802.0156093614204,mr
BANKBARODA,SBIN,-20440.891901529474,594.9863450017458,21035.87824653121,0.2795031055900621,322,20361.828744271534,mr;se;sl
HINDALCO,TATASTEEL,-14084.879536281254,3260.038575001522,17344.91811128277,0.32706766917293234,266,14505.836682406742,mr;se
INFY,TECHM,-7677.3481695785,9782.709150001527,17460.05731958002,0.417910447761194,268,7788.699496698506,mr;se
GODREJPROP,LODHA,7892.572495798229,27004.95675000158,19112.384254203345,0.5358361774744027,293,1355.5928090270354,mr;se
COFORGE,MPHASIS,24236.39919706832,46518.488850001886,22282.089652933544,0.7309941520467836,342,601.5637375985716,mr;se
GRSE,HAL,-25305.315265525085,-8043.5536999984915,17261.761565526616,0.2669172932330827,266,25114.344441299443,mr;se;sl
ABCAPITAL,LTF,21999.619508430347,43948.49180000198,21948.872291571584,0.75,336,1694.7110828226469,mr;se;sl
RAILTEL,RVNL,17922.26689611344,27199.884435000782,9277.617538887356,0.7676056338028169,142,389.0655180382073,mr;se
NATIONALUM,NMDC,-9875.118022121322,3719.0427500011165,13594.160772122439,0.3701923076923077,208,9904.648644149314,mr;se
DLF,OBEROIRLTY,-1632.9314337441142,-396.40909999990095,1236.522333744213,0.21052631578947367,19,1754.8352990454277,mr
GODREJPROP,OBEROIRLTY,-8110.328198210115,13684.012600001872,21794.340798211993,0.43582089552238806,335,7941.474471123813,mr;se
BSE,MCX,-23821.718182058234,-8340.871649998724,15480.846532059484,0.28870292887029286,239,23722.00738058057,mr;se;sl
HCLTECH,WIPRO,-19528.186362061144,-3521.5439699986346,16006.642392062502,0.20816326530612245,245,19407.978122475695,mr;se;sl
INOXWIND,SUZLON,19922.580056232884,40972.22848500177,21049.648428768844,0.6055900621118012,322,1022.8331783754984,mr;se
IRFC,RECLTD,-3228.1819797170083,14211.408400001528,17439.590379718535,0.4232209737827715,267,4683.314663554262,mr;se
IRFC,RAILTEL,-5172.627616675115,5546.26179500082,10718.889411675931,0.36585365853658536,164,6345.412050451921,mr;se
MAZDOCK,RVNL,11347.742125722794,17904.52580000068,6556.783674277873,0.7029702970297029,101,457.54497112211504,mr;se
INOXWIND,IREDA,-18946.063711775503,3731.8641700018393,22677.927881777337,0.2737752161383285,347,19484.81397487485,mr;se
COFORGE,INFY,-238.27941726354575,-107.77199999999175,130.507417263554,0.0,2,144.60771706707555,mr;se
COFORGE,TCS,-7089.55837034397,-3455.884199999695,3633.6741703442717,0.125,56,6936.855376242642,mr;sl
TECHM,WIPRO,-43924.25394648769,-19555.63244499795,24368.62150148978,0.11528150134048257,373,44059.04381687692,mr;se
MPHASIS,PERSISTENT,-1730.325195292849,-1345.1537999999546,385.17139529289454,0.16666666666666666,6,1704.1832380881297,mr;sl
HEROMOTOCO,TVSMOTOR,7927.706666849577,30498.541750001845,22570.835083152277,0.5527065527065527,351,1123.6823208621436,mr;se
COFORGE,TECHM,-806.9274313588418,-546.4542499999798,260.473181358862,0.25,4,542.2009180770749,mr;sl
PNB,SBIN,-20845.492867035395,-1042.989214998272,19802.503652037096,0.23432343234323433,303,20889.09289201508,mr;se
BAJAJFINSV,BAJFINANCE,-22842.124593385273,2020.5281500019453,24862.652743387225,0.2513089005235602,382,22726.003817872504,mr;se;sl
HUDCO,IREDA,18380.9552507085,39685.055765001875,21304.10051429333,0.5674846625766872,326,1581.8736075515278,mr;se
BDL,DATAPATTNS,3926.9608527723485,16501.596500001076,12574.635647228732,0.4742268041237113,194,3940.4481185329114,mr;se
HINDCOPPER,HINDZINC,-5085.877418016387,8750.115775001157,13835.993193017559,0.4009433962264151,212,7913.845017119445,mr;se;sl
ADANIGREEN,ADANIPORTS,-36510.39091951098,-9578.079149997726,26932.311769513293,0.23429951690821257,414,36504.704652247696,mr;se;sl
INOXWIND,NBCC,30536.693243408947,54790.18920000191,24253.495956592975,0.6738544474393531,371,665.6532765457341,mr;se
COCHINSHIP,DATAPATTNS,924.0572846471836,1313.920100000042,389.8628153528585,0.6666666666666666,6,146.58801432359155,mr
ANGELONE,BSE,25479.838011904703,42010.57830000135,16530.740288096662,0.7747035573122529,253,1767.160897859506,mr;se
IRCON,RITES,7528.410469235262,13933.022375000639,6404.611905765376,0.5918367346938775,98,1507.7589647237673,mr;se
BANKINDIA,SBIN,-2616.545700523341,18035.443550001863,20651.989250525196,0.43670886075949367,316,5844.63248754234,mr;se
SAIL,TATASTEEL,-18006.270772337124,3947.520005001774,21953.790777338883,0.2648809523809524,336,18035.865583841034,mr;se;sl
JINDALSTEL,JSWSTEEL,-16465.594271219627,7369.277050001741,23834.871321221384,0.3360655737704918,366,16457.637781121444,mr;se
HINDALCO,HINDZINC,8332.514994371224,25739.154275001325,17406.639280630097,0.6816479400749064,267,729.5847974663739,mr;se
CDSL,IREDA,3448.555597074271,12043.64975000066,8595.094152926393,0.6136363636363636,132,970.0816053093042,mr;se
LODHA,PRESTIGE,13210.052688015703,36174.04405000197,22963.991361986267,0.5710227272727273,352,1489.2888132891578,mr;se
IRCON,IREDA,-10118.5022289396,991.4723300009082,11109.974558940507,0.27647058823529413,170,9999.818609822356,mr;se;sl
IRCON,TITAGARH,-5063.2147714056455,8831.761175001142,13894.975946406785,0.431924882629108,213,8392.230300898931,mr;se;sl
JINDALSTEL,NMDC,-9001.537853927102,1063.0411000009253,10064.578953928021,0.2727272727272727,154,8903.924248629412,mr;se
IREDA,JIOFIN,-13644.18365973372,11051.637710002053,24695.821369735775,0.3306878306878307,378,13968.925083388956,mr;se
EICHERMOT,HEROMOTOCO,-512.5380186556357,-254.38424999997824,258.1537686556575,0.0,4,366.78911018977396,sl
IREDA,PFC,-8480.369244819436,15678.35515000206,24158.724394821507,0.3864864864864865,370,8308.04217201851,mr;se
IRFC,MAZDOCK,-790.42790357953,16475.00340000144,17265.431303580976,0.44360902255639095,266,2434.6811007444953,mr;se
IREDA,SUZLON,8103.563298059907,15882.33433000063,7778.771031940734,0.6974789915966386,119,974.7850210283423,mr;se
COFORGE,WIPRO,-47099.87912240987,-21293.861054997753,25806.018067412166,0.04050632911392405,395,47031.56727518193,mr;se;sl
NATIONALUM,TATASTEEL,-11635.547288063726,3652.8598050013484,15288.407093065083,0.28205128205128205,234,11641.29946349594,mr;se;sl
BAJAJ-AUTO,HEROMOTOCO,-2722.464461242093,17898.893250001645,20621.357711243752,0.4123076923076923,325,3829.60907726987,mr;se
TATASTEEL,VEDL,-27299.958933988513,-7312.2503099983005,19987.70862399023,0.22875816993464052,306,27337.1252240958,mr;se;sl
OBEROIRLTY,PRESTIGE,-1570.7774169225422,16271.044100001453,17841.82151692401,0.4306569343065693,274,2630.6467632882304,mr;se;sl
NTPC,POWERGRID,0.0,0.0,0.0,0.0,0,0.0,none
CDSL,IRFC,3556.173720127881,9808.045450000453,6251.871729872567,0.65625,96,309.92414037249335,mr;se
COFORGE,HCLTECH,28275.8328712415,50168.26895000176,21892.436078760224,0.7708333333333334,336,404.2561693423522,mr;se
BEML,GRSE,15381.639323577838,28071.8758500011,12690.23652642327,0.676923076923077,195,1604.9368704671733,mr;se
HUDCO,NBCC,24813.97430505375,39322.94003500128,14508.96572994752,0.6891891891891891,222,1206.171088207193,mr;se
BEL,COCHINSHIP,-5731.106597171547,6570.294600001007,12301.40119717256,0.37566137566137564,189,7633.7680176609665,mr;se;sl
BEML,COCHINSHIP,1889.2163415364262,23365.01715000173,21475.800808465276,0.45151515151515154,330,9737.31028545549,mr;se;sl
COFORGE,OFSS,0.0,0.0,0.0,0.0,0,0.0,none
COFORGE,LTM,0.0,0.0,0.0,0.0,0,0.0,none
BEML,MAZDOCK,-1563.2552665866212,17441.5204000016,19004.77566658824,0.4554794520547945,292,6656.559476931141,mr;se
JWL,TITAGARH,17242.26716412252,31857.817475001237,14615.55031087871,0.5803571428571429,224,979.2578240661942,mr;se
ADANIGREEN,ADANIPOWER,8784.433663954089,33420.24325500198,24635.8095910479,0.5490716180371353,377,2975.1199237367327,mr;se
MAZDOCK,NBCC,-17399.994439553062,-4655.704949998977,12744.289489554085,0.15897435897435896,195,19397.01321099878,hl;mr;se
SBIN,UNIONBANK,-1543.8974671405,14166.204275001357,15710.101742141847,0.4149377593360996,241,3420.0316987655815,mr;se
ANGELONE,CDSL,-5196.149120519527,14996.922400001733,20193.071520521265,0.4258064516129032,310,5494.239715533574,mr;se
KAYNES,PGEL,-20141.78835417643,-414.17049999845676,19727.617854177974,0.3114754098360656,305,21235.830135308435,mr;se
BAJAJ-AUTO,EICHERMOT,-29224.11158265303,-7402.8814999982205,21821.230082654794,0.22965116279069767,344,29276.539587841282,mr;se
IREDA,MAZDOCK,8359.75851290228,25418.255870001514,17058.49735709924,0.5747126436781609,261,1836.0335574575493,mr;se
COCHINSHIP,HAL,-7635.914392040642,11634.464050001683,19270.378442042304,0.4222972972972973,296,14818.29888503169,mr;se
PERSISTENT,TECHM,-22825.81088622591,-4064.5513499983526,18761.259536227557,0.2013888888888889,288,22687.63038052648,mr;se
EICHERMOT,TVSMOTOR,-23282.06843880762,-9731.737549998901,13550.330888808712,0.15311004784688995,209,23268.91701363659,mr;se;sl
INOXWIND,IRFC,27614.954822421863,45332.22241000134,17717.267587579496,0.7785977859778598,271,884.5720690706876,mr;se
ADANIENT,AMBUJACEM,-15160.752865580505,14484.209000002531,29644.96186558301,0.3458149779735683,454,15210.737569447085,mr;se
HUDCO,IRFC,23307.768907239584,55330.74971500263,32022.980807763066,0.5163265306122449,490,689.0104093618902,mr;se
JWL,RVNL,1486.7420215603013,12135.11696500096,10648.374943440655,0.4294478527607362,163,3229.4318687299597,mr;se
JBMA,OLECTRA,-1895.2423899691357,-982.819024999895,912.4233649692403,0.2857142857142857,14,2725.1913126326854,mr;se;sl
IRFC,SUZLON,1954.9746279952144,14048.882690001004,12093.90806200579,0.4756756756756757,185,2653.961721590787,mr;se
PREMIERENE,WAAREEENER,58.73107038980589,253.4758000000079,194.744729610202,0.6666666666666666,3,293.9768324467099,se;sl
BDL,RVNL,2995.1561115059494,3907.2946000000666,912.138488494117,0.7142857142857143,14,178.54281413077206,mr
M&M,MARUTI,1318.9806269014443,26538.566100002223,25219.585473100775,0.4704370179948586,389,1923.028850319429,mr;se
NBCC,RECLTD,-34810.755297893134,-11887.552724998226,22923.202572894912,0.2022792022792023,351,34645.41051882271,mr;se
HINDCOPPER,NATIONALUM,5837.765614339633,17985.822875001064,12148.057260661439,0.4838709677419355,186,2342.859733172068,mr;se
MAZDOCK,SUZLON,13716.591840822457,27804.17065000118,14087.578809178742,0.6175115207373272,217,582.5477809282656,mr;se
JIOFIN,NBCC,-182.2228753018971,-51.51808999998809,130.704785301909,0.0,2,93.59842633385448,mr
CDSL,NBCC,4035.88843045922,11005.857950000545,6969.969519541323,0.6542056074766355,107,530.5158837732456,mr
ACC,AMBUJACEM,-402.9313391050018,-206.96069999997906,195.97063910502277,0.0,3,293.5740756206191,mr;sl
NMDC,VEDL,2624.770098501049,24130.135085001937,21505.364986500903,0.46504559270516715,329,3226.7700144259666,mr;se
RVNL,TITAGARH,8378.493645889648,25802.26485000152,17423.771204111876,0.48314606741573035,267,2561.0283188795684,mr;se
NBCC,SUZLON,-9157.627065327128,11824.000895001658,20981.627960328788,0.32398753894080995,321,10503.345205410504,mr;se
DIXON,KAYNES,-569.6836693313343,-309.1294999999618,260.5541693313725,0.25,4,704.5330842718837,mr
IRFC,PFC,9134.00552944803,29181.719975001717,20047.714445553665,0.5863192182410424,307,1649.9405785143674,mr;se
BAJAJ-AUTO,TVSMOTOR,-4885.319109300524,8065.400250000921,12950.71935930144,0.3804878048780488,205,5577.142126880214,mr;se;sl
JWL,RAILTEL,17696.53887184766,30174.39438000097,12477.855508153316,0.6492146596858639,191,1613.8213273674085,mr;se
OFSS,PERSISTENT,-15998.598243726206,-1733.016499998941,14265.581743727265,0.2927927927927928,222,16715.713227615597,mr;se;sl
OIL,ONGC,13085.594555853426,32021.404925001636,18935.810369148214,0.6103448275862069,290,869.503907446955,mr;se
KEI,POLYCAB,8673.150800559542,23961.973100001225,15288.822299441686,0.5780590717299579,237,2120.8458598192506,mr;se
LODHA,OBEROIRLTY,-26145.962070609152,-5639.673249998162,20506.288820610982,0.24126984126984127,315,26823.788861138833,mr;se
MPHASIS,TECHM,20713.505977518897,40342.35490000166,19628.84892248278,0.7350993377483444,302,862.4902083633979,mr;se
BEL,DATAPATTNS,1063.4597534933057,10654.53525000078,9591.075496507463,0.43243243243243246,148,3860.2371315018854,mr;se
HINDZINC,NMDC,-10044.726040895383,3942.0019250012974,13986.727965896675,0.3177570093457944,214,10096.120409312516,mr;se
IRFC,JIOFIN,2141.224522608691,21220.124930001664,19078.900407392972,0.5034246575342466,292,1739.0611526649254,mr;se
MAZDOCK,SOLARINDS,-6590.280461922519,13378.521000001509,19968.801461924042,0.34177215189873417,316,9273.90230083966,mr;se
IRCON,NBCC,17505.663129455777,28159.775805000972,10654.112675545208,0.6932515337423313,163,423.4740590805777,mr;se
BDL,NBCC,-9725.39769356243,-1163.7473199992942,8561.650373563127,0.21374045801526717,131,12660.776706263216,hl;mr;se
MPHASIS,OFSS,0.0,0.0,0.0,0.0,0,0.0,none
M&M,TVSMOTOR,5013.594420308481,15259.701050000866,10246.106629692376,0.6075949367088608,158,975.2464949018095,mr;se
CDSL,JIOFIN,-15044.259299972367,5339.393720001652,20383.653019974015,0.3333333333333333,312,15005.117473486958,mr;se
JIOFIN,RECLTD,-178.48888090042482,23408.392780002025,23586.88166090246,0.45429362880886426,361,2452.561367972111,mr;se
KPITTECH,TATAELXSI,21765.391418931744,31880.7385500008,10115.347131069071,0.7225806451612903,155,754.4616409789563,mr;se
PERSISTENT,TCS,17237.122672638154,34718.62590000142,17481.50322736326,0.7785977859778598,271,1078.1091960112135,mr;se
INFY,PERSISTENT,-613.8473954559555,18480.481300001586,19094.32869545754,0.4222972972972973,296,4079.4493082135846,mr;se
HINDALCO,NMDC,-5651.794546406964,9708.133370001276,15359.927916408255,0.4,235,6091.771152407252,mr;se
BDL,BEML,-10019.225007750474,-200.35374999914848,9818.871257751334,0.3443708609271523,151,9899.274959349685,mr;se
EICHERMOT,M&M,-29800.13616105535,-7893.789349998099,21906.34681105727,0.2514792899408284,338,29590.45401147525,mr;se
EICHERMOT,MARUTI,436.230611254719,5102.426000000351,4666.195388745631,0.5753424657534246,73,1877.8956507178043,mr;se
DLF,NBCC,4708.597971966153,12934.800725000707,8226.202753034557,0.6111111111111112,126,844.3717249936326,mr
CANBK,RECLTD,-16882.41875673969,3507.7095200017984,20390.128276741496,0.2980769230769231,312,17108.335356082345,mr;se;sl
COFORGE,TATAELXSI,-293.12917425973944,-228.77524999998695,64.3539242597525,0.0,1,0.0,mr
INOXWIND,RVNL,30021.28527280365,46039.18076500119,16017.89549219749,0.7795918367346939,245,320.946617652412,mr;se
ADANIGREEN,TATAPOWER,-45689.23635377226,-18724.86654999782,26964.369803774436,0.1162227602905569,413,45612.0245371779,mr;se;sl
RECLTD,RVNL,5284.396670491431,13122.235475000642,7837.838804509215,0.625,120,348.6991119891454,mr
IDEA,INDUSTOWER,-14604.387421998135,7101.0310050017415,21705.418426999837,0.3463855421686747,332,14404.382717284254,mr;se
HCLTECH,PERSISTENT,-21044.416586776053,-4076.3297499986293,16968.086836777406,0.2813688212927757,263,21809.7275427794,mr;se;sl
GRSE,ZENTEC,-3918.957497254957,13469.528650001397,17388.48614725635,0.43656716417910446,268,4605.638082739417,mr;se;sl
HINDALCO,JSWSTEEL,548.7711658927158,22629.083450001628,22080.31228410892,0.46607669616519176,339,2284.7705794056774,mr;se
IRFC,JWL,-5984.654755328822,-627.8427349994372,5356.812020329385,0.3048780487804878,82,8584.982202891464,mr;se
MPHASIS,TCS,19662.930215205204,40393.016450001705,20730.086234796516,0.7272727272727273,319,896.8318745426159,mr;se
BDL,IREDA,-9237.775496464033,5858.50759500117,15096.283091465195,0.329004329004329,231,9081.971649449913,mr;se
NMDC,SAIL,7519.92845962409,16868.058225000812,9348.129765376727,0.6573426573426573,143,624.5667878659115,mr
INOXWIND,MAZDOCK,-16494.85233953459,-5456.874649999047,11037.977689535546,0.16470588235294117,170,16900.131382894127,mr;se
IREDA,RAILTEL,4944.929664046382,12265.725280000583,7320.795615954201,0.5714285714285714,112,1271.0929633916626,mr
COFORGE,KPITTECH,14070.781680101481,43455.42015000231,29384.63846990086,0.5432372505543237,451,2193.3993170422627,mr
DLF,PHOENIXLTD,-2747.2971534032336,-470.6220499997962,2276.675103403438,0.2,35,2883.05927489113,mr;se;sl
DATAPATTNS,HAL,2985.0012649137634,21839.040250001606,18854.038985087842,0.4742268041237113,291,10175.107241014652,mr;se
MOTHERSON,TMPV,-28890.87436176239,-2048.36029999773,26842.514061764698,0.26520681265206814,411,29340.240417914345,mr;se
PERSISTENT,WIPRO,13776.152894570687,33569.97600000144,19793.82310543075,0.6742671009771987,307,814.3985959621009,mr;se
JSWSTEEL,NMDC,3672.235970355558,24251.639700001713,20579.403729646172,0.4936708860759494,316,693.4188072818795,mr;se
RECLTD,TATAPOWER,-3783.7757777596867,-3196.5097999999716,587.2659777597145,0.0,9,3383.9149890595772,mr;sl
GODREJPROP,PHOENIXLTD,-879.1579217326776,10309.355700000857,11188.51362173352,0.4418604651162791,172,4118.40504483232,mr;se;sl
LTM,PERSISTENT,-672.3459154049586,19846.16710000167,20518.513015406585,0.4559748427672956,318,3865.8273114975,mr;se
HEROMOTOCO,M&M,-40914.59745633051,-18352.51079999814,22562.08665633236,0.040229885057471264,348,40841.31746425432,mr;sl
RVNL,SUZLON,8014.496547538771,21220.222750001045,13205.72620246226,0.5396039603960396,202,1640.07121013093,mr;se
COCHINSHIP,RVNL,27949.671606526605,41555.4381500011,13605.766543474501,0.7703349282296651,209,435.37576335037375,mr;se
IRCTC,IRFC,-6843.2362017129935,17246.729400002103,24089.965601715096,0.34959349593495936,369,6779.211858635079,mr
IRFC,TITAGARH,-6077.814616174205,10262.68726000161,16340.50187617582,0.352,250,7446.07252024807,mr;se
ETERNAL,SWIGGY,120.63314042751378,251.40610000000976,130.772959572496,0.5,2,0.0,sl
OFSS,TATAELXSI,16746.267096605417,37951.664500001585,21205.397403396186,0.6515151515151515,330,460.5465993342441,mr;se
DLF,IREDA,-12589.766168612088,-565.4080899988849,12024.358078613204,0.27717391304347827,184,13391.528912676073,mr;se
BAJAJ-AUTO,M&M,-28115.479543463127,-7516.970249998401,20598.50929346472,0.2276923076923077,325,28453.66038531366,mr;se
CDSL,MCX,-932.5997817996487,16328.134700001508,17260.734481801144,0.47547169811320755,265,3254.775937775594,mr;se
NHPC,TATAPOWER,-18162.803853361664,5409.957250002025,23572.7611033637,0.29916897506925205,361,18178.56671607229,mr;se
HUDCO,RECLTD,2311.391969777338,28058.945245002138,25747.55327522477,0.4873096446700508,394,3329.664530158907,mr;se;sl
JIOFIN,RVNL,1467.5353490507673,4538.31409000028,3070.7787409495127,0.5106382978723404,47,350.3537544719493,mr;se
BDL,SOLARINDS,-4349.382848065497,10757.747450001316,15107.13029806682,0.43103448275862066,232,5339.683788268742,mr;se
INFY,MPHASIS,-40.01030814323562,89.48800000000938,129.498308143245,0.5,2,0.0,sl
LTM,TECHM,-7848.421346740006,16209.589050001796,24058.01039674182,0.40214477211796246,373,10010.145374869762,mr;se
HINDZINC,TATASTEEL,-16632.2098410356,-1670.393389998852,14961.816451036764,0.19213973799126638,229,16645.315243415047,mr;se;sl
BEL,RVNL,-2571.288332659042,-938.3593049998937,1632.9290276591482,0.12,25,2394.638054307423,mr;sl
ADANIENSOL,ADANIPORTS,30919.782650697045,60690.14607500252,29770.363424305455,0.6564551422319475,457,2032.3920120283547,mr;se
HAL,RVNL,-34163.77633777217,-14046.61828499843,20117.158052773735,0.09740259740259741,308,34083.54678460743,mr;se;sl
RITES,RVNL,10783.316556372733,16796.442470000562,6013.125913627828,0.7934782608695652,92,383.21509446085236,mr;se
M&M,TMPV,9494.86528087119,32965.45370000194,23470.588419130778,0.6104972375690608,362,627.9319883355247,mr;se;sl
JSWENERGY,TATAPOWER,-20985.167735626525,-3550.5060499984966,17434.661685628045,0.2209737827715356,267,20876.27007786456,mr;se
IREDA,TATAPOWER,-25020.60158349926,-2624.4371999981336,22396.164383501164,0.2565597667638484,343,24905.474131658593,mr;se
LTM,MPHASIS,-1141.334965156559,-881.8132999999752,259.521665156584,0.25,4,818.0499587915647,mr;sl
ADANIENSOL,ADANIPOWER,6840.507742373753,32978.56428000213,26138.056537628396,0.475,400,2070.9801247790024,mr;se
MPHASIS,WIPRO,23326.349474129085,43931.91285000169,20605.563375872567,0.7570977917981072,317,649.2586118336403,mr;se
ABB,SIEMENS,-6167.797500846015,5569.342750000932,11737.140250846951,0.28804347826086957,184,6400.623625017006,mr;se
HEROMOTOCO,MARUTI,8939.808112556306,26881.33300000149,17941.52488744516,0.5519713261648745,279,742.0891149341387,mr;se
IRCON,MAZDOCK,-10648.601184294619,1418.9168500010865,12067.518034295712,0.2849462365591398,186,10434.952562433129,mr;se
PERSISTENT,TATAELXSI,0.0,0.0,0.0,0.0,0,0.0,none
GODREJPROP,NBCC,-26687.94649960554,-9172.877074998441,17515.06942460711,0.1791044776119403,268,28868.91420125498,hl;mr;se
HDFCLIFE,SBILIFE,-29491.193732404146,-6322.8299499979485,23168.36378240621,0.2535211267605634,355,29591.007768958974,mr;se;sl
BDL,IRFC,-4289.198013997326,-629.0457849997351,3660.152228997589,0.25,56,4417.232634087561,hl;mr
KAYNES,MAZDOCK,-6014.51224411347,15503.4724000016,21517.98464411506,0.43543543543543545,333,10403.399256234008,mr;se
CENTRALBK,MAHABANK,13603.361028223238,27593.324135001152,13989.963106777872,0.6682242990654206,214,927.4370876167486,mr;se
INDIANB,SBIN,-11178.178880680513,11831.327450001805,23009.50633068231,0.34844192634560905,353,11339.954697350084,mr;se;sl
GAIL,IOC,365.117824463126,19186.81674500139,18821.698920538285,0.4652777777777778,288,2974.5009610822353,mr;se
AMBER,DIXON,21816.13717836115,33513.70525000084,11697.568071639707,0.7978142076502732,183,354.86771483484654,mr;se
BANKINDIA,CENTRALBK,4818.04290032014,7823.915145000265,3005.8722446801207,0.782608695652174,46,242.51683779973246,mr
BANKINDIA,MAHABANK,-14607.689399378494,1994.8014300015107,16602.49082938,0.32677165354330706,254,14687.460219541636,mr;se
CANBK,PFC,-7854.942620368165,14888.556200001924,22743.498820370118,0.3793103448275862,348,7767.975699519609,mr;se
RAILTEL,RITES,9098.599441267068,22033.8811250011,12935.281683734025,0.5454545454545454,198,2557.29275658682,mr;se
CDSL,RECLTD,-3969.243828132094,14266.045050001543,18235.28887813364,0.42142857142857143,280,4792.379325199499,mr;se
BDL,SUZLON,-7832.977924456759,4194.742350000979,12027.720274457746,0.3532608695652174,184,10763.354555524349,mr;se;sl
CENTRALBK,IOB,-1223.985743014053,3352.2134900003534,4576.199233014404,0.42857142857142855,70,1602.3199268697667,mr;se
JIOFIN,MAZDOCK,3803.4090282710085,18700.572250001267,14897.163221730267,0.5614035087719298,228,928.9328964950228,mr;se
PFC,TATAPOWER,-1288.7502507415497,-1027.6500249999797,261.10022574157,0.0,4,1105.7176609714465,mr;sl
LTM,TCS,11695.169556050128,29638.8649000015,17943.695343951338,0.6690647482014388,278,1628.597593112719,mr;se
CDSL,MAZDOCK,5714.576050323168,14896.752350000748,9182.176299677578,0.6879432624113475,141,423.24275498034945,mr;se
BANKINDIA,RECLTD,13020.293460228304,31843.96906000169,18823.67559977342,0.6527777777777778,288,488.9080404266051,mr;se
CANBK,IREDA,7925.946373724654,25964.997885001532,18039.051511276863,0.5434782608695652,276,1194.865637186935,mr;se
IRFC,RITES,4780.601996754616,17392.060290001078,12611.458293246485,0.49222797927461137,193,2047.8396172877833,mr;se
BHEL,MAZDOCK,27081.929404186067,51840.770830001966,24758.8414258159,0.6596306068601583,379,940.213376271332,mr;se
HCLTECH,MPHASIS,-1213.5345188785582,-758.43749999999,455.09701887856795,0.14285714285714285,7,1221.5056369012377,mr;sl
HDFCBANK,ICICIBANK,-33780.80543594523,-14758.747399998532,19022.05803594668,0.1506849315068493,292,33541.51992168963,mr;se
CANBK,CENTRALBK,-7004.974346095873,-3279.5488449995896,3725.425501096285,0.08771929824561403,57,6989.493759875281,mr;se;sl
PNB,RECLTD,-1472.3168613811702,17808.77346500161,19281.090326382797,0.42033898305084744,295,4139.672414742466,mr;se
CAMS,CDSL,2538.1151718397978,25635.08717500188,23096.97200316207,0.4689265536723164,354,2923.515994082645,mr;se
CENTRALBK,PNB,-21338.16156376044,-6762.486144998793,14575.675418761646,0.16591928251121077,223,21192.733701722005,hl;mr;se
ABCAPITAL,IREDA,17117.129134371942,40306.94300000195,23189.813865629993,0.6084507042253521,355,1130.6823969401948,mr;se
NBCC,PFC,-2319.1076873033676,20993.01490000193,23312.122587305286,0.484593837535014,357,4306.725627511888,mr;se
LTM,WIPRO,19308.10026584108,42152.280100001946,22844.179834160826,0.751412429378531,354,538.1448760151143,mr;se
INFY,LTM,2015.6563975045192,16089.69070000126,14074.034302496737,0.625,216,1634.8946310623073,mr;se
CDSL,RVNL,2918.53002621382,7348.290900000313,4429.760873786496,0.6764705882352942,68,592.4391822526575,mr
MAZDOCK,ZENTEC,6818.388395967199,11559.079850000435,4740.691454033238,0.726027397260274,73,645.2834495007769,mr
HUDCO,RVNL,23110.1556966272,56047.631180002936,32937.47548337572,0.5079365079365079,504,981.7089859231355,mr;se
BANKINDIA,RBLBANK,7440.770089525285,24433.271800001345,16992.501710476055,0.5846153846153846,260,1040.2094054815589,mr;se
COCHINSHIP,NBCC,-421.1180490668213,-355.86184499999035,65.25620406683096,0.0,1,0.0,mr
NTPC,TATAPOWER,-11269.606289183512,-5719.816799999585,5549.789489183927,0.08235294117647059,85,11148.235570994728,mr;sl
HCLTECH,LTM,0.0,0.0,0.0,0.0,0,0.0,none
INOXWIND,JIOFIN,-11466.48575160507,14013.64973000221,25480.13548160726,0.35384615384615387,390,11908.619739943526,mr;se
OFSS,TECHM,-18333.98316299603,6473.2382500019185,24807.221412997933,0.33678756476683935,386,18717.90545007874,mr;se
TATAELXSI,TCS,-6125.238640288774,11247.822350001452,17373.06099029022,0.3903345724907063,269,6577.019149073292,mr;se
BANKINDIA,IREDA,6776.526973308812,11678.342215000452,4901.815241691638,0.72,75,263.91616080143103,mr
BANKBARODA,RECLTD,2481.915063999548,22735.405135001816,20253.490071002256,0.5064516129032258,310,1212.44282093582,mr;se
JIOFIN,SUZLON,2748.8737438738126,17514.81472000116,14765.940976127358,0.4911504424778761,226,1139.1925187697468,mr;se
BEML,DATAPATTNS,2460.0877559736696,4996.071250000219,2535.98349402655,0.48717948717948717,39,606.8344642798174,mr
HAL,NBCC,-35428.719444384406,-14777.646324998275,20651.073119386198,0.0949367088607595,316,35683.03764581099,mr;se;sl
TATAELXSI,WIPRO,11977.980543946127,29094.919350001546,17116.93880605542,0.7283018867924528,265,551.8016865352233,mr;se
OFSS,WIPRO,3435.1844578524556,26104.97000000185,22669.78554214936,0.49291784702549574,353,1540.9666219917958,mr;se;sl
DLF,JIOFIN,-13076.386154333597,8288.038785001729,21364.424939335335,0.37003058103975534,327,12948.567528735719,mr;se
ADANIENT,JIOFIN,-42542.35614461559,-14648.222389997656,27894.133754617975,0.1522248243559719,427,42427.222285386444,hl;mr;se
ADANIPORTS,AMBUJACEM,-30555.57484899418,-6204.821724997844,24350.753123996365,0.26541554959785524,373,30715.61613185886,mr;se
BAJFINANCE,CHOLAFIN,0.0,0.0,0.0,0.0,0,0.0,none
MPHASIS,TATAELXSI,16130.598891042842,24452.095250000733,8321.496358957891,0.78125,128,380.6299308577536,mr;se
CENTRALBK,UCOBANK,-1193.9816309396008,2989.838775000321,4183.82040593992,0.375,64,1470.1053890212393,mr;se;sl
KPITTECH,MPHASIS,15999.882040916025,35120.12872500173,19120.24668408574,0.6279863481228669,293,1182.5086003542092,mr;se
TATAELXSI,TATATECH,7798.0380281677235,36385.92807500246,28587.89004683477,0.5205479452054794,438,2315.363158048357,mr;se
OFSS,TCS,8926.635427255032,26204.28400000133,17277.64857274628,0.5650557620817844,269,1607.313539203362,mr;se
JINDALSTEL,NATIONALUM,-12429.493809230798,3110.9733250013232,15540.467134232114,0.3025210084033613,238,12529.946943852696,mr;se
DLF,IRFC,-2599.50160765464,-1292.4996649998686,1307.0019426547708,0.1,20,2459.340170234078,hl;mr
CANBK,JIOFIN,-129.82312673504427,131.4193950000362,261.24252173508046,0.25,4,328.3995740901625,mr
GAIL,TATAPOWER,-19446.877378654543,-7759.4873749991275,11687.39000365542,0.1564245810055866,179,19294.125854599486,mr;se;sl
GMRAIRPORT,IREDA,4046.280163746903,25944.045325001825,21897.765161254956,0.4925373134328358,335,2577.4189286489427,mr;se
BAJFINANCE,SHRIRAMFIN,0.0,0.0,0.0,0.0,0,0.0,none
GRSE,RVNL,29236.68891666845,47346.9270000015,18110.23808333304,0.7025089605734767,279,1857.5108091336624,mr;se
INOXWIND,RECLTD,11756.979829420936,35552.03840000207,23795.058570581117,0.5192307692307693,364,2845.8768408915876,mr;se
BEL,BHEL,-11702.786430969856,5671.978440001349,17374.764870971194,0.3233082706766917,266,11792.447546306847,mr;se
BDL,INOXWIND,-4944.779719792623,9565.312805001142,14510.092524793776,0.3738738738738739,222,7556.495871923027,mr;se;sl
IREDA,SJVN,-13714.710354447472,-3191.323109999257,10523.387244448215,0.16149068322981366,161,14882.532185238992,hl;mr;se
NBCC,TATAPOWER,-8873.070050420607,18095.965075002296,26969.0351254229,0.3728813559322034,413,9658.263311136705,mr;se
ADANIGREEN,IREDA,-32071.96694643408,-8154.533754997974,23917.433191436117,0.19672131147540983,366,32247.269422216392,mr;se;sl
DLF,RECLTD,-5750.975556403844,15398.10097500185,21149.07653140569,0.41975308641975306,324,7283.604964502414,mr;se
POWERGRID,TATAPOWER,-21525.371333505067,-1610.1823249983227,19915.18900850673,0.25901639344262295,305,21385.054778746748,mr;se;sl
RAILTEL,TITAGARH,12309.719096526036,30863.46294500139,18553.74384847533,0.5176056338028169,284,3931.3403136287625,mr;se
KPITTECH,OFSS,3240.72824928033,23230.48050000162,19989.752250721293,0.4694533762057878,311,3938.4322872548046,mr;se
IREDA,NHPC,-17871.348341660538,-4277.382084998728,13593.966256661799,0.17307692307692307,208,17781.98743675486,mr;se;sl
ABCAPITAL,JIOFIN,11079.272901554084,36685.920900002224,25606.647998448127,0.5357142857142857,392,2492.8353069781515,mr;se
IRCTC,IREDA,-9757.659773341717,-739.3482899992764,9018.311483342442,0.2246376811594203,138,9580.566034149708,mr;sl
ADANIENSOL,TATAPOWER,-50659.86965883649,-17231.344249997197,33428.52540883931,0.126953125,512,50595.24786669612,mr;se;sl
TATAELXSI,TECHM,-36259.44946447585,-16379.342049998479,19880.10741447736,0.1331168831168831,308,36068.38928587075,mr;se;sl
JIOFIN,PFC,-27883.110749538224,-3593.6559499978484,24289.45479954041,0.25,372,27779.8231247273,mr;se;sl
ADANIENT,TATAPOWER,-1624.365988028885,-449.1441749998986,1175.2218130289864,0.2222222222222222,18,2318.34826284092,mr;sl
GODREJPROP,IREDA,-15953.245996199743,4305.643255001845,20258.889251201577,0.3193548387096774,310,16228.771136326057,mr;se
MAHABANK,PNB,18358.616184727205,37578.87300000162,19220.256815274406,0.6700680272108843,294,1265.6807506708192,mr;se
MARUTI,TVSMOTOR,1712.291770588476,4058.323500000146,2346.03172941167,0.6842105263157895,38,228.5145954343152,mr;se
BAJAJ-AUTO,MARUTI,-3467.643869090056,12577.923000001156,16045.566869091215,0.36923076923076925,260,3792.44819456013,mr;se
BEL,NBCC,-3134.4984364109278,-1173.834889999855,1960.6635464110727,0.16666666666666666,30,3436.5724060489783,hl;mr
KPITTECH,PERSISTENT,-24213.46287832306,-10122.35162499867,14091.111253324383,0.1527777777777778,216,24008.469015593848,mr;se;sl
ADANIENT,ADANIPOWER,15464.495590915702,40883.1153250021,25418.619734086427,0.5655526992287918,389,1237.3600552034477,mr;se
JINDALSTEL,SAIL,3271.0085005750143,20341.15030000149,17070.141799426474,0.5267175572519084,262,2301.491245397071,mr;se
ADANIGREEN,NHPC,-30144.123834358772,-11453.25613499846,18690.867699360308,0.11188811188811189,286,29868.257307659,mr;se;sl
INFY,OFSS,1359.7982427654097,17193.20275000139,15833.404507235995,0.5802469135802469,243,1355.8096290202238,mr;se
HINDALCO,JINDALSTEL,-9186.241633542524,10228.593250001597,19414.834883544117,0.37583892617449666,298,9294.208681218595,mr;se
NBCC,RAILTEL,5159.993165108333,24168.109585001574,19008.116419893246,0.4742268041237113,291,4371.465746791188,mr;se
ADANIENT,IREDA,-34231.41580308057,-6589.24054999772,27642.175253082827,0.2364066193853428,423,34018.84996596506,mr;se;sl
IREDA,LICHSGFIN,-3899.584013908726,21298.725050002275,25198.30906391095,0.42487046632124353,386,6723.274450091938,mr;se;sl
PNB,YESBANK,-4390.695922826835,969.9628000004415,5360.658722827277,0.2804878048780488,82,4688.878025091441,hl;mr;se
BHEL,INOXWIND,24004.220138383585,47000.19454500182,22995.974406618236,0.6335227272727273,352,888.094664257135,mr;se
CANBK,MAHABANK,-670.0508245821896,-473.9819149999826,196.06890958220708,0.0,3,536.4400699764094,hl;mr
ADANIGREEN,JSWENERGY,-43959.13005929579,-16481.21872499763,27477.91133429818,0.21140142517814728,421,43874.4378749354,mr;se;sl
JIOFIN,TATAPOWER,-18319.056413066304,-3366.205699998783,14952.850713067524,0.2096069868995633,229,18257.061623577916,mr;se
RECLTD,SUZLON,5498.434605345512,17386.49485000101,11888.060244655495,0.5824175824175825,182,657.0220148215594,mr;se
COCHINSHIP,IREDA,19168.899853333158,40258.18200000183,21089.282146668695,0.6049382716049383,324,1583.1511843454118,mr;se
HAL,SOLARINDS,1480.1076803702886,22684.160250001754,21204.052569631473,0.4072948328267477,329,1609.4931320679846,mr
MAHABANK,UNIONBANK,22675.545383695495,40588.484920001545,17912.939536306047,0.7408759124087592,274,398.3416117301276,mr;se
CDSL,DLF,3386.566185871246,15435.864250001,12049.298064129754,0.5405405405405406,185,504.18565362684365,mr;se
BANKINDIA,PFC,8443.547569601013,26939.26348500164,18495.715915400597,0.5618374558303887,283,812.1822811567536,mr;se
IREDA,PNB,-1149.7422961574937,15320.887420001554,16470.629716159063,0.44841269841269843,252,5363.320568179661,mr;se
BANKBARODA,CENTRALBK,-13889.326457448084,-5130.86850499928,8758.457952448794,0.11194029850746269,134,13872.596656486845,mr;se;sl
IREDA,TITAGARH,7145.179747636822,22439.455215001326,15294.275467364507,0.5384615384615384,234,2610.324886099649,mr;se
CANBK,RBLBANK,-16958.906606661454,2049.0073750016218,19007.91398166307,0.33676975945017185,291,17270.132160361976,mr;se;sl
BHEL,SUZLON,-31820.070263137284,-9858.483104998202,21961.5871581391,0.19047619047619047,336,32832.360796649424,mr;se;sl
PFC,PNB,-24688.790299469543,-3188.1896949981547,21500.600604471394,0.19756838905775076,329,24721.5662635918,mr;se
LTM,OFSS,-39338.52856682321,-12963.10349999786,26375.425066825363,0.18248175182481752,411,39169.55077823339,hl;mr;se
COCHINSHIP,IRCON,18170.64900782743,36267.596350001564,18096.94734217414,0.6115107913669064,278,1484.8322826838958,mr;se
BANKINDIA,YESBANK,-5579.446176862641,2461.6057100006756,8041.051886863316,0.3252032520325203,123,6260.632601092602,mr;se;sl
BHEL,NBCC,27209.71067725985,47134.182280001616,19924.47160274178,0.7245901639344262,305,1007.120818995194,mr;se
IRFC,TATAPOWER,-8773.554779488502,10097.615375001653,18871.17015449016,0.3737024221453287,289,8908.126896215348,mr;se
INOXWIND,IRCON,26039.85588354915,47352.14029000183,21312.284406452676,0.6871165644171779,326,1593.0425749515853,mr;se
BHEL,IREDA,21696.98977146445,48218.856085002124,26521.866313537696,0.6305418719211823,406,1341.6505678339693,mr;se
ADANIGREEN,AMBUJACEM,-24766.011055085986,6705.620650002728,31471.63170508871,0.31742738589211617,482,25821.946126634663,mr;se;sl
LAURUSLABS,ZYDUSLIFE,-33121.29036941682,-11672.011949998197,21449.278419418628,0.11550151975683891,329,32929.09409122054,mr;se;sl
PHOENIXLTD,PRESTIGE,-18503.64350688711,4739.465650001934,23243.109156889037,0.34173669467787116,357,18601.887755937685,mr;se
HINDCOPPER,VEDL,18679.75862895078,35209.93686000138,16530.17823105059,0.6205533596837944,253,1321.2946427421375,mr;se;sl
CGPOWER,NBCC,13303.850069027505,21981.96577500076,8678.115705973252,0.8045112781954887,133,683.5483117098065,mr
MARUTI,TMPV,-1189.4579329786402,-928.240949999963,261.21698297867704,0.0,4,598.0688443888959,hl;se
MAZDOCK,TITAGARH,-6494.515240023159,8771.649100001285,15266.164340024447,0.38461538461538464,234,10631.02269104966,mr;se;sl
PFC,RVNL,9083.225780239369,15809.970950000552,6726.745169761181,0.8446601941747572,103,300.2275874299921,mr
CANBK,YESBANK,-11527.875022036256,-1068.3664249992494,10459.508597037007,0.23125,160,11502.93928206099,mr;se;sl
CENTRALBK,UNIONBANK,-5383.494482020242,11155.42955000123,16538.924032021485,0.383399209486166,253,6110.991229260204,mr;se
ADANIGREEN,ATGL,45938.69622788889,70178.24690000224,24239.550672113346,0.8252688172043011,372,608.0701870783741,mr;se
HEROMOTOCO,MOTHERSON,39.05074272165166,365.91917000003025,326.86842727837853,0.4,5,403.1537978271251,mr;sl
HEROMOTOCO,TMPV,8643.78510929279,31546.852250001895,22903.067140709125,0.5393258426966292,356,501.56932762980136,mr;se
BDL,CDSL,-10408.479779387728,9195.982100001585,19604.461879389306,0.37209302325581395,301,10495.771579667151,mr;se
COCHINSHIP,ZENTEC,11491.050491167367,31410.143600001767,19919.09310883439,0.5261437908496732,306,4497.348725649169,mr;se
ADANIPORTS,JIOFIN,-1061.974685312287,-539.45082499996,522.523860312327,0.125,8,972.1315134148002,mr
IOC,PETRONET,-12375.779695967252,-4733.2006799993715,7642.579015967881,0.23931623931623933,117,13628.96133882198,mr;se
IREDA,JWL,8160.9910612916065,13520.787670000436,5359.796608708836,0.7439024390243902,82,339.6492939449072,mr;se
CDSL,INOXWIND,3721.7886783361937,9518.230450000448,5796.441771664252,0.6853932584269663,89,708.8599552067597,mr
CANBK,NBCC,-412.7323793000319,240.9352400000647,653.6676193000966,0.3,10,714.5678492623965,mr;sl
BDL,ZENTEC,653.2784790124146,15628.891500001215,14975.613020988803,0.43043478260869567,230,4001.331757892544,mr;se
BSE,IREDA,16830.99244380989,30397.124950001245,13566.132506191343,0.8095238095238095,210,318.2386373937579,mr;se
BAJFINANCE,JIOFIN,6904.027225870463,31884.84822500217,24980.820999131673,0.5535248041775457,383,1344.7999880514576,mr;se;sl
JIOFIN,RELIANCE,8863.450593255497,28008.481170001618,19145.03057674613,0.6348122866894198,293,584.0480120762161,mr;se
HCLTECH,OFSS,-339.97408328760196,-275.53199999999197,64.44208328760999,0.0,1,0.0,mr
MANAPPURAM,MUTHOOTFIN,8128.637626759616,25574.103150001458,17445.46552324185,0.550185873605948,269,1865.2851797459962,mr;se;sl
ABCAPITAL,BANKINDIA,-8700.886699431168,13518.185020001976,22219.071719433145,0.37941176470588234,340,9753.336172611645,mr;se
GMRAIRPORT,NBCC,-318.39524138300703,-253.03949999999702,65.35574138301,0.0,1,0.0,mr
DLF,RVNL,996.3601286167401,19730.244450001606,18733.884321384863,0.4564459930313589,287,1443.175222942871,mr
BEL,IRFC,-4846.408128085908,-271.14836999959465,4575.259758086314,0.22857142857142856,70,5498.507463934445,mr;se
BANKINDIA,JIOFIN,9428.254934117927,27139.906710001564,17711.65177588364,0.5719557195571956,271,737.6412387296596,mr;se
HUDCO,PFC,-13540.454460131356,12643.041475002308,26183.495935133662,0.3690773067331671,401,13535.056135314997,mr;se
BANKINDIA,NBCC,-11728.521849397639,-1925.3046049991192,9803.217244398518,0.13333333333333333,150,12986.421164289612,mr
LICHSGFIN,RECLTD,3937.99178378092,29007.30740000221,25069.31561622129,0.4921875,384,2937.7261053385378,mr;se
IREDA,LTF,-27934.74519292357,-6576.640004998306,21358.105187925266,0.2691131498470948,327,27890.160657688146,mr;se;sl
CDSL,KFINTECH,-20568.821306650883,-2573.4938749984763,17995.32743165241,0.2826086956521739,276,20647.055008527117,mr;se;sl
ABCAPITAL,CANBK,-1532.0664554698255,-1009.3027699999482,522.7636854698776,0.25,8,1579.206557508451,mr;sl
IRFC,NHPC,-9380.639824736789,750.1130050008378,10130.75282973763,0.2709677419354839,155,9221.94834948916,mr;se
BSE,JIOFIN,-541.9456778634695,-346.0477749999983,195.8979028634713,0.0,3,528.19519133182,mr;sl
PNB,RBLBANK,-596.2476193344389,14371.190295001335,14967.43791433578,0.4366812227074236,229,2178.0994170237295,mr;se
LTF,SHRIRAMFIN,8462.32771497975,28715.5743350016,20253.24662002183,0.5709677419354838,310,472.617448013646,mr
JIOFIN,PNB,-20986.89875301302,448.69734500181096,21435.59609801483,0.2347560975609756,328,20997.93934563965,mr;se
LUPIN,ZYDUSLIFE,-30417.80398340115,-6420.138549998049,23997.66543340308,0.1766304347826087,368,30253.085933179867,mr;se;sl
BANDHANBNK,BANKINDIA,-25878.696542952486,63.50829500227215,25942.20483795477,0.24685138539042822,397,25821.61685898959,mr;se;sl
CGPOWER,HAL,-13769.442362720167,7885.12000000166,21654.562362721823,0.30654761904761907,336,13635.102078796352,mr;se;sl
JIOFIN,LT,4225.176908146823,25460.229860001855,21235.052951855032,0.5323076923076923,325,1223.6643450652787,mr;se
BDL,IRCON,10412.893641864912,20118.13305000074,9705.239408135832,0.6442953020134228,149,477.32390321106686,mr;se
ABCAPITAL,RECLTD,23324.30715853988,45599.73660000201,22275.429441462093,0.7067448680351907,341,522.8152275521397,mr;se
INFY,TATAELXSI,-493.76446667180346,-429.603899999991,64.1605666718125,0.0,1,0.0,mr
LODHA,PHOENIXLTD,23035.56624027369,43843.70515000173,20808.138909728055,0.6865203761755486,319,900.3855165556724,mr;se
JIOFIN,TMPV,-5348.329885639143,20394.496285002202,25742.826170641343,0.3883248730964467,394,5500.359331638438,mr;se
LTM,TATAELXSI,10376.25014354827,16696.383250000566,6320.133106452296,0.7653061224489796,98,349.8031270478514,mr
IRFC,SJVN,-5866.165533021557,278.2198600005371,6144.385393022093,0.24468085106382978,94,9586.159674569211,mr;se
BDL,BHEL,-1536.2797523365589,20541.864160001853,22078.143912338415,0.40236686390532544,338,5017.137442852752,mr;se
COFORGE,TATATECH,358.2978284178407,488.9527250000142,130.6548965821735,1.0,2,0.0,mr;se
RECLTD,UNIONBANK,-20154.72819552095,689.9114750016473,20844.639670522603,0.27586206896551724,319,20143.585189886668,mr;se;sl
BEML,IRCON,10057.78235422822,24113.976850001127,14056.194495772905,0.5740740740740741,216,2489.216240854663,mr;se
ADANIENT,NBCC,19945.468878186548,44109.548350001976,24164.07947181546,0.6290322580645161,372,1109.2816721924319,mr;se
IREDA,KAYNES,15171.570480255821,32100.819410001473,16929.24892974569,0.6332046332046332,259,1063.9070825981453,mr;se
COCHINSHIP,IRFC,25189.19062335546,41528.96575000137,16339.775126645935,0.6772908366533864,251,678.3639052513608,mr;se
HAL,IREDA,-18213.583958961106,-2791.345284998558,15422.238673962553,0.211864406779661,236,18486.42393488762,mr;se;sl
BANKINDIA,IRFC,813.6379071861841,1075.0269250000347,261.3890178138505,1.0,4,0.0,mr
MAZDOCK,RECLTD,-9495.016988127903,11273.635600001813,20768.652588129713,0.34591194968553457,318,10701.371379976907,mr;se
BEL,JIOFIN,-6750.187131368664,9975.448415001452,16725.63554637012,0.37109375,256,7293.899622192109,mr;se
BHARATFORG,MOTHERSON,-21633.070964482107,3201.408620002166,24834.47958448427,0.2894736842105263,380,21781.838849800093,mr;se;sl
INDHOTEL,JIOFIN,-28699.47955796191,-1522.883029997625,27176.596527964266,0.21875,416,28802.651307971046,mr;se;sl
JIOFIN,LTF,-4820.878985552513,-2991.8620149998183,1829.0169705526944,0.03571428571428571,28,4306.122175333483,mr;se;sl
DIXON,KALYANKJIL,-596.2614097556389,-400.44504999998304,195.81635975565575,0.3333333333333333,3,647.650443955847,mr
BDL,JIOFIN,-5570.728777134488,14747.599155001737,20318.32793213622,0.40192926045016075,311,6123.372097016351,mr;se
BANKBARODA,MAHABANK,6317.676259818913,22791.36308000141,16473.686820182484,0.4880952380952381,252,1645.7780007964727,mr;se
GLENMARK,LAURUSLABS,-6053.733659565832,17125.164300001867,23178.897959567694,0.4369747899159664,357,7491.574744634354,mr;se;sl
AMBUJACEM,ULTRACEMCO,14218.998190854158,34855.42910000168,20636.430909147508,0.6424050632911392,316,587.7758047844438,mr;se
BEL,SOLARINDS,-2265.2407683562674,10729.680025001002,12994.920793357265,0.35678391959798994,199,3708.277686797039,mr
CGPOWER,RVNL,11101.133024808649,15603.25457500037,4502.121550191725,0.8405797101449275,69,153.04826595280792,mr
JSWENERGY,NHPC,15199.205874395655,33870.567550001375,18671.361675605694,0.6748251748251748,286,675.7059185416383,mr;se
KAYNES,NBCC,-22510.195344134525,-2509.8202549983334,20000.375089136207,0.22875816993464052,306,24043.570890607094,mr;se;sl
JWL,RITES,-29259.64025459742,-15543.265144998753,13716.375109598677,0.18571428571428572,210,31286.05536765743,mr;se
CONCOR,IREDA,7042.436745392715,16837.455300000845,9795.01855460813,0.6533333333333333,150,518.2821359815844,mr;se
CDSL,PFC,-2996.0805010050144,16026.12785000158,19022.208351006593,0.4520547945205479,292,4046.1364892266165,mr;se
UNIONBANK,YESBANK,-16009.497701856657,-3589.0105849988586,12420.48711685778,0.18421052631578946,190,16188.330814530324,mr;se;sl
GRSE,IRCON,10251.356216889026,27194.825650001483,16943.469433112463,0.5478927203065134,261,1893.4303052031264,mr;se
CAMS,IREDA,-24273.114227490692,-27.652449997914147,24245.461777492746,0.2695417789757412,371,24605.26733475371,mr;se;sl
IOB,MAHABANK,1632.7227999535446,9151.753925000541,7519.031125047005,0.5043478260869565,115,1343.9816329785804,mr;se
CDSL,TATAPOWER,-24303.176883409793,-8175.774499998582,16127.40238341118,0.19838056680161945,247,24227.43698410327,mr;se;sl
KPITTECH,TCS,8513.94217591584,27436.847225001657,18922.90504908578,0.5206896551724138,290,2310.906201090423,mr;se
CDSL,HDFCAMC,0.0,0.0,0.0,0.0,0,0.0,none
CDSL,SUZLON,5032.552058570952,13173.00800000064,8140.455941429692,0.64,125,478.2979115559284,mr
IRCTC,RVNL,-5937.556331143503,16715.60137500198,22653.157706145474,0.35446685878962536,347,5873.531988065588,mr
GRSE,NBCC,-17013.452257654993,2921.106870001663,19934.55912765666,0.26229508196721313,305,20909.227854784764,mr;se;sl
AUROPHARMA,LUPIN,-6872.99268142701,14231.561450001955,21104.554131428984,0.3734567901234568,324,7562.717043355941,mr;se
ADANIPORTS,GMRAIRPORT,-24851.27329333519,-7336.552369998576,17514.720923336627,0.19402985074626866,268,24804.419773593374,mr;se;sl
HCLTECH,TATAELXSI,24.65691485100737,89.94645000000037,65.289535148993,1.0,1,0.0,mr
JSWSTEEL,NATIONALUM,-8079.245971568982,-4227.2988749997185,3851.947096569265,0.13559322033898305,59,9268.547086998387,mr;se;sl
ANGELONE,IREDA,-10963.049153139233,11714.585765001993,22677.634918141208,0.3515850144092219,347,10827.45166401655,mr;se
CGPOWER,MAZDOCK,16298.954064569267,30975.589250001292,14676.63518543202,0.6711111111111111,225,679.4812985239314,mr;se
HAL,IRFC,-3111.3782573621556,-497.27261499977783,2614.105642362378,0.25,40,3392.7700484638563,mr;sl
DLF,PFC,-7443.121034376582,14563.830550001941,22006.951584378534,0.4124629080118694,337,7588.732945585272,mr;se
JINDALSTEL,VEDL,-15123.037057468546,8459.958015001746,23582.995072470272,0.32409972299168976,361,15023.70006037737,mr;se
CHOLAFIN,SHRIRAMFIN,0.0,0.0,0.0,0.0,0,0.0,none
NBCC,TITAGARH,-484.06457358680007,21698.706450001897,22182.771023588706,0.3941176470588235,340,6671.333066110451,mr;se
CDSL,HUDCO,1055.481399521672,17206.686900001387,16151.205500479717,0.5685483870967742,248,1300.500444964487,mr;se
ABCAPITAL,CDSL,-27959.034140406624,-4446.661849997996,23512.37229040863,0.24376731301939059,361,27901.857713827445,mr;se
BAJAJ-AUTO,TMPV,-27596.256324912767,-557.767374997904,27038.488949914856,0.26570048309178745,414,27729.0684230782,mr;se
EXIDEIND,NBCC,13139.368920637424,20064.66417500049,6925.295254363056,0.8018867924528302,106,383.6827527002697,mr
CDSL,LTF,4275.573252676617,23426.647800001672,19151.074547325043,0.5306122448979592,294,839.0459556657088,mr;se
LTF,RECLTD,16599.41398940508,35872.39938000159,19272.98539059651,0.6813559322033899,295,1092.9559118811849,mr;se
BHEL,RVNL,29321.484145058897,49509.12882500167,20187.64467994282,0.7572815533980582,309,1185.1650020879747,mr;se
DIVISLAB,LAURUSLABS,-7632.442652180002,15484.852000001838,23117.29465218185,0.38333333333333336,360,9554.18480407753,mr;se
BANKBARODA,IREDA,3527.890093922281,10714.925365000692,7187.035271078408,0.5363636363636364,110,669.8780095063807,mr;se
GLENMARK,ZYDUSLIFE,-17104.07859633592,10543.634150002319,27647.712746338242,0.3113207547169811,424,17248.40697626525,mr;se
NBCC,NHPC,-10227.086974255033,9904.353080001745,20131.440054256786,0.3246753246753247,308,10502.383882912492,mr;se
EICHERMOT,TMPV,-10142.725996890304,-6028.287074999601,4114.438921890704,0.19047619047619047,63,10536.85277788454,hl;mr;se
GRASIM,ULTRACEMCO,-1774.8910959440611,-1518.477999999981,256.41309594408,0.0,4,1621.9968714808467,hl
CANBK,IRFC,11267.859607751929,27151.022810001334,15883.163202249392,0.6337448559670782,243,430.5527539853283,mr;se
AMBER,PGEL,-39877.5041427416,-13569.273599997723,26308.23054274388,0.24813895781637718,403,41046.94063895883,mr;se;sl
JWL,MAZDOCK,-15893.632817771339,-2894.989624998895,12998.64319277244,0.32160804020100503,199,18709.512479077395,mr;se
ADANIENT,MAZDOCK,-37725.138309286056,-10726.09289999784,26999.04540928823,0.23317307692307693,416,37640.732412496116,mr;se;sl
ADANIENSOL,JSWENERGY,-53192.99359561275,-18014.09664999718,35178.896945615525,0.20593692022263452,539,53163.96262717177,mr;se;sl
BEL,BEML,-5164.832956495114,428.43040000047404,5593.263356495585,0.3372093023255814,86,5390.101986823986,mr;se
GRSE,IRFC,29995.004744626563,48300.956400001516,18305.951655374924,0.6914893617021277,282,1857.5108091336624,mr;se
EXIDEIND,IREDA,10923.966621789325,38555.241600002264,27631.274978212903,0.5460992907801419,423,1479.784699269963,mr;se
DLF,MAZDOCK,4886.877817778478,12198.442175000564,7311.564357222083,0.6696428571428571,112,542.6684364887647,mr;se
MAZDOCK,RAILTEL,-5963.335837337656,7296.287225001243,13259.623062338906,0.3645320197044335,203,9941.2144129328,mr;se;sl
IREDA,JSWENERGY,-19444.431794731296,4184.184475001894,23628.61626973319,0.3425414364640884,362,20214.115478386062,mr;se;sl
OBEROIRLTY,PHOENIXLTD,10046.248675254858,32311.030850001833,22264.782174746986,0.5847953216374269,342,1048.0239883360073,mr;se
CANBK,LTF,7418.382346046077,27669.64291500158,20251.260568955488,0.4935483870967742,310,1942.169601698039,mr;se
INDHOTEL,IREDA,5214.087744138546,25644.102225001792,20430.014480863232,0.5431309904153354,313,2772.4765472546287,mr;se
AUROPHARMA,ZYDUSLIFE,-10377.297287851214,2859.6725750010637,13236.969862852273,0.270935960591133,203,10509.154353232727,mr;se
BANKINDIA,IDBI,10072.375753894588,27196.141520001423,17123.765766106815,0.6259541984732825,262,942.2060261920037,mr;se
BIOCON,LAURUSLABS,6023.385091374706,32019.159400002132,25995.774308627464,0.5125628140703518,398,2140.1966118721357,mr;se
CANBK,IDFCFIRSTB,-821.5693449542597,-494.76366499998016,326.8056799542795,0.0,5,714.1446321315159,mr;sl
LODHA,NBCC,-1045.7159203189306,326.67924500012634,1372.3951653190566,0.2857142857142857,21,2026.5397085737845,mr;sl
