stage3_rank,symbol_a,symbol_b,Q_beta,Q_alpha,R,half_life_minutes,capital_inr,skipped,skip_reason,error,total_trades,win_rate_pct,total_gross_pnl,total_net_pnl,total_fees_paid,avg_fees_multiple,avg_gross_pnl_per_trade,avg_net_pnl_per_trade,avg_trade_duration_minutes,max_drawdown_pct,sharpe_ratio,calmar_ratio,n_exits_mean_reversion,n_exits_halflife_timeout,n_exits_session_end,n_exits_data_end,lagging_asset,leader_asset,total_bars,live_bars,data_start,data_end,runtime_s,pearson_rho,stage1_rank,Q_beta_s2,Q_alpha_s2,R_s2,SNR_beta_R,half_life_minutes_s2,half_life_hours,adf_pvalue,hurst_exponent,beta_mean,beta_std
1,HUDCO,IRFC,3.027695e-08,1e-12,0.0007397514,10.360009,10000.0,False,,,325,12.615384615384615,584.1699999999461,-15924.264295558758,16508.434295558687,0.03533225299765984,1.7974461538459865,-48.997736294026936,10.28923076923077,160.21677226759454,-16.797193993573618,-1.5338270512993675,25,287,13,0,HUDCO,IRFC,44250,40500,2025-12-02 09:15:00+05:30,2026-05-26 15:29:00+05:30,49.861,0.424446,211,3.027695e-08,1e-12,0.0007397514,4.0928547e-05,10.360009,0.17266682,0.0,0.23549251,0.43955884,0.015419083
2,DIVISLAB,LAURUSLABS,1e-12,1e-12,6.8804167e-06,96.282487,10000.0,False,,,79,22.78481012658228,-565.749999999989,-4566.35560982849,4000.6056098284994,-0.14149554363995387,-7.161392405063151,-57.801969744664426,89.41772151898734,45.93057385820495,-11.766860260470352,-1.534238413534862,3,67,9,0,LAURUSLABS,DIVISLAB,44250,40500,2025-12-02 09:15:00+05:30,2026-05-26 15:29:00+05:30,49.888,0.380349,432,1e-12,1e-12,6.8804167e-06,1.4534003e-07,96.282487,1.6047081,6.4268036e-22,0.46539762,0.20019054,0.0038464323
3,EICHERMOT,MOTHERSON,2.4737367e-09,1e-12,0.0028897669,92.942066,10000.0,False,,,77,24.675324675324674,307.5000000000591,-3528.49700532494,3835.9970053249995,0.08009206157134434,3.9935064935072613,-45.82463643279144,80.87012987012987,35.358476262849265,-11.385867154409508,-1.5400017205186542,11,56,10,0,EICHERMOT,MOTHERSON,44250,40500,2025-12-02 09:15:00+05:30,2026-05-26 15:29:00+05:30,49.628,0.376041,471,2.4737367e-09,1e-12,0.0028897669,8.5603332e-07,92.942066,1.5490344,1.0499054e-24,0.45880631,-0.26598232,0.011668395
4,JINDALSTEL,VEDL,1e-12,3.278528e-06,0.040036366,40.705638,10000.0,False,,,142,24.64788732394366,317.16000000008,-6894.956828115918,7212.116828115998,0.04350353657621425,2.2335211267611284,-48.55603400081633,38.83802816901409,68.97437732018312,-9.085024624650277,-1.5426548073198725,8,125,9,0,VEDL,JINDALSTEL,44205,40455,2025-12-02 09:15:00+05:30,2026-05-26 15:29:00+05:30,49.514,0.401466,307,1e-12,3.278528e-06,0.040036366,2.4977292e-11,40.705638,0.6784273,0.0,0.41701635,-1.7059645,2.1334841e-06
5,JSWENERGY,TATAPOWER,3.7806998e-07,0.00029804267,0.11157028,6.2044104,10000.0,False,,,440,10.227272727272727,1683.450000000014,-20646.97392132047,22330.423921320496,0.07525344103194637,3.826022727272759,-46.92494073027384,6.720454545454546,206.53855425584976,-19.261574735747985,-1.5426957059378852,42,390,8,0,JSWENERGY,TATAPOWER,44250,40500,2025-12-02 09:15:00+05:30,2026-05-26 15:29:00+05:30,50.163,0.399893,314,3.7806998e-07,0.00029804267,0.11157028,3.3886264e-06,6.2044104,0.10340684,0.0,0.12930066,-2.4012526,0.026627451
6,CDSL,MAZDOCK,1e-12,1.7371665e-05,0.016546637,9.1453536,10000.0,False,,,354,11.016949152542374,-267.4999999999777,-18122.30993016098,17854.809930161,-0.015127513650882997,-0.7556497175140614,-51.19296590440954,9.80225988700565,181.23210261596984,-14.700209280602405,-1.5431332124012533,16,333,5,0,MAZDOCK,CDSL,44250,40500,2025-12-02 09:15:00+05:30,2026-05-26 15:29:00+05:30,49.375,0.406895,284,1e-12,1.7371665e-05,0.016546637,6.0435243e-11,9.1453536,0.15242256,0.0,0.22513579,1.2194612,3.7975324e-07
7,RECLTD,TATAPOWER,1e-12,2.0457224e-05,0.0068107016,5.1860088,10000.0,False,,,531,3.9548022598870056,-19.40000000003937,-26978.044621927016,26958.644621927007,-0.0007319186971391742,-0.0365348399247464,-50.80611039910931,5.860640301318267,269.77940659968016,-17.271159009463,-1.5432158234434545,32,494,5,0,TATAPOWER,RECLTD,44250,40500,2025-12-02 09:15:00+05:30,2026-05-26 15:29:00+05:30,49.704,0.399179,319,1e-12,2.0457224e-05,0.0068107016,1.4682775e-10,5.1860088,0.08643348,0.0,0.12583216,1.4223564,3.1130304e-07
8,ADANIGREEN,AMBUJACEM,2.5353556e-09,1.9627868e-05,0.0081128558,5.0818843,10000.0,False,,,556,5.755395683453237,1402.7000000000826,-26812.678498583937,28215.378498584003,0.04966292232562046,2.5228417266188528,-48.22424190392791,5.861510791366906,268.0866175530794,-20.148735869704275,-1.543441095764506,35,517,4,0,AMBUJACEM,ADANIGREEN,44250,40500,2025-12-02 09:15:00+05:30,2026-05-26 15:29:00+05:30,49.584,0.386669,387,2.5353556e-09,1.9627868e-05,0.0081128558,3.1251087e-07,5.0818843,0.084698071,0.0,0.12813234,1.0236024,0.00016988934
9,CGPOWER,MAZDOCK,1e-12,3.0290585e-06,0.0031942696,9.1780366,10000.0,False,,,315,12.380952380952381,658.3999999999382,-15230.024952800064,15888.424952800002,0.0411183745951644,2.0901587301585343,-48.34928556444464,9.81904761904762,152.22886914876065,-18.177868184520932,-1.5439334903153579,11,300,4,0,MAZDOCK,CGPOWER,44250,40500,2025-12-02 09:15:00+05:30,2026-05-26 15:29:00+05:30,49.654,0.376074,470,1e-12,3.0290585e-06,0.0031942696,3.1306061e-10,9.1780366,0.15296728,0.0,0.2209245,0.82167793,6.6396749e-07
10,BDL,COCHINSHIP,1e-12,6.5688583e-07,0.00051259739,6.3743849,10000.0,False,,,427,15.925058548009368,1932.8999999999546,-19656.222450223042,21589.12245022301,0.08936586543765676,4.526697892271553,-46.03330784595561,6.711943793911007,196.41638684223042,-14.593734308270307,-1.5443556980344926,30,387,10,0,COCHINSHIP,BDL,44250,40500,2025-12-02 09:15:00+05:30,2026-05-26 15:29:00+05:30,50.108,0.493505,77,1e-12,6.5688583e-07,0.00051259739,1.9508488e-09,6.3743849,0.10623975,0.0,0.17978191,1.0217604,7.9393109e-06
11,BANKINDIA,SBIN,1e-12,1.4301541e-06,0.00087659861,6.9216142,10000.0,False,,,459,8.278867102396514,1168.3499999999767,-22152.404248365314,23320.754248365283,0.050015180165322415,2.5454248366012564,-48.2623186238896,6.864923747276689,221.34100889539198,-15.891069624135763,-1.5444860035589552,18,435,6,0,BANKINDIA,SBIN,44250,40500,2025-12-02 09:15:00+05:30,2026-05-26 15:29:00+05:30,49.931,0.485892,87,1e-12,1.4301541e-06,0.00087659861,1.140773e-09,6.9216142,0.11536024,0.0,0.16509658,1.7718506,4.7285569e-06
12,BDL,IREDA,1e-12,4.5818008e-08,2.8392144e-05,6.9575553,10000.0,False,,,485,6.391752577319588,-353.7999999997778,-24996.880774564353,24643.08077456459,-0.014429207009531621,-0.7294845360820159,-51.53996035992655,6.861855670103092,249.72695346288356,-17.03431497193481,-1.5447044365523077,20,461,4,0,IREDA,BDL,44250,40500,2025-12-02 09:15:00+05:30,2026-05-26 15:29:00+05:30,49.343,0.421126,230,1e-12,4.5818008e-08,2.8392144e-05,3.5221011e-08,6.9575553,0.11595926,0.0,0.15865758,1.5252085,0.00016061246
13,ADANIENSOL,ADANIGREEN,1e-12,8.6299838e-05,0.051384984,6.0607071,10000.0,False,,,556,10.071942446043165,698.5500000001265,-27462.978083315364,28161.52808331552,0.024653124287973727,1.2563848920865583,-49.393845473588804,6.794964028776978,274.3581739948936,-19.76161426909081,-1.5447376107063167,35,511,10,0,ADANIGREEN,ADANIENSOL,44250,40500,2025-12-02 09:15:00+05:30,2026-05-26 15:29:00+05:30,49.778,0.574837,28,1e-12,8.6299838e-05,0.051384984,1.9460938e-11,6.0607071,0.10101178,0.0,0.16328426,1.9409659,1.8421583e-07
14,BEL,COCHINSHIP,1e-12,3.4263602e-06,0.0025774849,6.9026811,10000.0,False,,,431,13.22505800464037,717.2000000000296,-21070.977719907976,21788.177719908013,0.03257095104239854,1.6640371229699062,-48.88857939653821,6.716937354988399,210.40794797699985,-13.983138416816159,-1.5454236039286124,28,390,13,0,COCHINSHIP,BEL,44250,40500,2025-12-02 09:15:00+05:30,2026-05-26 15:29:00+05:30,49.849,0.440332,164,1e-12,3.4263602e-06,0.0025774849,3.8797512e-10,6.9026811,0.11504469,0.0,0.197323,0.6608748,8.43049e-07
15,IRCON,IRFC,7.4953153e-09,1e-12,0.00018656943,8.9624055,10000.0,False,,,354,17.231638418079097,645.3599999999517,-17340.617186289062,17985.977186288987,0.035755222153622326,1.823050847457491,-48.984794311550985,8.584745762711865,173.11592974845263,-12.354405302233252,-1.5457971860891326,38,306,10,0,IRCON,IRFC,44250,40500,2025-12-02 09:15:00+05:30,2026-05-26 15:29:00+05:30,49.962,0.513345,68,7.4953153e-09,1e-12,0.00018656943,4.0174402e-05,8.9624055,0.14937342,0.0,0.22173129,0.6029002,0.010933719
16,ADANIENSOL,ADANIPORTS,1e-12,5.6604978e-05,0.04172283,8.6577517,10000.0,False,,,401,15.211970074812967,1785.8499999999622,-18519.16880655453,20305.018806554504,0.08780194014558375,4.453491271820355,-46.18246585175695,8.86783042394015,184.87872346899533,-17.489146736848426,-1.5458222380272253,18,377,6,0,ADANIENSOL,ADANIPORTS,44250,40500,2025-12-02 09:15:00+05:30,2026-05-26 15:29:00+05:30,49.311,0.421704,227,1e-12,5.6604978e-05,0.04172283,2.3967694e-11,8.6577517,0.14429586,0.0,0.20521937,2.7147598,2.6913133e-07
17,BEL,RVNL,1e-12,3.2585269e-07,0.00010747038,5.292203,10000.0,False,,,479,5.845511482254698,-371.90000000001584,-24684.322098921024,24312.422098921,-0.015356190145405638,-0.7764091858037901,-51.533031521755774,5.887265135699374,246.4164686053353,-16.96758004148859,-1.5458824596597585,20,452,7,0,BEL,RVNL,44250,40500,2025-12-02 09:15:00+05:30,2026-05-26 15:29:00+05:30,49.475,0.411373,260,1e-12,3.2585269e-07,0.00010747038,9.3048892e-09,5.292203,0.088203383,0.0,0.11845002,1.0603426,2.5405617e-05
18,GAIL,TATAPOWER,1e-12,1.2422209e-05,0.0041375171,5.8375792,10000.0,False,,,560,4.642857142857143,131.0999999999092,-28298.432317532097,28429.53231753202,0.004598642953379991,0.2341071428569809,-50.53291485273587,5.860714285714286,282.437518420751,-18.687157976054614,-1.5461975621117259,32,520,8,0,TATAPOWER,GAIL,44250,40500,2025-12-02 09:15:00+05:30,2026-05-26 15:29:00+05:30,49.535,0.396867,330,1e-12,1.2422209e-05,0.0041375171,2.4169085e-10,5.8375792,0.097292986,0.0,0.11973554,-0.91908963,8.5613822e-07
19,IOC,PETRONET,1e-12,9.1304647e-05,0.024355542,5.2166482,10000.0,False,,,455,7.912087912087912,701.9999999999378,-22404.172623069862,23106.1726230698,0.03035615660230813,1.5428571428570053,-49.23993983092277,5.916483516483517,223.60763430060865,-22.798301814802056,-1.546205726644383,19,432,4,0,PETRONET,IOC,44250,40500,2025-12-02 09:15:00+05:30,2026-05-26 15:29:00+05:30,49.599,0.373128,493,1e-12,9.1304647e-05,0.024355542,4.1058416e-11,5.2166482,0.086944136,0.0,0.11203029,2.6092065,3.2120034e-07
20,CANBK,SBIN,8.5110513e-10,7.8102096e-06,0.0035509608,6.020989,10000.0,False,,,468,2.3504273504273505,-450.3999999999313,-24161.30599329494,23710.905993295,-0.019021678736665562,-0.9623931623930156,-51.626722207895156,6.794871794871795,241.09586744014933,-19.692303126238667,-1.5465203296481815,34,429,5,0,SBIN,CANBK,44250,40500,2025-12-02 09:15:00+05:30,2026-05-26 15:29:00+05:30,50.339,0.517469,65,8.5110513e-10,7.8102096e-06,0.0035509608,2.3968306e-07,6.020989,0.10034982,0.0,0.1322712,0.9256562,0.00014238283
21,ADANIENT,ADANIPORTS,1e-12,1.0701975e-06,0.00080793089,7.1956092,10000.0,False,,,460,7.391304347826087,1404.6999999999427,-21853.609334453064,23258.30933445299,0.06043990199713115,3.0536956521737886,-47.50784637924578,7.73695652173913,218.04328174009063,-17.897329956652356,-1.5466977699980216,28,423,9,0,ADANIPORTS,ADANIENT,44250,40500,2025-12-02 09:15:00+05:30,2026-05-26 15:29:00+05:30,50.88,0.549592,40,1e-12,1.0701975e-06,0.00080793089,1.2377296e-09,7.1956092,0.11992682,0.0,0.19259943,1.0261958,1.7108547e-06
22,BANKBARODA,SBIN,1e-12,1.711689e-05,0.010339488,6.7482812,10000.0,False,,,417,2.8776978417266186,-578.1499999999747,-21703.246204886484,21125.096204886497,-0.027425304149897994,-1.3864508393284767,-52.0461539685527,6.858513189448441,216.5153258861649,-19.879440093497244,-1.5468957571178523,25,387,5,0,SBIN,BANKBARODA,44250,40500,2025-12-02 09:15:00+05:30,2026-05-26 15:29:00+05:30,50.254,0.510719,69,1e-12,1.711689e-05,0.010339488,9.6716588e-11,6.7482812,0.11247135,0.0,0.16321362,1.4383203,3.1032513e-07
23,HINDALCO,HINDCOPPER,1e-12,4.7846847e-06,0.0019445832,5.6594622,10000.0,False,,,526,6.653992395437262,-387.2500000000125,-27030.77937229951,26643.529372299527,-0.01446419972800399,-0.7362167300380461,-51.389314396006675,5.891634980988593,269.6260012130351,-17.319111144673528,-1.5471121297769108,30,492,4,0,HINDALCO,HINDCOPPER,44250,40500,2025-12-02 09:15:00+05:30,2026-05-26 15:29:00+05:30,49.443,0.429531,196,1e-12,4.7846847e-06,0.0019445832,5.1424902e-10,5.6594622,0.09432437,0.0,0.13749543,0.56934188,1.1128625e-06
24,EICHERMOT,M&M,1e-12,2.6480128e-06,0.0029769605,9.1723396,10000.0,False,,,340,2.3529411764705883,-860.500000000161,-17803.84124344515,16943.341243445004,-0.05086581230186432,-2.5308823529416498,-52.3642389513093,9.855882352941176,177.5757247845015,-18.393400873332496,-1.5472308324031614,10,324,6,0,EICHERMOT,M&M,44250,40500,2025-12-02 09:15:00+05:30,2026-05-26 15:29:00+05:30,49.791,0.445431,150,1e-12,2.6480128e-06,0.0029769605,3.3591309e-10,9.1723396,0.15287233,0.0,0.21793151,1.0608955,5.4430772e-07
25,EICHERMOT,TVSMOTOR,1e-12,1.6594926e-06,0.0019427108,9.0490568,10000.0,False,,,337,3.857566765578635,-588.00000000011,-17379.41547469011,16791.415474690006,-0.035016764834565624,-1.7448071216620475,-51.570965800267395,9.851632047477745,173.3314670969511,-17.907800055747987,-1.54732929099874,14,319,4,0,EICHERMOT,TVSMOTOR,44250,40500,2025-12-02 09:15:00+05:30,2026-05-26 15:29:00+05:30,49.635,0.460097,120,1e-12,1.6594926e-06,0.0019427108,5.1474464e-10,9.0490568,0.15081761,0.0,0.21738422,1.0416885,1.0964955e-06
26,IREDA,TATAPOWER,1e-12,8.4624342e-06,0.0028469402,6.2152881,10000.0,False,,,508,8.26771653543307,1598.9399999998914,-24213.48188822092,25812.42188822079,0.06186720246168492,3.1475196850391542,-47.66433442563171,6.791338582677166,241.48620972289513,-20.34410108909201,-1.547354792568926,46,456,6,0,IREDA,TATAPOWER,44250,40500,2025-12-02 09:15:00+05:30,2026-05-26 15:29:00+05:30,49.502,0.398259,322,1e-12,8.4624342e-06,0.0028469402,3.5125431e-10,6.2152881,0.10358814,0.0,0.1211719,-1.2752577,1.6788342e-06
27,MOTHERSON,TVSMOTOR,1e-12,1.612116e-07,0.00087306009,24.732736,10000.0,False,,,210,10.952380952380953,268.6999999999989,-10206.277258246993,10474.977258246992,0.025509634145848527,1.2795238095238044,-48.60132027736668,23.833333333333332,101.78594951103001,-19.238052401876352,-1.5474068811391617,18,187,5,0,TVSMOTOR,MOTHERSON,44250,40500,2025-12-02 09:15:00+05:30,2026-05-26 15:29:00+05:30,50.069,0.373303,492,1e-12,1.612116e-07,0.00087306009,1.1453965e-09,24.732736,0.41221227,0.0,0.35161442,-0.256517,1.8215333e-05
28,ADANIENSOL,TATAPOWER,7.5940136e-06,0.00032341401,0.29181551,6.9567369,10000.0,False,,,492,14.227642276422765,943.0999999999665,-23968.572541745012,24911.67254174498,0.037785575687958525,1.9168699186991185,-48.716610857205346,6.849593495934959,239.0278005866801,-16.76204379642761,-1.5474575669556863,25,460,7,0,ADANIENSOL,TATAPOWER,44250,40500,2025-12-02 09:15:00+05:30,2026-05-26 15:29:00+05:30,49.82,0.397042,329,7.5940136e-06,0.00032341401,0.29181551,2.6023338e-05,6.9567369,0.11594561,0.0,0.15366853,-3.7367018,0.20084719
29,CDSL,HDFCAMC,1e-12,5.3196818e-06,0.005258741,9.0333124,10000.0,False,,,358,10.05586592178771,979.0000000000737,-17133.554861953926,18112.554861953995,0.053903363016580844,2.734636871508586,-47.85909179316739,9.76536312849162,170.8608996643592,-18.11730251850565,-1.547496889879577,16,336,6,0,CDSL,HDFCAMC,44250,40500,2025-12-02 09:15:00+05:30,2026-05-26 15:29:00+05:30,49.77,0.380206,433,1e-12,5.3196818e-06,0.005258741,1.9015958e-10,9.0333124,0.15055521,0.0,0.21529483,0.96634531,5.1832376e-07
30,IREDA,MAZDOCK,1e-12,7.5606968e-07,0.0007342134,8.7194063,10000.0,False,,,372,12.903225806451612,1295.6500000000858,-17606.605908770427,18902.25590877049,0.06848078470850372,3.4829301075271135,-47.32958577626455,8.814516129032258,175.54235519638834,-16.337737399027198,-1.5478138082641821,14,351,7,0,IREDA,MAZDOCK,44250,40500,2025-12-02 09:15:00+05:30,2026-05-26 15:29:00+05:30,49.657,0.446122,145,1e-12,7.5606968e-07,0.0007342134,1.3620018e-09,8.7194063,0.14532344,0.0,0.2082596,1.016827,5.4283858e-06
31,JINDALSTEL,NATIONALUM,1e-12,1.6882415e-05,0.0054032845,5.4400216,10000.0,False,,,451,5.321507760532151,-1319.1999999999123,-24151.10333774991,22831.903337750005,-0.057762781774791674,-2.9250554323723112,-53.550118265520865,5.92239467849224,240.78960359965916,-17.526672606968013,-1.5478334879523055,16,432,3,0,JINDALSTEL,NATIONALUM,44250,40500,2025-12-02 09:15:00+05:30,2026-05-26 15:29:00+05:30,49.998,0.42432,213,1e-12,1.6882415e-05,0.0054032845,1.8507262e-10,5.4400216,0.090667027,0.0,0.1227971,1.359018,1.0168695e-06
32,PNB,SBIN,3.67531e-07,1e-12,0.022331233,10.119243,10000.0,False,,,316,3.481012658227848,-1102.649999999908,-17107.671451925416,16005.021451925486,-0.06898072236184204,-3.489398734176924,-54.13820079723231,10.734177215189874,170.5297688178542,-17.990174042186126,-1.5481594640210115,16,294,6,0,SBIN,PNB,44250,40500,2025-12-02 09:15:00+05:30,2026-05-26 15:29:00+05:30,49.775,0.488676,83,3.67531e-07,1e-12,0.022331233,1.645816e-05,10.119243,0.16865405,0.0,0.22631908,1.7192609,0.016713422
33,HEROMOTOCO,TVSMOTOR,1e-12,5.5440203e-06,0.0064363136,9.7560988,10000.0,False,,,322,4.658385093167702,253.79999999992788,-15802.809868468077,16056.609868468007,0.015822396849656202,0.7881987577637511,-49.077049280956736,9.891304347826088,157.51993536178082,-18.011512440149048,-1.5481883109045185,11,310,1,0,TVSMOTOR,HEROMOTOCO,44250,40500,2025-12-02 09:15:00+05:30,2026-05-26 15:29:00+05:30,49.732,0.480445,93,1e-12,5.5440203e-06,0.0064363136,1.5536844e-10,9.7560988,0.16260165,0.0,0.23991684,1.1508752,5.2453668e-07
34,JINDALSTEL,JSWSTEEL,1e-12,5.0778303e-05,0.033143109,6.8746346,10000.0,False,,,412,6.310679611650485,-385.5000000000184,-21245.990285113006,20860.490285112974,-0.018475758260647533,-0.9356796116505302,-51.56793758522577,6.91747572815534,211.77446257173008,-15.535699892062258,-1.5482047101794532,9,397,6,0,JINDALSTEL,JSWSTEEL,44250,40500,2025-12-02 09:15:00+05:30,2026-05-26 15:29:00+05:30,49.54,0.477244,100,1e-12,5.0778303e-05,0.033143109,3.0172185e-11,6.8746346,0.11457724,0.0,0.17649272,2.497052,1.6677468e-07
35,IOB,UCOBANK,2.5432335e-09,1e-12,0.0002443384,11.379397,10000.0,False,,,347,8.645533141210375,1527.980000000032,-16109.490933743156,17637.470933743192,0.08657426231552731,4.403400576368968,-46.4250459185682,11.452449567723344,160.55870197547156,-13.21728842808066,-1.54836363331049,22,313,12,0,IOB,UCOBANK,44250,40500,2025-12-02 09:15:00+05:30,2026-05-26 15:29:00+05:30,49.687,0.373591,490,2.5432335e-09,1e-12,0.0002443384,1.0408653e-05,11.379397,0.18965661,0.0,0.3083401,0.56081763,0.0071066376
36,NBCC,VOLTAS,1.5801981e-08,1.8952494e-06,0.0017496695,7.2515223,10000.0,False,,,413,6.5375302663438255,-1190.9399999999857,-22177.899251759594,20986.95925175957,-0.05679205495632531,-2.8836319612590438,-53.69951392677865,7.929782082324455,220.9143778689849,-15.83261611379837,-1.5492496910542048,10,399,4,0,NBCC,VOLTAS,44250,40500,2025-12-02 09:15:00+05:30,2026-05-26 15:29:00+05:30,49.719,0.376354,467,1.5801981e-08,1.8952494e-06,0.0017496695,9.0314092e-06,7.2515223,0.12085871,0.0,0.17825298,0.7368801,0.0086329857
37,BDL,HAL,1e-12,1.9454082e-07,0.0013362176,25.455336,10000.0,False,,,178,11.797752808988765,-257.1999999999816,-9206.125329611981,8948.925329611997,-0.028932786808970715,-1.4449438202246159,-51.71980522253922,24.49438202247191,91.57619962105984,-14.203818667761805,-1.5513838303118044,9,157,12,0,HAL,BDL,44250,40500,2025-12-02 09:15:00+05:30,2026-05-26 15:29:00+05:30,49.624,0.582577,25,1e-12,1.9454082e-07,0.0013362176,7.4838112e-10,25.455336,0.4242556,0.0,0.3864364,1.890011,1.2712835e-05
38,BDL,MAZDOCK,1e-12,9.5316504e-08,0.0017307612,42.978654,10000.0,False,,,145,16.551724137931036,-1607.3999999999996,-8913.05241583,7305.652415830002,-0.21954777201546047,-11.085517241379307,-61.46932700572413,40.172413793103445,88.59537362170002,-12.681311244072127,-1.5525314647905244,10,123,12,0,MAZDOCK,BDL,44250,40500,2025-12-02 09:15:00+05:30,2026-05-26 15:29:00+05:30,49.478,0.651684,3,1e-12,9.5316504e-08,0.0017307612,5.7778044e-10,42.978654,0.7163109,1.9075364999999998e-29,0.42703132,1.9231706,2.8499819e-05
39,AUBANK,IDFCFIRSTB,5.8003817e-09,1e-12,0.0005077491,25.762091,10000.0,False,,,187,14.973262032085561,-23.699999999877264,-9501.588070719876,9477.888070719991,-0.002490785433163159,-0.12673796791378217,-50.81063139422393,25.02673796791444,94.0428687820488,-13.156909514568701,-1.5591766545916945,12,171,4,0,AUBANK,IDFCFIRSTB,44250,40500,2025-12-02 09:15:00+05:30,2026-05-26 15:29:00+05:30,49.591,0.427725,200,5.8003817e-09,1e-12,0.0005077491,1.1423716e-05,25.762091,0.42936819,0.0,0.36196126,-0.26206809,0.016006771
40,CENTRALBK,UCOBANK,1e-12,1e-12,1.0445133e-05,113.75714,10000.0,False,,,109,15.596330275229358,-508.99999999997215,-6049.035627824575,5540.035627824599,-0.09204084641057572,-4.6697247706419445,-55.49573970481259,95.5229357798165,59.81584371723977,-15.044684067319988,-1.5606118620592457,7,77,25,0,CENTRALBK,UCOBANK,44250,40500,2025-12-02 09:15:00+05:30,2026-05-26 15:29:00+05:30,49.291,0.413723,255,1e-12,1e-12,1.0445133e-05,9.5738372e-08,113.75714,1.8959524,9.4488447e-05,0.36567086,0.96782887,0.0085255331
41,NBCC,TATAPOWER,1e-12,3.7784998e-07,0.012198319,70.253954,10000.0,False,,,77,27.272727272727273,143.16999999999288,-3769.668873767707,3912.8388737676996,0.036108944980921244,1.8593506493505598,-48.95673862035982,63.8051948051948,36.61598028269606,-8.1371527945144,-1.5887572017415088,9,62,6,0,NBCC,TATAPOWER,44250,40500,2025-12-02 09:15:00+05:30,2026-05-26 15:29:00+05:30,49.758,0.377974,452,1e-12,3.7784998e-07,0.012198319,8.1978511e-11,70.253954,1.1708992,7.666874800000001e-27,0.44442435,-2.4121954,7.1429084e-06
