pair,num_chunks,chunk_half_lives,hl_max,hl_medoid,target_tau_worst_case,target_tau_dominant,Q_beta_worst_case,Q_beta_dominant
PFC-RECLTD,4,"[np.float64(120.35), np.float64(1419.07), np.float64(463.51), np.float64(220.04)]",1419.07,463.51,2838.14,927.02,4e-09,3.73e-08
BDL-MAZDOCK,4,"[np.float64(1888.76), np.float64(3179.69), np.float64(1065.58), np.float64(568.79)]",3179.69,1888.76,6359.39,3777.52,1.8e-09,5.1e-09
GRSE-MAZDOCK,4,"[np.float64(311.2), np.float64(772.96), np.float64(1229.94), np.float64(1167.84)]",1229.94,772.96,2459.87,1545.91,6.05e-08,1.533e-07
BANKBARODA-CANBK,4,"[np.float64(1000.71), np.float64(450.27), np.float64(566.8), np.float64(354.63)]",1000.71,566.8,2001.42,1133.61,7.4e-09,2.32e-08
BPCL-HINDPETRO,4,"[np.float64(128.16), np.float64(579.4), np.float64(341.95), np.float64(2017.15)]",2017.15,579.4,4034.3,1158.8,2.03e-08,2.458e-07
CANBK-PNB,4,"[np.float64(405.15), np.float64(699.15), np.float64(390.98), np.float64(159.74)]",699.15,405.15,1398.31,810.31,7.1e-09,2.11e-08
IRFC-RVNL,4,"[np.float64(383.73), np.float64(293.25), np.float64(677.27), np.float64(484.43)]",677.27,383.73,1354.53,767.47,1.3e-08,4.05e-08
BPCL-IOC,4,"[np.float64(980.11), np.float64(389.44), np.float64(396.47), np.float64(191.3)]",980.11,396.47,1960.22,792.95,1.468e-07,8.97e-07
INFY-TCS,4,"[np.float64(221.98), np.float64(387.52), np.float64(449.48), np.float64(1905.97)]",1905.97,387.52,3811.95,775.03,6.2e-09,1.5e-07
BANKINDIA-CANBK,4,"[np.float64(956.96), np.float64(1097.72), np.float64(931.63), np.float64(524.34)]",1097.72,956.96,2195.43,1913.92,2.6e-09,3.5e-09
BEL-HAL,4,"[np.float64(189.1), np.float64(669.98), np.float64(1081.67), np.float64(1656.05)]",1656.05,669.98,3312.1,1339.97,5.6e-09,3.42e-08
COCHINSHIP-GRSE,4,"[np.float64(704.47), np.float64(385.7), np.float64(427.36), np.float64(382.34)]",704.47,385.7,1408.95,771.41,9.1e-09,3.04e-08
BDL-HAL,4,"[np.float64(243.63), np.float64(744.41), np.float64(486.11), np.float64(1216.05)]",1216.05,744.41,2432.1,1488.82,1.36e-08,3.62e-08
BANKINDIA-UNIONBANK,4,"[np.float64(428.27), np.float64(494.65), np.float64(1746.58), np.float64(258.37)]",1746.58,428.27,3493.15,856.54,1.6e-09,2.66e-08
HAL-MAZDOCK,4,"[np.float64(1086.83), np.float64(1250.54), np.float64(1694.5), np.float64(1551.19)]",1694.5,1250.54,3389.01,2501.09,1.8e-09,3.2e-09
ADANIENT-ADANIGREEN,4,"[np.float64(214.11), np.float64(297.85), np.float64(2655.69), np.float64(1367.08)]",2655.69,297.85,5311.38,595.69,1.6e-08,1.2693e-06
IREDA-IRFC,4,"[np.float64(368.33), np.float64(189.97), np.float64(801.84), np.float64(585.83)]",801.84,585.83,1603.68,1171.67,9.5e-08,1.78e-07
HINDPETRO-IOC,4,"[np.float64(1833.01), np.float64(841.02), np.float64(578.98), np.float64(648.4)]",1833.01,841.02,3666.02,1682.03,3.16e-08,1.503e-07
BANKINDIA-PNB,4,"[np.float64(499.05), np.float64(1123.5), np.float64(359.16), np.float64(663.42)]",1123.5,499.05,2247.01,998.1,2.2e-09,1.09e-08
BANKBARODA-PNB,4,"[np.float64(267.06), np.float64(628.8), np.float64(318.34), np.float64(525.15)]",628.8,318.34,1257.6,636.68,5.9e-09,2.3e-08
CANBK-UNIONBANK,4,"[np.float64(1251.65), np.float64(1288.83), np.float64(413.36), np.float64(602.12)]",1288.83,1251.65,2577.66,2503.31,2.9e-09,3.1e-09
BEL-MAZDOCK,4,"[np.float64(2608.6), np.float64(920.14), np.float64(2089.41), np.float64(1165.19)]",2608.6,2089.41,5217.21,4178.82,7e-10,1.1e-09
ADANIENSOL-ADANIGREEN,4,"[np.float64(1121.61), np.float64(437.41), np.float64(867.13), np.float64(1312.34)]",1312.34,1121.61,2624.67,2243.22,2.07e-08,2.84e-08
BANKBARODA-BANKINDIA,4,"[np.float64(238.54), np.float64(1228.25), np.float64(515.05), np.float64(287.4)]",1228.25,515.05,2456.49,1030.09,3.3e-09,1.89e-08
BDL-BEL,4,"[np.float64(491.98), np.float64(1104.78), np.float64(805.13), np.float64(863.88)]",1104.78,805.13,2209.56,1610.26,9.3e-09,1.76e-08
COCHINSHIP-MAZDOCK,4,"[np.float64(506.75), np.float64(412.43), np.float64(1400.94), np.float64(1853.67)]",1853.67,506.75,3707.33,1013.5,4.5e-09,6e-08
DLF-GODREJPROP,4,"[np.float64(435.14), np.float64(1013.88), np.float64(462.38), np.float64(382.5)]",1013.88,435.14,2027.76,870.28,8.2e-09,4.43e-08
BDL-GRSE,4,"[np.float64(409.01), np.float64(4091.27), np.float64(546.09), np.float64(571.56)]",4091.27,571.56,8182.54,1143.11,1e-09,5.02e-08
PNB-UNIONBANK,4,"[np.float64(914.24), np.float64(1070.04), np.float64(954.89), np.float64(991.66)]",1070.04,954.89,2140.08,1909.78,8.1e-09,1.02e-08
HINDZINC-VEDL,4,"[np.float64(1040.98), np.float64(1948.86), np.float64(1043.25), np.float64(722.52)]",1948.86,1040.98,3897.72,2081.95,5.2e-09,1.83e-08
NATIONALUM-VEDL,4,"[np.float64(2243.43), np.float64(1326.5), np.float64(1271.78), np.float64(514.55)]",2243.43,1326.5,4486.86,2653.0,1.12e-08,3.19e-08
BANKBARODA-UNIONBANK,4,"[np.float64(714.55), np.float64(1029.63), np.float64(1208.9), np.float64(147.41)]",1208.9,714.55,2417.8,1429.1,6.1e-09,1.74e-08
IRCON-RVNL,4,"[np.float64(295.21), np.float64(338.83), np.float64(1135.25), np.float64(527.52)]",1135.25,338.83,2270.5,677.66,1.29e-08,1.45e-07
BANKINDIA-INDIANB,4,"[np.float64(357.72), np.float64(373.89), np.float64(384.43)]",384.43,373.89,768.87,747.77,2.11e-08,2.23e-08
ADANIENT-ADANIPORTS,4,"[np.float64(454.6), np.float64(496.99), np.float64(711.57), np.float64(862.17)]",862.17,496.99,1724.34,993.99,1.807e-07,5.438e-07
DATAPATTNS-GRSE,4,"[np.float64(526.39), np.float64(30583.02), np.float64(509.72), np.float64(1153.95)]",30583.02,526.39,61166.04,1052.77,0.0,1.405e-07
HCLTECH-TCS,4,"[np.float64(524.79), np.float64(468.6), np.float64(1091.52), np.float64(1038.61)]",1091.52,524.79,2183.05,1049.58,2.53e-08,1.096e-07
BSE-CDSL,4,"[np.float64(1913.3), np.float64(1373.81), np.float64(6337.21), np.float64(766.95)]",6337.21,1913.3,12674.43,3826.6,1.7e-09,1.92e-08
IREDA-RVNL,4,"[np.float64(542.28), np.float64(337.49), np.float64(1012.26), np.float64(895.1)]",1012.26,542.28,2024.52,1084.55,2.8e-08,9.74e-08
HINDZINC-NATIONALUM,4,"[np.float64(4036.37), np.float64(1330.54), np.float64(2510.6), np.float64(439.13)]",4036.37,1330.54,8072.75,2661.08,4.3e-09,3.97e-08
GRAPHITE-HEG,4,"[np.float64(576.19), np.float64(1063.12), np.float64(1011.3), np.float64(733.35)]",1063.12,1011.3,2126.23,2022.6,2.713e-07,2.998e-07
INDIANB-UNIONBANK,4,"[np.float64(894.7), np.float64(335.49), np.float64(565.27), np.float64(549.31)]",894.7,565.27,1789.4,1130.54,2.45e-08,6.13e-08
HINDALCO-NATIONALUM,4,"[np.float64(711.91), np.float64(225.27), np.float64(1174.44), np.float64(644.91)]",1174.44,711.91,2348.89,1423.82,1.13e-08,3.09e-08
IRCON-RAILTEL,4,"[np.float64(120.64), np.float64(114.55), np.float64(397.16), np.float64(777.69)]",777.69,120.64,1555.39,241.29,1.625e-07,6.7513e-06
COFORGE-PERSISTENT,4,"[np.float64(4755.56), np.float64(485.03), np.float64(645.79), np.float64(3390.45)]",4755.56,645.79,9511.12,1291.58,2.4e-09,1.28e-07
HCLTECH-INFY,4,"[np.float64(517.09), np.float64(235.95), np.float64(868.45), np.float64(525.5)]",868.45,517.09,1736.9,1034.18,1.27e-08,3.59e-08
IRCON-IRFC,4,"[np.float64(291.23), np.float64(120.36), np.float64(380.82), np.float64(348.64)]",380.82,291.23,761.64,582.45,1.428e-07,2.442e-07
CHENNPETRO-MRPL,4,"[np.float64(1117.21), np.float64(263.17), np.float64(577.58), np.float64(836.72)]",1117.21,577.58,2234.43,1155.16,2.07e-08,7.74e-08
NBCC-RVNL,4,"[np.float64(2665.1), np.float64(1126.64), np.float64(774.58), np.float64(613.14)]",2665.1,1126.64,5330.2,2253.28,1.5e-09,8.5e-09
JSWSTEEL-TATASTEEL,4,"[np.float64(1232.0), np.float64(212.83), np.float64(989.71), np.float64(593.79)]",1232.0,989.71,2464.0,1979.42,5.17e-08,8.01e-08
TCS-WIPRO,4,"[np.float64(337.48), np.float64(653.98), np.float64(1317.56), np.float64(9635.36)]",9635.36,653.98,19270.72,1307.96,1e-10,2.44e-08
CANBK-INDIANB,4,"[np.float64(697.7), np.float64(1275.68), np.float64(2055.73), np.float64(453.33)]",2055.73,1275.68,4111.46,2551.35,9e-10,2.4e-09
NMDC-TATASTEEL,4,"[np.float64(864.63), np.float64(944.37), np.float64(1050.11), np.float64(371.22)]",1050.11,864.63,2100.22,1729.25,5.58e-08,8.23e-08
DLF-PRESTIGE,4,"[np.float64(230.67), np.float64(249.6), np.float64(265.89), np.float64(573.32)]",573.32,249.6,1146.64,499.2,4.21e-08,2.219e-07
INFY-WIPRO,4,"[np.float64(271.66), np.float64(825.4), np.float64(568.93), np.float64(2206.93)]",2206.93,825.4,4413.86,1650.8,3.1e-09,2.18e-08
IREDA-NBCC,4,"[np.float64(1384.26), np.float64(686.34), np.float64(505.28), np.float64(1540.12)]",1540.12,1384.26,3080.23,2768.53,5.9e-09,7.3e-09
ADANIENSOL-ADANIENT,4,"[np.float64(589.77), np.float64(562.95), np.float64(1138.24)]",1138.24,589.77,2276.48,1179.54,9.36e-08,3.488e-07
IREDA-RECLTD,4,"[np.float64(277.81), np.float64(518.71), np.float64(457.99), np.float64(814.18)]",814.18,518.71,1628.36,1037.41,1.598e-07,3.938e-07
JINDALSTEL-TATASTEEL,4,"[np.float64(724.25), np.float64(625.75), np.float64(617.05), np.float64(818.77)]",818.77,724.25,1637.54,1448.5,5.155e-07,6.589e-07
CANBK-SBIN,4,"[np.float64(1000.51), np.float64(1196.69), np.float64(387.63), np.float64(759.79)]",1196.69,1000.51,2393.37,2001.03,1.807e-07,2.586e-07
IRFC-NBCC,4,"[np.float64(13579.76), np.float64(767.56), np.float64(433.97), np.float64(2623.91)]",13579.76,2623.91,27159.51,5247.81,0.0,4e-10
BANKBARODA-INDIANB,4,"[np.float64(370.58), np.float64(1181.72), np.float64(8706.52), np.float64(319.62)]",8706.52,370.58,17413.04,741.16,0.0,2.71e-08
HCLTECH-TECHM,4,"[np.float64(473.98), np.float64(549.87), np.float64(607.1), np.float64(1639.25)]",1639.25,549.87,3278.5,1099.74,5.1e-09,4.54e-08
DLF-LODHA,4,"[np.float64(551.98), np.float64(742.09), np.float64(633.51), np.float64(721.07)]",742.09,633.51,1484.18,1267.03,5.39e-08,7.39e-08
INDIANB-PNB,4,"[np.float64(436.22), np.float64(2017.52), np.float64(2510.36), np.float64(424.07)]",2510.36,436.22,5020.73,872.44,1.1e-09,3.66e-08
GODREJPROP-PRESTIGE,4,"[np.float64(546.11), np.float64(1448.22), np.float64(375.27), np.float64(437.25)]",1448.22,546.11,2896.45,1092.23,4.77e-08,3.353e-07
BDL-COCHINSHIP,4,"[np.float64(2507.1), np.float64(2528.07), np.float64(684.82), np.float64(607.09)]",2528.07,2507.1,5056.15,5014.21,9.68e-08,9.84e-08
BEL-GRSE,4,"[np.float64(905.84), np.float64(449.21), np.float64(694.84), np.float64(1871.81)]",1871.81,905.84,3743.62,1811.69,2.3e-09,9.7e-09
DATAPATTNS-MAZDOCK,4,"[np.float64(272.25), np.float64(9413.53), np.float64(421.85), np.float64(1339.43)]",9413.53,421.85,18827.07,843.71,1.2e-09,6.213e-07
TCS-TECHM,4,"[np.float64(204.05), np.float64(804.73), np.float64(1594.96), np.float64(4530.44)]",4530.44,804.73,9060.88,1609.46,8e-10,2.58e-08
HINDALCO-VEDL,4,"[np.float64(1125.45), np.float64(566.49), np.float64(377.3), np.float64(524.33)]",1125.45,566.49,2250.89,1132.99,3.18e-08,1.255e-07
IRCON-JWL,4,"[np.float64(410.38), np.float64(223.45), np.float64(831.14), np.float64(1153.47)]",1153.47,410.38,2306.93,820.76,1.1e-09,9e-09
GODREJPROP-LODHA,4,"[np.float64(352.18), np.float64(389.65), np.float64(1195.86), np.float64(883.32)]",1195.86,389.65,2391.72,779.29,2.63e-08,2.479e-07
BANKBARODA-SBIN,4,"[np.float64(567.3), np.float64(1354.26), np.float64(493.84), np.float64(887.97)]",1354.26,567.3,2708.52,1134.59,6.53e-08,3.721e-07
HINDALCO-TATASTEEL,4,"[np.float64(559.87), np.float64(523.3), np.float64(1881.77), np.float64(1019.77)]",1881.77,559.87,3763.53,1119.74,7.23e-08,8.171e-07
INFY-TECHM,4,"[np.float64(182.49), np.float64(1037.28), np.float64(729.19), np.float64(1362.87)]",1362.87,1037.28,2725.73,2074.57,1.07e-08,1.84e-08
COFORGE-MPHASIS,4,"[np.float64(478.42), np.float64(185.99), np.float64(577.27), np.float64(3022.58)]",3022.58,577.27,6045.16,1154.54,1.6e-09,4.31e-08
ABCAPITAL-LTF,4,"[np.float64(432.96), np.float64(464.92), np.float64(190.25), np.float64(732.24)]",732.24,432.96,1464.49,865.92,8.61e-08,2.462e-07
GRSE-HAL,4,"[np.float64(341.75), np.float64(1033.47), np.float64(448.19), np.float64(1462.4)]",1462.4,448.19,2924.79,896.39,1.081e-07,1.1509e-06
NATIONALUM-NMDC,4,"[np.float64(2556.59), np.float64(1387.28), np.float64(1086.29), np.float64(1586.81)]",2556.59,1387.28,5113.18,2774.55,3.81e-08,1.294e-07
DLF-OBEROIRLTY,4,"[np.float64(2495.68), np.float64(712.72), np.float64(1802.55), np.float64(383.95)]",2495.68,712.72,4991.36,1425.43,1e-08,1.227e-07
JBCHEPHARM-TORNTPHARM,4,"[np.float64(66.94), np.float64(66.12), np.float64(337.63), np.float64(134.6)]",337.63,66.94,675.25,133.87,6.196e-07,1.57631e-05
GODREJPROP-OBEROIRLTY,4,"[np.float64(1798.72), np.float64(873.46), np.float64(1504.41), np.float64(716.15)]",1798.72,873.46,3597.44,1746.92,6.03e-08,2.557e-07
IRFC-RECLTD,4,"[np.float64(1414.33), np.float64(663.45), np.float64(301.26), np.float64(778.78)]",1414.33,663.45,2828.67,1326.9,4.7e-09,2.12e-08
RAILTEL-RVNL,4,"[np.float64(137.66), np.float64(259.12), np.float64(332.25), np.float64(298.47)]",332.25,259.12,664.49,518.25,2.485e-07,4.085e-07
BSE-MCX,4,"[np.float64(777.77), np.float64(1416.31), np.float64(2056.52), np.float64(1491.06)]",2056.52,1491.06,4113.04,2982.13,3.22e-08,6.13e-08
HCLTECH-WIPRO,4,"[np.float64(477.27), np.float64(900.04), np.float64(864.13), np.float64(2331.26)]",2331.26,900.04,4662.52,1800.08,3e-09,2.02e-08
MAZDOCK-RVNL,4,"[np.float64(822.99), np.float64(820.62), np.float64(1326.11), np.float64(462.74)]",1326.11,822.99,2652.22,1645.98,3.17e-08,8.23e-08
INOXWIND-SUZLON,4,"[np.float64(758.67), np.float64(531.98), np.float64(1773.79), np.float64(934.57)]",1773.79,758.67,3547.59,1517.34,3.14e-08,1.716e-07
INOXWIND-IREDA,4,"[np.float64(3999.45), np.float64(1834.28), np.float64(862.46), np.float64(356.08)]",3999.45,1834.28,7998.9,3668.55,6e-10,2.7e-09
HUDCO-IREDA,4,"[np.float64(747.02), np.float64(859.96), np.float64(435.68), np.float64(1699.61)]",1699.61,747.02,3399.21,1494.05,1.28e-08,6.63e-08
PNB-SBIN,4,"[np.float64(773.69), np.float64(1250.91), np.float64(273.08), np.float64(518.2)]",1250.91,518.2,2501.82,1036.4,2.033e-07,1.1846e-06
COFORGE-INFY,4,"[np.float64(2305.12), np.float64(419.33), np.float64(485.62), np.float64(3459.57)]",3459.57,2305.12,6919.15,4610.23,2.9e-09,6.6e-09
TECHM-WIPRO,4,"[np.float64(97.27), np.float64(1320.68), np.float64(1365.68), np.float64(970.66)]",1365.68,1320.68,2731.35,2641.36,3.9e-09,4.2e-09
MPHASIS-PERSISTENT,4,"[np.float64(536.72), np.float64(256.37), np.float64(1383.57), np.float64(972.82)]",1383.57,536.72,2767.15,1073.43,4.9e-08,3.255e-07
IRFC-RAILTEL,4,"[np.float64(274.09), np.float64(226.56), np.float64(166.74), np.float64(613.53)]",613.53,274.09,1227.07,548.18,5e-08,2.507e-07
SAIL-TATASTEEL,4,"[np.float64(708.15), np.float64(205.08), np.float64(385.14), np.float64(5490.64)]",5490.64,708.15,10981.29,1416.29,1.8e-09,1.098e-07
COFORGE-TECHM,4,"[np.float64(1206.96), np.float64(670.07), np.float64(1117.16), np.float64(4486.59)]",4486.59,1117.16,8973.18,2234.32,2.5e-09,4.03e-08
BAJAJFINSV-BAJFINANCE,4,"[np.float64(400.63), np.float64(305.98), np.float64(533.18), np.float64(1034.79)]",1034.79,400.63,2069.58,801.27,2.32e-08,1.545e-07
CDSL-IREDA,4,"[np.float64(859.64), np.float64(876.4), np.float64(289.16), np.float64(2215.64)]",2215.64,876.4,4431.28,1752.79,2.6e-09,1.65e-08
ANGELONE-BSE,4,"[np.float64(2405.11), np.float64(520.61), np.float64(1519.7), np.float64(1187.75)]",2405.11,1519.7,4810.22,3039.4,8.95e-08,2.241e-07
COFORGE-TCS,4,"[np.float64(3334.53), np.float64(354.33), np.float64(1719.71), np.float64(1529.16)]",3334.53,1719.71,6669.06,3439.41,3.4e-09,1.26e-08
BDL-DATAPATTNS,4,"[np.float64(1590.11), np.float64(1123.27), np.float64(672.04), np.float64(1268.21)]",1590.11,1123.27,3180.21,2246.53,4.9e-09,9.8e-09
COCHINSHIP-DATAPATTNS,4,"[np.float64(859.61), np.float64(712.54), np.float64(740.78), np.float64(2320.78)]",2320.78,859.61,4641.56,1719.23,8e-10,5.7e-09
BANKINDIA-SBIN,4,"[np.float64(468.05), np.float64(555.58), np.float64(336.0), np.float64(908.36)]",908.36,468.05,1816.72,936.1,2.784e-07,1.0486e-06
ADANIGREEN-ADANIPORTS,4,"[np.float64(561.07), np.float64(683.99), np.float64(237.08)]",683.99,561.07,1367.98,1122.15,6.44e-08,9.57e-08
INOXWIND-NBCC,4,"[np.float64(2986.72), np.float64(528.81), np.float64(256.33), np.float64(1236.08)]",2986.72,528.81,5973.44,1057.62,8e-10,2.52e-08
HEROMOTOCO-TVSMOTOR,4,"[np.float64(2214.62), np.float64(1014.48), np.float64(1101.98), np.float64(263.84)]",2214.62,1014.48,4429.25,2028.96,2.69e-08,1.283e-07
IREDA-PFC,4,"[np.float64(322.54), np.float64(446.54), np.float64(397.34), np.float64(669.96)]",669.96,446.54,1339.92,893.07,1.627e-07,3.663e-07
JINDALSTEL-JSWSTEEL,4,"[np.float64(825.19), np.float64(172.7), np.float64(458.61), np.float64(801.22)]",825.19,458.61,1650.38,917.22,2.223e-07,7.198e-07
LODHA-PRESTIGE,4,"[np.float64(360.84), np.float64(590.3), np.float64(979.34), np.float64(244.48)]",979.34,360.84,1958.68,721.68,5.04e-08,3.716e-07
JINDALSTEL-NMDC,4,"[np.float64(816.35), np.float64(3162.96), np.float64(789.85), np.float64(884.27)]",3162.96,816.35,6325.92,1632.7,2.72e-08,4.09e-07
IREDA-JIOFIN,4,"[np.float64(1794.49), np.float64(822.27), np.float64(785.34), np.float64(424.02)]",1794.49,822.27,3588.98,1644.55,1.569e-07,7.474e-07
HINDCOPPER-HINDZINC,4,"[np.float64(5236.98), np.float64(1047.5), np.float64(255.3), np.float64(514.56)]",5236.98,1047.5,10473.97,2095.01,6.69e-08,1.6719e-06
IRCON-RITES,4,"[np.float64(210.53), np.float64(143.77), np.float64(247.33), np.float64(173.73)]",247.33,210.53,494.65,421.05,1.7674e-06,2.4393e-06
IRFC-MAZDOCK,4,"[np.float64(3659.55), np.float64(548.69), np.float64(683.13), np.float64(315.88)]",3659.55,548.69,7319.1,1097.39,5e-10,2.43e-08
IRCON-TITAGARH,4,"[np.float64(426.46), np.float64(182.34), np.float64(1081.47), np.float64(2537.89)]",2537.89,1081.47,5075.78,2162.95,2.9e-09,1.57e-08
HINDALCO-HINDZINC,4,"[np.float64(3238.33), np.float64(445.26), np.float64(1387.82), np.float64(666.68)]",3238.33,1387.82,6476.65,2775.65,1.28e-08,6.95e-08
COFORGE-WIPRO,4,"[np.float64(1193.69), np.float64(536.06), np.float64(1297.49), np.float64(3099.59)]",3099.59,1193.69,6199.17,2387.38,5.1e-09,3.41e-08
IRCON-IREDA,4,"[np.float64(420.13), np.float64(300.15), np.float64(1735.3), np.float64(629.37)]",1735.3,420.13,3470.61,840.26,1.4e-09,2.39e-08
IREDA-SUZLON,4,"[np.float64(1792.39), np.float64(603.2), np.float64(443.39), np.float64(881.62)]",1792.39,603.2,3584.77,1206.41,4.79e-08,4.23e-07
ANGELONE-CDSL,4,"[np.float64(248.81), np.float64(439.94), np.float64(5919.13), np.float64(1215.34)]",5919.13,1215.34,11838.25,2430.69,1.4e-09,3.22e-08
NATIONALUM-TATASTEEL,4,"[np.float64(895.46), np.float64(674.65), np.float64(1366.39), np.float64(1554.41)]",1554.41,895.46,3108.81,1790.93,1.577e-07,4.752e-07
CDSL-IRFC,4,"[np.float64(839.35), np.float64(839.24), np.float64(727.63), np.float64(1656.34)]",1656.34,839.35,3312.68,1678.7,1.79e-08,6.97e-08
EICHERMOT-HEROMOTOCO,4,"[np.float64(1248.22), np.float64(6280.79), np.float64(377.59), np.float64(955.73)]",6280.79,1248.22,12561.57,2496.43,1e-09,2.49e-08
HUDCO-NBCC,4,"[np.float64(737.44), np.float64(1303.97), np.float64(219.83), np.float64(1298.3)]",1303.97,737.44,2607.94,1474.88,1.86e-08,5.8e-08
OBEROIRLTY-PRESTIGE,4,"[np.float64(771.57), np.float64(726.29), np.float64(29564.18), np.float64(720.88)]",29564.18,771.57,59128.37,1543.14,0.0,6.46e-08
NTPC-POWERGRID,4,"[np.float64(6376.13), np.float64(335.18), np.float64(159.53), np.float64(272.9)]",6376.13,335.18,12752.25,670.35,6.4e-09,2.314e-06
COFORGE-HCLTECH,4,"[np.float64(999.88), np.float64(263.85), np.float64(315.95), np.float64(2999.32)]",2999.32,999.88,5998.65,1999.77,5.8e-09,5.26e-08
HUDCO-IRFC,4,"[np.float64(717.33), np.float64(823.81), np.float64(285.2), np.float64(1481.86)]",1481.86,717.33,2963.71,1434.66,7e-08,2.986e-07
ADANIGREEN-ADANIPOWER,4,"[np.float64(4606.95), np.float64(937.51), np.float64(2502.45), np.float64(1547.74)]",4606.95,2502.45,9213.9,5004.9,4e-10,1.2e-09
BAJAJ-AUTO-HEROMOTOCO,4,"[np.float64(4200.15), np.float64(1248.37), np.float64(1243.93), np.float64(2362.05)]",4200.15,1248.37,8400.29,2496.75,5e-10,6.2e-09
TATASTEEL-VEDL,4,"[np.float64(1357.76), np.float64(3987.25), np.float64(897.68), np.float64(480.83)]",3987.25,1357.76,7974.49,2715.52,6e-10,4.9e-09
COFORGE-OFSS,4,"[np.float64(539.32), np.float64(571.24), np.float64(352.28), np.float64(3624.45)]",3624.45,539.32,7248.9,1078.63,1.63e-08,7.344e-07
SBIN-UNIONBANK,4,"[np.float64(383.23), np.float64(1130.6), np.float64(690.14), np.float64(5028.15)]",5028.15,1130.6,10056.3,2261.2,7e-10,1.38e-08
MAZDOCK-NBCC,4,"[np.float64(873.82), np.float64(688.68), np.float64(1366.81), np.float64(2500.87)]",2500.87,873.82,5001.74,1747.64,4.3e-09,3.55e-08
COFORGE-LTM,4,"[np.float64(283.34), np.float64(217.09), np.float64(637.19), np.float64(2035.09)]",2035.09,283.34,4070.17,566.68,9.1e-09,4.671e-07
IREDA-MAZDOCK,4,"[np.float64(1463.14), np.float64(601.03), np.float64(684.61), np.float64(371.13)]",1463.14,601.03,2926.29,1202.06,3.33e-08,1.974e-07
INOXWIND-IRFC,4,"[np.float64(3951.76), np.float64(787.57), np.float64(943.12), np.float64(431.71)]",3951.76,787.57,7903.52,1575.14,1.2e-09,3.05e-08
JWL-TITAGARH,4,"[np.float64(360.13), np.float64(179.32), np.float64(667.9), np.float64(334.66)]",667.9,360.13,1335.81,720.25,1.218e-07,4.189e-07
BEML-COCHINSHIP,4,"[np.float64(1655.36), np.float64(368.74), np.float64(179.55), np.float64(479.94)]",1655.36,479.94,3310.72,959.88,6.278e-07,7.4682e-06
PERSISTENT-TECHM,4,"[np.float64(604.21), np.float64(751.34), np.float64(540.12), np.float64(912.06)]",912.06,604.21,1824.12,1208.43,6.54e-08,1.491e-07
BEL-COCHINSHIP,4,"[np.float64(2390.98), np.float64(725.96), np.float64(332.11), np.float64(1835.04)]",2390.98,725.96,4781.96,1451.92,9.98e-08,1.0829e-06
RVNL-TITAGARH,4,"[np.float64(310.66), np.float64(381.47), np.float64(1880.15)]",1880.15,381.47,3760.29,762.94,1.5e-09,3.66e-08
IRFC-PFC,4,"[np.float64(1471.94), np.float64(462.52), np.float64(636.72), np.float64(426.37)]",1471.94,462.52,2943.87,925.04,3.5e-09,3.52e-08
JWL-RVNL,4,"[np.float64(409.97), np.float64(306.59), np.float64(747.77), np.float64(664.42)]",747.77,409.97,1495.54,819.94,1.504e-07,5.005e-07
BEML-MAZDOCK,4,"[np.float64(1992.26), np.float64(245.7), np.float64(1427.5), np.float64(591.07)]",1992.26,1427.5,3984.53,2855.01,1.42e-08,2.77e-08
BDL-RVNL,4,"[np.float64(1578.76), np.float64(274.2), np.float64(1961.78), np.float64(335.98)]",1961.78,1578.76,3923.55,3157.51,2.53e-08,3.91e-08
NMDC-VEDL,4,"[np.float64(857.82), np.float64(1017.55), np.float64(468.48), np.float64(490.57)]",1017.55,857.82,2035.1,1715.65,7e-09,9.8e-09
COCHINSHIP-HAL,4,"[np.float64(1032.54), np.float64(563.51), np.float64(504.23), np.float64(2148.41)]",2148.41,1032.54,4296.82,2065.09,6.2e-09,2.69e-08
BEML-GRSE,4,"[np.float64(1192.74), np.float64(365.58), np.float64(537.36), np.float64(430.82)]",1192.74,537.36,2385.48,1074.72,5.1e-09,2.5e-08
IRFC-SUZLON,4,"[np.float64(8442.75), np.float64(613.91), np.float64(1170.41), np.float64(2105.76)]",8442.75,1170.41,16885.5,2340.83,7e-10,3.68e-08
NBCC-RECLTD,4,"[np.float64(856.88), np.float64(443.69), np.float64(571.18)]",856.88,571.18,1713.76,1142.36,6.26e-08,1.408e-07
CDSL-NBCC,4,"[np.float64(1488.04), np.float64(482.66), np.float64(373.98), np.float64(3181.18)]",3181.18,482.66,6362.35,965.33,1.2e-09,5.2e-08
BAJAJ-AUTO-EICHERMOT,4,"[np.float64(324.11), np.float64(453.7), np.float64(756.23), np.float64(3029.17)]",3029.17,756.23,6058.33,1512.45,6.1e-09,9.77e-08
EICHERMOT-TVSMOTOR,4,"[np.float64(542.19), np.float64(418.41), np.float64(938.07), np.float64(780.31)]",938.07,542.19,1876.14,1084.38,1.107e-07,3.314e-07
MAZDOCK-SUZLON,4,"[np.float64(914.98), np.float64(458.13), np.float64(1195.3), np.float64(2018.43)]",2018.43,914.98,4036.87,1829.95,3.52e-08,1.715e-07
LODHA-OBEROIRLTY,4,"[np.float64(514.49), np.float64(1100.81), np.float64(2651.35), np.float64(909.66)]",2651.35,1100.81,5302.7,2201.62,1.33e-08,7.69e-08
JIOFIN-NBCC,4,"[np.float64(1016.21), np.float64(521.32), np.float64(438.76), np.float64(1791.54)]",1791.54,1016.21,3583.08,2032.41,2.3e-09,7.1e-09
M&M-MARUTI,4,"[np.float64(785.72), np.float64(657.14), np.float64(466.54), np.float64(447.65)]",785.72,657.14,1571.44,1314.29,1.303e-07,1.862e-07
JBMA-OLECTRA,4,"[np.float64(1413.62), np.float64(729.66), np.float64(134.15), np.float64(270.52)]",1413.62,729.66,2827.24,1459.31,1.46e-08,5.48e-08
ADANIENT-AMBUJACEM,4,"[np.float64(596.16), np.float64(1744.14), np.float64(2648.93), np.float64(782.04)]",2648.93,1744.14,5297.86,3488.28,1.89e-08,4.35e-08
OFSS-PERSISTENT,4,"[np.float64(1361.41), np.float64(1090.12), np.float64(407.83), np.float64(1046.27)]",1361.41,1090.12,2722.82,2180.24,1.5e-08,2.34e-08
PREMIERENE-WAAREEENER,4,"[np.float64(793.94), np.float64(449.98), np.float64(415.1), np.float64(277.5)]",793.94,449.98,1587.89,899.95,1.93e-08,6e-08
NBCC-SUZLON,4,"[np.float64(1526.05), np.float64(303.97), np.float64(1464.14), np.float64(622.79)]",1526.05,1464.14,3052.1,2928.29,4.21e-08,4.57e-08
MPHASIS-TECHM,4,"[np.float64(551.93), np.float64(605.6), np.float64(1899.3), np.float64(774.7)]",1899.3,605.6,3798.6,1211.19,1.23e-08,1.206e-07
MAZDOCK-SOLARINDS,4,"[np.float64(638.22), np.float64(1001.3), np.float64(1081.9), np.float64(460.81)]",1081.9,638.22,2163.81,1276.45,2.99e-08,8.59e-08
IRFC-JIOFIN,4,"[np.float64(5571.56), np.float64(1080.06), np.float64(516.25), np.float64(877.15)]",5571.56,1080.06,11143.11,2160.13,2.2e-09,5.98e-08
HINDCOPPER-NATIONALUM,4,"[np.float64(1033.14), np.float64(1092.15), np.float64(1958.15), np.float64(467.02)]",1958.15,1033.14,3916.3,2066.29,6.4e-08,2.298e-07
CDSL-JIOFIN,4,"[np.float64(672.05), np.float64(252.65), np.float64(1273.59), np.float64(3334.64)]",3334.64,1273.59,6669.27,2547.19,1.2e-08,8.21e-08
IDEA-INDUSTOWER,4,"[np.float64(848.91), np.float64(722.86), np.float64(223.52), np.float64(1072.31)]",1072.31,848.91,2144.62,1697.82,1.503e-07,2.398e-07
CANBK-RECLTD,4,"[np.float64(674.77), np.float64(1662.59), np.float64(1876.62), np.float64(462.05)]",1876.62,674.77,3753.24,1349.54,1.43e-08,1.107e-07
BDL-NBCC,4,"[np.float64(3173.18), np.float64(4861.62), np.float64(1525.16), np.float64(1250.09)]",4861.62,3173.18,9723.24,6346.36,2.2e-09,5.1e-09
BEL-DATAPATTNS,4,"[np.float64(1755.93), np.float64(463.91), np.float64(686.74), np.float64(895.41)]",1755.93,686.74,3511.86,1373.48,2.2e-09,1.47e-08
HINDZINC-NMDC,4,"[np.float64(1114.62), np.float64(1498.28), np.float64(3436.9), np.float64(1184.62)]",3436.9,1498.28,6873.8,2996.57,5.6e-09,2.96e-08
MPHASIS-OFSS,4,"[np.float64(338.77), np.float64(381.88), np.float64(583.45), np.float64(852.45)]",852.45,381.88,1704.91,763.75,3.443e-07,1.7158e-06
INFY-PERSISTENT,4,"[np.float64(765.89), np.float64(810.26), np.float64(590.13), np.float64(978.65)]",978.65,765.89,1957.29,1531.79,1.436e-07,2.344e-07
INOXWIND-RVNL,4,"[np.float64(5175.36), np.float64(2681.37), np.float64(1002.75), np.float64(646.05)]",5175.36,2681.37,10350.72,5362.74,7e-10,2.5e-09
JIOFIN-RECLTD,4,"[np.float64(1491.57), np.float64(1553.94), np.float64(551.62), np.float64(1469.64)]",1553.94,1491.57,3107.89,2983.14,3.2e-09,3.4e-09
KPITTECH-TATAELXSI,4,"[np.float64(1281.91), np.float64(963.96), np.float64(410.39), np.float64(719.2)]",1281.91,963.96,2563.82,1927.93,1.57e-08,2.78e-08
JWL-RAILTEL,4,"[np.float64(207.74), np.float64(259.97), np.float64(643.14), np.float64(291.06)]",643.14,259.97,1286.28,519.93,6.229e-07,3.812e-06
PERSISTENT-TCS,4,"[np.float64(514.83), np.float64(1185.21), np.float64(2772.69), np.float64(2111.68)]",2772.69,1185.21,5545.38,2370.43,5.8e-09,3.16e-08
RECLTD-RVNL,4,"[np.float64(2355.46), np.float64(641.06), np.float64(1098.99), np.float64(1033.46)]",2355.46,1098.99,4710.93,2197.97,2.2e-09,1.02e-08
NMDC-SAIL,4,"[np.float64(987.02), np.float64(954.97), np.float64(429.6), np.float64(426.18)]",987.02,954.97,1974.04,1909.94,3.16e-08,3.38e-08
HINDALCO-NMDC,4,"[np.float64(1082.85), np.float64(680.09), np.float64(780.93), np.float64(786.53)]",1082.85,780.93,2165.7,1561.86,1.474e-07,2.834e-07
KEI-POLYCAB,4,"[np.float64(219.78), np.float64(174.27), np.float64(180.16), np.float64(354.96)]",354.96,219.78,709.93,439.56,1.515e-07,3.952e-07
ADANIGREEN-TATAPOWER,4,"[np.float64(507.05), np.float64(736.23), np.float64(15152.09), np.float64(1648.2)]",15152.09,736.23,30304.19,1472.45,1e-10,3.25e-08
HCLTECH-PERSISTENT,4,"[np.float64(461.11), np.float64(575.56), np.float64(303.4), np.float64(1858.15)]",1858.15,461.11,3716.31,922.22,4.1e-08,6.663e-07
BAJAJ-AUTO-TVSMOTOR,4,"[np.float64(439.62), np.float64(211.43), np.float64(248.83), np.float64(1931.97)]",1931.97,439.62,3863.94,879.25,9.9e-09,1.905e-07
COFORGE-TATAELXSI,4,"[np.float64(1976.32), np.float64(264.16), np.float64(1478.64), np.float64(3765.15)]",3765.15,1976.32,7530.31,3952.64,1e-08,3.65e-08
BDL-BEML,4,"[np.float64(1416.15), np.float64(3138.28), np.float64(1005.98), np.float64(1113.76)]",3138.28,1416.15,6276.55,2832.3,2.2e-09,1.07e-08
IRFC-TITAGARH,4,"[np.float64(827.9), np.float64(272.85), np.float64(581.85), np.float64(2419.08)]",2419.08,827.9,4838.16,1655.8,8e-10,6.7e-09
INOXWIND-MAZDOCK,4,"[np.float64(51969.7), np.float64(1080.2), np.float64(1207.92), np.float64(504.79)]",51969.7,1080.2,103939.4,2160.39,0.0,2.19e-08
OIL-ONGC,4,"[np.float64(3344.4), np.float64(1624.48), np.float64(305.08), np.float64(453.53)]",3344.4,1624.48,6688.81,3248.96,7.5e-09,3.19e-08
HUDCO-RECLTD,4,"[np.float64(773.22), np.float64(1324.57), np.float64(383.58), np.float64(1330.46)]",1330.46,773.22,2660.93,1546.44,1.03e-07,3.05e-07
IRCON-NBCC,4,"[np.float64(1799.14), np.float64(478.59), np.float64(770.7), np.float64(2111.92)]",2111.92,1799.14,4223.83,3598.29,1.8e-09,2.5e-09
DLF-NBCC,4,"[np.float64(1758.37), np.float64(560.57), np.float64(619.27), np.float64(727.99)]",1758.37,619.27,3516.74,1238.55,1.11e-08,8.99e-08
IRFC-JWL,4,"[np.float64(527.36), np.float64(232.64), np.float64(616.84), np.float64(795.94)]",795.94,527.36,1591.88,1054.72,2.4e-09,5.5e-09
CDSL-MCX,4,"[np.float64(512.06), np.float64(842.25), np.float64(718.45), np.float64(509.63)]",842.25,512.06,1684.5,1024.12,4.356e-07,1.1786e-06
M&M-TVSMOTOR,4,"[np.float64(385.3), np.float64(1181.73), np.float64(312.57), np.float64(620.18)]",1181.73,385.3,2363.46,770.61,7.98e-08,7.504e-07
BDL-IREDA,4,"[np.float64(748.64), np.float64(722.41), np.float64(1852.25), np.float64(569.35)]",1852.25,748.64,3704.5,1497.28,1.28e-08,7.83e-08
PERSISTENT-WIPRO,4,"[np.float64(601.37), np.float64(773.46), np.float64(2299.15), np.float64(1497.66)]",2299.15,773.46,4598.29,1546.92,8.5e-09,7.47e-08
EICHERMOT-MARUTI,4,"[np.float64(958.15), np.float64(9522.45), np.float64(502.5), np.float64(428.53)]",9522.45,958.15,19044.91,1916.3,9e-10,8.9e-08
MPHASIS-TCS,4,"[np.float64(582.92), np.float64(372.27), np.float64(759.23), np.float64(819.56)]",819.56,582.92,1639.13,1165.85,2.96e-08,5.85e-08
ACC-AMBUJACEM,4,"[np.float64(912.87), np.float64(92.66), np.float64(182.91), np.float64(112.72)]",912.87,182.91,1825.73,365.81,8.58e-08,2.1372e-06
DATAPATTNS-HAL,4,"[np.float64(647.3), np.float64(1301.05), np.float64(510.33), np.float64(1182.43)]",1301.05,647.3,2602.1,1294.6,1.201e-07,4.853e-07
COFORGE-KPITTECH,4,"[np.float64(1290.03), np.float64(1051.72), np.float64(1431.54), np.float64(3647.45)]",3647.45,1431.54,7294.91,2863.08,1.23e-08,8.02e-08
LTM-PERSISTENT,4,"[np.float64(748.89), np.float64(432.84), np.float64(655.79), np.float64(7876.29)]",7876.29,748.89,15752.58,1497.77,1.4e-09,1.541e-07
IRCTC-IRFC,4,"[np.float64(509.97), np.float64(590.92), np.float64(454.6)]",590.92,509.97,1181.83,1019.93,2.38e-08,3.2e-08
RECLTD-TATAPOWER,4,"[np.float64(7801.35), np.float64(518.02), np.float64(1054.91), np.float64(1821.98)]",7801.35,1054.91,15602.71,2109.82,3e-10,1.86e-08
DLF-PHOENIXLTD,4,"[np.float64(1857.15), np.float64(1024.53), np.float64(1543.34), np.float64(127.88)]",1857.15,1024.53,3714.31,2049.06,1.523e-07,5.004e-07
RVNL-SUZLON,4,"[np.float64(4585.68), np.float64(684.34), np.float64(2486.05)]",4585.68,2486.05,9171.37,4972.1,2.5e-09,8.5e-09
EICHERMOT-M&M,4,"[np.float64(970.94), np.float64(8766.47), np.float64(453.01), np.float64(942.06)]",8766.47,942.06,17532.94,1884.12,7e-10,6.36e-08
DLF-IREDA,4,"[np.float64(4051.69), np.float64(1121.13), np.float64(1781.41), np.float64(493.89)]",4051.69,1121.13,8103.38,2242.27,1.6e-09,2.11e-08
ADANIENSOL-ADANIPOWER,4,"[np.float64(814.74), np.float64(920.74), np.float64(2215.25), np.float64(419.99)]",2215.25,814.74,4430.5,1629.49,4.4e-09,3.29e-08
COCHINSHIP-RVNL,4,"[np.float64(755.08), np.float64(537.22), np.float64(948.73), np.float64(1726.86)]",1726.86,755.08,3453.71,1510.17,8.7e-09,4.56e-08
GODREJPROP-PHOENIXLTD,4,"[np.float64(3705.33), np.float64(1778.6), np.float64(564.17), np.float64(428.46)]",3705.33,1778.6,7410.66,3557.2,1.086e-07,4.714e-07
MOTHERSON-TMPV,4,"[np.float64(483.97), np.float64(433.64), np.float64(263.41), np.float64(638.35)]",638.35,483.97,1276.71,967.93,4.75e-08,8.27e-08
ADANIENSOL-ADANIPORTS,4,"[np.float64(3001.87), np.float64(213.82), np.float64(1307.67)]",3001.87,1307.67,6003.74,2615.35,7.7e-09,4.08e-08
BDL-SOLARINDS,4,"[np.float64(712.04), np.float64(1494.6), np.float64(470.1), np.float64(414.18)]",1494.6,470.1,2989.2,940.19,2.54e-08,2.569e-07
IREDA-RAILTEL,4,"[np.float64(428.54), np.float64(343.01), np.float64(622.25), np.float64(1098.53)]",1098.53,428.54,2197.07,857.08,1.562e-07,1.0264e-06
OFSS-TATAELXSI,4,"[np.float64(732.01), np.float64(611.2), np.float64(1057.44), np.float64(852.91)]",1057.44,732.01,2114.89,1464.02,1.9e-08,3.96e-08
BEL-RVNL,4,"[np.float64(1437.79), np.float64(553.68), np.float64(1060.9), np.float64(776.7)]",1437.79,1060.9,2875.58,2121.79,2.47e-08,4.54e-08
JIOFIN-RVNL,4,"[np.float64(1329.77), np.float64(1569.34), np.float64(522.01), np.float64(1456.15)]",1569.34,1329.77,3138.69,2659.54,5.5e-09,7.6e-09
JSWSTEEL-NMDC,4,"[np.float64(1663.65), np.float64(980.48), np.float64(1553.27), np.float64(386.65)]",1663.65,980.48,3327.31,1960.95,2.98e-08,8.59e-08
NHPC-TATAPOWER,4,"[np.float64(3338.68), np.float64(738.84), np.float64(294.98), np.float64(281.86)]",3338.68,738.84,6677.35,1477.67,1e-09,1.96e-08
HAL-RVNL,4,"[np.float64(938.33), np.float64(570.38), np.float64(3084.19), np.float64(1728.09)]",3084.19,938.33,6168.38,1876.65,3.8e-09,4.11e-08
LTM-MPHASIS,4,"[np.float64(201.4), np.float64(206.18), np.float64(211.95), np.float64(1490.31)]",1490.31,206.18,2980.62,412.37,6.3e-09,3.311e-07
HINDALCO-JSWSTEEL,4,"[np.float64(2213.31), np.float64(564.17), np.float64(1576.89), np.float64(534.93)]",2213.31,564.17,4426.61,1128.33,2.11e-08,3.243e-07
LTM-TECHM,4,"[np.float64(508.4), np.float64(699.79), np.float64(734.59), np.float64(3761.13)]",3761.13,699.79,7522.25,1399.58,1.2e-09,3.4e-08
GRSE-ZENTEC,4,"[np.float64(846.15), np.float64(303.02), np.float64(930.94), np.float64(1382.03)]",1382.03,846.15,2764.06,1692.29,7.558e-07,2.0163e-06
IREDA-TATAPOWER,4,"[np.float64(1690.75), np.float64(597.29), np.float64(705.39), np.float64(349.17)]",1690.75,705.39,3381.51,1410.78,6.52e-08,3.745e-07
INFY-MPHASIS,4,"[np.float64(841.17), np.float64(277.63), np.float64(317.65), np.float64(383.28)]",841.17,317.65,1682.34,635.3,3.25e-08,2.281e-07
MPHASIS-WIPRO,4,"[np.float64(545.1), np.float64(479.9), np.float64(480.64), np.float64(746.48)]",746.48,545.1,1492.97,1090.19,6.06e-08,1.136e-07
HDFCLIFE-SBILIFE,4,"[np.float64(631.95), np.float64(626.51), np.float64(1019.96), np.float64(460.89)]",1019.96,631.95,2039.91,1263.9,3.47e-08,9.05e-08
CANBK-PFC,4,"[np.float64(778.46), np.float64(918.77), np.float64(2676.75), np.float64(568.71)]",2676.75,778.46,5353.49,1556.92,2.9e-09,3.39e-08
HEROMOTOCO-M&M,4,"[np.float64(2188.72), np.float64(425.39), np.float64(528.91), np.float64(325.42)]",2188.72,425.39,4377.43,850.78,4.47e-08,1.1844e-06
CAMS-CDSL,4,"[np.float64(352.55), np.float64(366.97), np.float64(424.14), np.float64(751.49)]",751.49,366.97,1502.97,733.94,1.748e-07,7.331e-07
RITES-RVNL,4,"[np.float64(167.84), np.float64(306.73), np.float64(524.97), np.float64(188.45)]",524.97,306.73,1049.95,613.47,1.369e-07,4.011e-07
KAYNES-PGEL,4,"[np.float64(1241.95), np.float64(309.4), np.float64(1008.49), np.float64(852.92)]",1241.95,1008.49,2483.91,2016.99,1.197e-07,1.816e-07
CDSL-RECLTD,4,"[np.float64(869.29), np.float64(822.12), np.float64(503.33), np.float64(811.45)]",869.29,822.12,1738.59,1644.25,7.11e-08,7.95e-08
BANKINDIA-CENTRALBK,4,"[np.float64(373.6), np.float64(744.5), np.float64(746.87), np.float64(1199.0)]",1199.0,744.5,2398.01,1489.0,1.72e-08,4.45e-08
BAJAJ-AUTO-M&M,4,"[np.float64(1073.57), np.float64(1178.21), np.float64(303.88), np.float64(3849.78)]",3849.78,1073.57,7699.56,2147.13,2.4e-09,3.03e-08
PERSISTENT-TATAELXSI,4,"[np.float64(483.17), np.float64(432.32), np.float64(2642.42), np.float64(484.32)]",2642.42,483.17,5284.85,966.33,8.7e-09,2.601e-07
JSWENERGY-TATAPOWER,4,"[np.float64(2844.96), np.float64(881.57), np.float64(245.0), np.float64(568.3)]",2844.96,881.57,5689.93,1763.13,4.69e-08,4.88e-07
INDIANB-SBIN,4,"[np.float64(978.74), np.float64(939.71), np.float64(2104.1), np.float64(923.16)]",2104.1,978.74,4208.2,1957.48,1.429e-07,6.604e-07
CDSL-MAZDOCK,4,"[np.float64(2263.3), np.float64(819.96), np.float64(839.06), np.float64(1413.52)]",2263.3,839.06,4526.59,1678.11,6.9e-09,5.05e-08
GAIL-IOC,4,"[np.float64(492.08), np.float64(421.93), np.float64(2357.53), np.float64(1042.56)]",2357.53,1042.56,4715.06,2085.12,2.712e-07,1.387e-06
BDL-IRFC,4,"[np.float64(1102.69), np.float64(424.26), np.float64(599.77), np.float64(189.8)]",1102.69,424.26,2205.38,848.52,6.46e-08,4.366e-07
BANKINDIA-RECLTD,4,"[np.float64(493.35), np.float64(606.81), np.float64(4754.02), np.float64(585.18)]",4754.02,606.81,9508.05,1213.63,2.8e-09,1.741e-07
BHEL-MAZDOCK,4,"[np.float64(1786.6), np.float64(636.87), np.float64(2713.98), np.float64(1201.52)]",2713.98,1786.6,5427.97,3573.2,7.4e-09,1.71e-08
HINDZINC-TATASTEEL,4,"[np.float64(1799.31), np.float64(712.2), np.float64(2940.13), np.float64(1255.21)]",2940.13,1799.31,5880.27,3598.63,2.26e-08,6.03e-08
CENTRALBK-MAHABANK,4,"[np.float64(454.04), np.float64(251.24), np.float64(1058.56)]",1058.56,454.04,2117.12,908.07,1.64e-07,8.914e-07
GODREJPROP-NBCC,4,"[np.float64(2367.91), np.float64(4280.82), np.float64(354.21), np.float64(1089.17)]",4280.82,2367.91,8561.64,4735.83,2.7e-09,8.8e-09
PFC-TATAPOWER,4,"[np.float64(15670.41), np.float64(737.89), np.float64(663.28), np.float64(664.5)]",15670.41,737.89,31340.82,1475.79,2e-10,7.2e-08
M&M-TMPV,4,"[np.float64(639.15), np.float64(1140.49), np.float64(404.56), np.float64(1090.48)]",1140.49,639.15,2280.99,1278.31,3.83e-08,1.221e-07
HUDCO-RVNL,4,"[np.float64(708.89), np.float64(1110.56), np.float64(1318.35), np.float64(1605.82)]",1605.82,1110.56,3211.64,2221.12,3.41e-08,7.12e-08
CENTRALBK-IOB,4,"[np.float64(935.1), np.float64(94.88), np.float64(579.95), np.float64(540.95)]",935.1,579.95,1870.2,1159.91,1.88e-08,4.89e-08
PNB-RECLTD,4,"[np.float64(403.61), np.float64(1519.39), np.float64(2842.37), np.float64(481.3)]",2842.37,1519.39,5684.74,3038.77,1.36e-08,4.75e-08
BANKINDIA-MAHABANK,4,"[np.float64(407.78), np.float64(391.81), np.float64(2750.1), np.float64(660.61)]",2750.1,407.78,5500.2,815.56,1.95e-08,8.874e-07
ABB-SIEMENS,4,"[np.float64(631.47), np.float64(439.72), np.float64(3210.34), np.float64(678.73)]",3210.34,631.47,6420.69,1262.94,1.7e-09,4.43e-08
IRCON-MAZDOCK,4,"[np.float64(3514.9), np.float64(281.78), np.float64(1281.17), np.float64(440.99)]",3514.9,1281.17,7029.8,2562.35,2.5e-09,1.87e-08
ABCAPITAL-IREDA,4,"[np.float64(629.56), np.float64(540.52), np.float64(637.0), np.float64(683.0)]",683.0,629.56,1366.0,1259.11,3.88e-08,4.57e-08
CDSL-RVNL,4,"[np.float64(1028.23), np.float64(853.11), np.float64(1554.34), np.float64(1910.11)]",1910.11,1028.23,3820.23,2056.46,8.2e-09,2.84e-08
CANBK-IREDA,4,"[np.float64(536.67), np.float64(1337.29), np.float64(2884.11), np.float64(1280.41)]",2884.11,1337.29,5768.23,2674.58,4.4e-09,2.05e-08
HEROMOTOCO-MARUTI,4,"[np.float64(1592.82), np.float64(950.03), np.float64(492.78), np.float64(314.77)]",1592.82,950.03,3185.65,1900.06,1.435e-07,4.034e-07
NBCC-PFC,4,"[np.float64(836.6), np.float64(823.71), np.float64(613.43)]",836.6,823.71,1673.19,1647.41,3.44e-08,3.55e-08
CANBK-CENTRALBK,4,"[np.float64(497.13), np.float64(1135.67), np.float64(337.31), np.float64(2203.24)]",2203.24,497.13,4406.49,994.26,4.8e-09,9.48e-08
HCLTECH-MPHASIS,4,"[np.float64(157.37), np.float64(287.95), np.float64(528.43), np.float64(491.32)]",528.43,287.95,1056.86,575.9,1.194e-07,4.02e-07
CENTRALBK-PNB,4,"[np.float64(171.87), np.float64(313.15), np.float64(293.89), np.float64(69624.87)]",69624.87,313.15,139249.74,626.31,0.0,8.28e-08
BDL-SUZLON,4,"[np.float64(2041.61), np.float64(3602.56), np.float64(2090.53), np.float64(1125.1)]",3602.56,2041.61,7205.13,4083.22,1.33e-08,4.13e-08
JIOFIN-MAZDOCK,4,"[np.float64(1372.13), np.float64(1524.42), np.float64(918.97), np.float64(810.83)]",1524.42,1372.13,3048.84,2744.26,3.2e-09,4e-09
LTM-TCS,4,"[np.float64(707.12), np.float64(570.24), np.float64(309.27), np.float64(388.65)]",707.12,570.24,1414.25,1140.48,2.8e-08,4.3e-08
JINDALSTEL-NATIONALUM,4,"[np.float64(972.88), np.float64(1067.68), np.float64(1134.07), np.float64(592.38)]",1134.07,972.88,2268.13,1945.76,8.7e-08,1.182e-07
LTM-WIPRO,4,"[np.float64(503.29), np.float64(445.51), np.float64(285.01), np.float64(9628.99)]",9628.99,503.29,19257.99,1006.57,2e-10,5.83e-08
BANKINDIA-IREDA,4,"[np.float64(672.2), np.float64(531.32), np.float64(7891.2), np.float64(1120.41)]",7891.2,1120.41,15782.39,2240.82,6e-10,3.15e-08
HDFCBANK-ICICIBANK,4,"[np.float64(654.04), np.float64(447.45), np.float64(1293.92), np.float64(307.25)]",1293.92,654.04,2587.83,1308.08,2.42e-08,9.47e-08
IRFC-RITES,4,"[np.float64(304.85), np.float64(230.5), np.float64(156.79), np.float64(174.39)]",304.85,230.5,609.69,460.99,4.19e-07,7.329e-07
INFY-LTM,4,"[np.float64(706.76), np.float64(566.56), np.float64(441.51), np.float64(1091.3)]",1091.3,706.76,2182.6,1413.52,1.57e-08,3.75e-08
BANKBARODA-RECLTD,4,"[np.float64(362.87), np.float64(1461.4), np.float64(3010.08), np.float64(624.33)]",3010.08,1461.4,6020.17,2922.8,8.3e-09,3.53e-08
BEL-BHEL,4,"[np.float64(2458.84), np.float64(734.75), np.float64(2165.55), np.float64(437.15)]",2458.84,734.75,4917.67,1469.51,5.5e-09,6.21e-08
TATAELXSI-TATATECH,4,"[np.float64(9403.06), np.float64(263.27), np.float64(295.54), np.float64(1909.24)]",9403.06,295.54,18806.12,591.08,9e-10,9.472e-07
NTPC-TATAPOWER,4,"[np.float64(7141.18), np.float64(422.94), np.float64(595.07), np.float64(222.29)]",7141.18,422.94,14282.37,845.88,6e-10,1.792e-07
BANKINDIA-RBLBANK,4,"[np.float64(526.82), np.float64(749.44), np.float64(4653.53), np.float64(453.11)]",4653.53,749.44,9307.06,1498.88,2.97e-08,1.1454e-06
HCLTECH-LTM,4,"[np.float64(299.95), np.float64(432.77), np.float64(561.3), np.float64(689.37)]",689.37,432.77,1378.73,865.54,6.09e-08,1.545e-07
OFSS-TECHM,4,"[np.float64(547.79), np.float64(876.71), np.float64(1020.04), np.float64(1601.5)]",1601.5,876.71,3202.99,1753.42,1.94e-08,6.47e-08
RAILTEL-RITES,4,"[np.float64(96.03), np.float64(122.05), np.float64(113.99), np.float64(241.55)]",241.55,122.05,483.09,244.09,6.43e-07,2.5187e-06
JINDALSTEL-SAIL,4,"[np.float64(766.81), np.float64(425.63), np.float64(651.93), np.float64(502.79)]",766.81,651.93,1533.61,1303.87,3.208e-07,4.438e-07
BEML-DATAPATTNS,4,"[np.float64(2225.66), np.float64(450.11), np.float64(984.42), np.float64(329.26)]",2225.66,450.11,4451.32,900.21,1.4e-09,3.49e-08
DLF-IRFC,4,"[np.float64(2688.53), np.float64(1070.99), np.float64(234.25), np.float64(412.4)]",2688.53,412.4,5377.05,824.8,9e-09,3.817e-07
OFSS-WIPRO,4,"[np.float64(573.49), np.float64(789.55), np.float64(916.5), np.float64(1669.63)]",1669.63,789.55,3339.27,1579.11,1.34e-08,5.99e-08
ADANIGREEN-IREDA,4,"[np.float64(6095.08), np.float64(1459.08), np.float64(837.15), np.float64(2032.34)]",6095.08,1459.08,12190.15,2918.15,1e-10,1.8e-09
IREDA-SJVN,4,"[np.float64(408.04), np.float64(829.4), np.float64(486.39), np.float64(277.41)]",829.4,408.04,1658.79,816.09,1.23e-08,5.07e-08
ETERNAL-SWIGGY,4,"[np.float64(546.74), np.float64(601.17), np.float64(1024.19), np.float64(376.23)]",1024.19,546.74,2048.39,1093.47,8e-08,2.808e-07
DLF-RECLTD,4,"[np.float64(3414.98), np.float64(1069.82), np.float64(903.67), np.float64(511.67)]",3414.98,1069.82,6829.95,2139.64,5.1e-09,5.19e-08
DLF-JIOFIN,4,"[np.float64(198.81), np.float64(746.66), np.float64(876.28), np.float64(466.0)]",876.28,746.66,1752.55,1493.32,1.758e-07,2.421e-07
INOXWIND-JIOFIN,4,"[np.float64(473.04), np.float64(2459.64), np.float64(765.41), np.float64(525.33)]",2459.64,765.41,4919.29,1530.82,3.55e-08,3.662e-07
ADANIENSOL-TATAPOWER,4,"[np.float64(1096.16), np.float64(769.56), np.float64(3037.78), np.float64(1557.84)]",3037.78,1096.16,6075.55,2192.31,6.5e-09,5e-08
INOXWIND-RECLTD,4,"[np.float64(2803.48), np.float64(2227.9), np.float64(903.78), np.float64(763.5)]",2803.48,2227.9,5606.96,4455.8,4.4e-09,7e-09
CENTRALBK-UCOBANK,4,"[np.float64(220.31), np.float64(184.71), np.float64(76.23), np.float64(1472.3)]",1472.3,220.31,2944.61,440.61,1.7e-09,7.79e-08
GAIL-TATAPOWER,4,"[np.float64(249.48), np.float64(363.55), np.float64(1355.38), np.float64(941.31)]",1355.38,363.55,2710.76,727.1,3.68e-08,5.122e-07
MPHASIS-TATAELXSI,4,"[np.float64(503.55), np.float64(415.25), np.float64(448.32), np.float64(528.03)]",528.03,503.55,1056.06,1007.09,5.012e-07,5.511e-07
MAZDOCK-ZENTEC,4,"[np.float64(931.53), np.float64(722.81), np.float64(495.68), np.float64(1371.68)]",1371.68,931.53,2743.36,1863.06,1.42e-07,3.078e-07
IRCTC-IREDA,4,"[np.float64(530.37), np.float64(1371.21), np.float64(1037.81)]",1371.21,1037.81,2742.42,2075.63,2.2e-09,3.8e-09
JIOFIN-SUZLON,4,"[np.float64(455.54), np.float64(1215.77), np.float64(1918.29), np.float64(1107.56)]",1918.29,1107.56,3836.58,2215.12,6.4e-09,1.93e-08
BAJFINANCE-CHOLAFIN,4,"[np.float64(2443.11), np.float64(1246.79), np.float64(515.1), np.float64(386.93)]",2443.11,1246.79,4886.22,2493.57,8.5e-09,3.27e-08
TATAELXSI-WIPRO,4,"[np.float64(6554.22), np.float64(347.72), np.float64(433.89), np.float64(1009.5)]",6554.22,433.89,13108.45,867.78,1.4e-09,3.152e-07
BDL-INOXWIND,4,"[np.float64(1791.16), np.float64(2956.71), np.float64(1848.5), np.float64(382.15)]",2956.71,1791.16,5913.42,3582.32,6.3e-09,1.72e-08
GODREJPROP-IREDA,4,"[np.float64(9085.24), np.float64(2977.23), np.float64(971.19), np.float64(313.24)]",9085.24,2977.23,18170.48,5954.45,5e-10,4.5e-09
AMBER-DIXON,4,"[np.float64(834.47), np.float64(5281.4), np.float64(3054.87), np.float64(1700.52)]",5281.4,3054.87,10562.79,6109.74,4.6e-09,1.38e-08
GRSE-RVNL,4,"[np.float64(608.68), np.float64(1095.37), np.float64(1634.83), np.float64(1013.74)]",1634.83,1013.74,3269.67,2027.49,2.6e-08,6.76e-08
TATAELXSI-TCS,4,"[np.float64(6800.71), np.float64(460.29), np.float64(301.55), np.float64(1738.68)]",6800.71,460.29,13601.42,920.58,1.3e-09,2.939e-07
ADANIENT-ADANIPOWER,4,"[np.float64(660.91), np.float64(289.62), np.float64(2546.37), np.float64(2818.09)]",2818.09,660.91,5636.18,1321.82,4.1e-09,7.54e-08
COCHINSHIP-NBCC,4,"[np.float64(707.93), np.float64(720.0), np.float64(656.74), np.float64(3046.61)]",3046.61,720.0,6093.22,1440.01,1.4e-09,2.5e-08
IREDA-NHPC,4,"[np.float64(388.55), np.float64(365.61), np.float64(689.28), np.float64(456.79)]",689.28,388.55,1378.56,777.1,1.08247e-05,3.4065e-05
HAL-NBCC,4,"[np.float64(1417.28), np.float64(1986.69), np.float64(1292.9), np.float64(1099.17)]",1986.69,1417.28,3973.38,2834.55,4.8e-09,9.4e-09
OFSS-TCS,4,"[np.float64(973.39), np.float64(269.52), np.float64(1156.69), np.float64(1015.26)]",1156.69,973.39,2313.38,1946.78,3.18e-08,4.49e-08
ADANIENT-JIOFIN,4,"[np.float64(415.64), np.float64(1239.73), np.float64(1228.36), np.float64(6674.11)]",6674.11,1239.73,13348.23,2479.46,2.4e-09,7.01e-08
JIOFIN-PFC,4,"[np.float64(1620.02), np.float64(1382.51), np.float64(940.35), np.float64(1220.2)]",1620.02,1382.51,3240.03,2765.02,2.1e-09,2.9e-09
IREDA-TITAGARH,4,"[np.float64(697.83), np.float64(469.84), np.float64(389.17), np.float64(1334.38)]",1334.38,697.83,2668.76,1395.67,2.18e-08,7.98e-08
KPITTECH-MPHASIS,4,"[np.float64(478.12), np.float64(464.16), np.float64(924.65), np.float64(682.02)]",924.65,478.12,1849.3,956.24,7.31e-08,2.734e-07
ABCAPITAL-JIOFIN,4,"[np.float64(675.04), np.float64(396.61), np.float64(705.74), np.float64(664.44)]",705.74,675.04,1411.48,1350.09,2.977e-07,3.254e-07
CANBK-JIOFIN,4,"[np.float64(1220.19), np.float64(1412.0), np.float64(789.56), np.float64(1982.52)]",1982.52,1220.19,3965.04,2440.39,2.16e-08,5.69e-08
KPITTECH-OFSS,4,"[np.float64(337.32), np.float64(898.05), np.float64(1443.77), np.float64(660.62)]",1443.77,898.05,2887.54,1796.1,3.86e-08,9.98e-08
BANKINDIA-PFC,4,"[np.float64(555.96), np.float64(836.73), np.float64(3513.4), np.float64(762.69)]",3513.4,762.69,7026.8,1525.39,2.5e-09,5.24e-08
HINDALCO-JINDALSTEL,4,"[np.float64(1728.38), np.float64(501.38), np.float64(1374.28), np.float64(460.55)]",1728.38,501.38,3456.77,1002.76,9.3e-09,1.101e-07
BAJFINANCE-SHRIRAMFIN,4,"[np.float64(1057.28), np.float64(602.82), np.float64(858.19), np.float64(689.12)]",1057.28,858.19,2114.57,1716.38,4.56e-08,6.92e-08
KPITTECH-PERSISTENT,4,"[np.float64(1142.53), np.float64(741.09), np.float64(1779.02), np.float64(711.47)]",1779.02,1142.53,3558.04,2285.06,3.61e-08,8.75e-08
BHEL-INOXWIND,4,"[np.float64(1436.63), np.float64(655.46), np.float64(3326.41), np.float64(4862.62)]",4862.62,1436.63,9725.25,2873.26,1.2e-09,1.4e-08
POWERGRID-TATAPOWER,4,"[np.float64(214.04), np.float64(797.78), np.float64(274.08), np.float64(705.0)]",797.78,274.08,1595.57,548.16,5.01e-08,4.245e-07
MAHABANK-PNB,4,"[np.float64(732.1), np.float64(737.78), np.float64(1272.59), np.float64(770.61)]",1272.59,737.78,2545.18,1475.56,1.8e-09,5.2e-09
ADANIPORTS-AMBUJACEM,4,"[np.float64(1505.09), np.float64(1983.76), np.float64(481.66), np.float64(421.66)]",1983.76,1505.09,3967.52,3010.18,8.4e-09,1.47e-08
TATAELXSI-TECHM,4,"[np.float64(4198.54), np.float64(565.96), np.float64(872.06), np.float64(1005.04)]",4198.54,872.06,8397.08,1744.11,4.6e-09,1.068e-07
PFC-PNB,4,"[np.float64(548.13), np.float64(3279.33), np.float64(923.0), np.float64(462.92)]",3279.33,923.0,6558.66,1846.0,4e-10,4.9e-09
ADANIGREEN-NHPC,4,"[np.float64(2453.31), np.float64(2604.21), np.float64(11417.96), np.float64(930.17)]",11417.96,2453.31,22835.92,4906.62,4.3e-09,9.4e-08
NBCC-TATAPOWER,4,"[np.float64(2563.33), np.float64(989.14), np.float64(888.22), np.float64(575.98)]",2563.33,989.14,5126.66,1978.28,1.32e-08,8.87e-08
CDSL-DLF,4,"[np.float64(781.95), np.float64(742.47), np.float64(810.69), np.float64(1399.16)]",1399.16,781.95,2798.32,1563.9,6.89e-08,2.206e-07
IREDA-LICHSGFIN,4,"[np.float64(1597.32), np.float64(679.61), np.float64(641.97), np.float64(1212.47)]",1597.32,679.61,3194.63,1359.21,2.06e-08,1.138e-07
BANKBARODA-CENTRALBK,4,"[np.float64(304.85), np.float64(803.82), np.float64(558.25), np.float64(1278.83)]",1278.83,803.82,2557.65,1607.65,1.66e-08,4.19e-08
BHEL-IREDA,4,"[np.float64(843.17), np.float64(696.34), np.float64(911.64), np.float64(2179.05)]",2179.05,843.17,4358.09,1686.34,3.9e-09,2.6e-08
PNB-YESBANK,4,"[np.float64(1133.57), np.float64(1290.46), np.float64(350.84), np.float64(598.02)]",1290.46,598.02,2580.92,1196.05,1.966e-07,9.156e-07
INFY-OFSS,4,"[np.float64(639.24), np.float64(148.27), np.float64(407.99), np.float64(1041.27)]",1041.27,639.24,2082.54,1278.48,2.707e-07,7.183e-07
MAZDOCK-TITAGARH,4,"[np.float64(839.33), np.float64(282.78), np.float64(1060.97), np.float64(2491.49)]",2491.49,839.33,4982.98,1678.65,3.5e-09,3.1e-08
PFC-RVNL,4,"[np.float64(2513.44), np.float64(486.51), np.float64(945.97), np.float64(321.64)]",2513.44,486.51,5026.88,973.02,2e-09,5.42e-08
HUDCO-PFC,4,"[np.float64(876.25), np.float64(651.04), np.float64(688.2), np.float64(1523.3)]",1523.3,876.25,3046.59,1752.5,3.22e-08,9.73e-08
IREDA-PNB,4,"[np.float64(446.77), np.float64(728.0), np.float64(906.96), np.float64(706.19)]",906.96,728.0,1813.92,1456.0,5.54e-08,8.59e-08
ADANIGREEN-JSWENERGY,4,"[np.float64(7486.41), np.float64(926.12), np.float64(3563.55)]",7486.41,3563.55,14972.82,7127.1,1e-10,5e-10
DIXON-KAYNES,4,"[np.float64(1427.22), np.float64(622.02), np.float64(396.35), np.float64(737.46)]",1427.22,622.02,2854.44,1244.03,1.2e-09,6.3e-09
CANBK-MAHABANK,4,"[np.float64(648.21), np.float64(1033.06), np.float64(961.92), np.float64(1637.36)]",1637.36,1033.06,3274.72,2066.12,5.21e-08,1.31e-07
ADANIENT-TATAPOWER,4,"[np.float64(322.54), np.float64(763.9), np.float64(2112.1), np.float64(2689.63)]",2689.63,763.9,5379.25,1527.8,1.35e-08,1.672e-07
GMRAIRPORT-IREDA,4,"[np.float64(689.58), np.float64(1614.27), np.float64(1000.79), np.float64(414.8)]",1614.27,689.58,3228.55,1379.16,4.9e-09,2.69e-08
ADANIENT-IREDA,4,"[np.float64(883.28), np.float64(1160.32), np.float64(1306.52), np.float64(3076.36)]",3076.36,1160.32,6152.73,2320.65,1.8e-09,1.24e-08
BEL-NBCC,4,"[np.float64(2117.55), np.float64(697.86), np.float64(1151.0), np.float64(1622.4)]",2117.55,1151.0,4235.1,2302.01,5.6e-09,1.89e-08
IRFC-TATAPOWER,4,"[np.float64(5945.16), np.float64(663.14), np.float64(765.64), np.float64(466.92)]",5945.16,663.14,11890.33,1326.29,4e-10,3.44e-08
CDSL-INOXWIND,4,"[np.float64(660.14), np.float64(703.73), np.float64(537.89), np.float64(3253.11)]",3253.11,703.73,6506.21,1407.46,1.9e-09,3.97e-08
BHEL-SUZLON,4,"[np.float64(730.07), np.float64(513.26), np.float64(538.52), np.float64(10478.27)]",10478.27,730.07,20956.54,1460.14,8e-10,1.604e-07
RECLTD-SUZLON,4,"[np.float64(5461.16), np.float64(451.07), np.float64(1232.52), np.float64(7531.36)]",7531.36,1232.52,15062.73,2465.05,1e-09,3.69e-08
RAILTEL-TITAGARH,4,"[np.float64(151.03), np.float64(181.05), np.float64(728.07), np.float64(302.3)]",728.07,181.05,1456.15,362.1,2.26e-08,3.653e-07
IREDA-LTF,4,"[np.float64(1037.63), np.float64(789.51), np.float64(465.83), np.float64(796.13)]",1037.63,789.51,2075.27,1579.03,4.466e-07,7.714e-07
MARUTI-TVSMOTOR,4,"[np.float64(761.82), np.float64(1123.76), np.float64(688.34), np.float64(279.09)]",1123.76,761.82,2247.52,1523.63,7.18e-08,1.562e-07
HAL-SOLARINDS,4,"[np.float64(449.76), np.float64(1570.37), np.float64(876.24), np.float64(1432.04)]",1570.37,876.24,3140.73,1752.49,8e-09,2.56e-08
BANKINDIA-YESBANK,4,"[np.float64(821.5), np.float64(604.75), np.float64(819.48), np.float64(599.15)]",821.5,604.75,1642.99,1209.49,2.683e-07,4.952e-07
BHEL-NBCC,4,"[np.float64(771.6), np.float64(421.02), np.float64(6332.14), np.float64(2153.89)]",6332.14,771.6,12664.28,1543.2,4e-10,2.71e-08
CDSL-KFINTECH,4,"[np.float64(1591.63), np.float64(566.46), np.float64(1193.2), np.float64(548.36)]",1591.63,566.46,3183.26,1132.92,2.24e-08,1.768e-07
CANBK-YESBANK,4,"[np.float64(1202.98), np.float64(1422.92), np.float64(311.91), np.float64(711.26)]",1422.92,1202.98,2845.85,2405.96,8.21e-08,1.148e-07
CENTRALBK-UNIONBANK,4,"[np.float64(580.39), np.float64(406.49), np.float64(492.67)]",580.39,492.67,1160.79,985.34,2.5e-08,3.47e-08
BAJAJ-AUTO-MARUTI,4,"[np.float64(1896.89), np.float64(957.55), np.float64(524.63), np.float64(3571.59)]",3571.59,1896.89,7143.18,3793.78,5.6e-09,1.99e-08
MAHABANK-UNIONBANK,4,"[np.float64(901.25), np.float64(265.55), np.float64(383.96), np.float64(678.63)]",901.25,383.96,1802.5,767.91,6.7e-09,3.69e-08
IOC-PETRONET,4,"[np.float64(811.16), np.float64(586.15), np.float64(1335.83), np.float64(562.17)]",1335.83,811.16,2671.66,1622.32,6.7e-09,1.81e-08
COCHINSHIP-IREDA,4,"[np.float64(931.46), np.float64(666.89), np.float64(1410.04), np.float64(1462.13)]",1462.13,931.46,2924.26,1862.92,4.3e-09,1.05e-08
CANBK-RBLBANK,4,"[np.float64(480.58), np.float64(1272.82), np.float64(2295.46), np.float64(888.12)]",2295.46,1272.82,4590.92,2545.63,1.242e-07,4.041e-07
BDL-CDSL,4,"[np.float64(1580.13), np.float64(5307.49), np.float64(1337.54), np.float64(855.41)]",5307.49,1580.13,10614.99,3160.26,4.7e-09,5.31e-08
NBCC-RAILTEL,4,"[np.float64(1006.49), np.float64(469.19), np.float64(220.81), np.float64(643.7)]",1006.49,469.19,2012.97,938.37,7.3e-08,3.361e-07
LAURUSLABS-ZYDUSLIFE,4,"[np.float64(1969.17), np.float64(1217.85), np.float64(1778.19), np.float64(1143.45)]",1969.17,1217.85,3938.34,2435.71,4.42e-08,1.156e-07
JIOFIN-TATAPOWER,4,"[np.float64(277.87), np.float64(1655.89), np.float64(866.01), np.float64(499.99)]",1655.89,866.01,3311.79,1732.03,8.3e-09,3.05e-08
ABCAPITAL-BANKINDIA,4,"[np.float64(541.5), np.float64(562.59), np.float64(2580.23), np.float64(413.36)]",2580.23,541.5,5160.47,1082.99,3.3e-09,7.54e-08
DLF-RVNL,4,"[np.float64(2674.09), np.float64(896.49), np.float64(624.39), np.float64(601.4)]",2674.09,896.49,5348.17,1792.97,9.5e-09,8.48e-08
RECLTD-UNIONBANK,4,"[np.float64(1509.9), np.float64(495.19), np.float64(983.45), np.float64(1129.76)]",1509.9,983.45,3019.79,1966.91,2.8e-09,6.6e-09
CGPOWER-NBCC,4,"[np.float64(4013.24), np.float64(532.05), np.float64(693.94)]",4013.24,693.94,8026.47,1387.88,5e-10,1.61e-08
LTM-OFSS,4,"[np.float64(264.9), np.float64(740.71), np.float64(521.29), np.float64(1005.62)]",1005.62,521.29,2011.24,1042.58,1.941e-07,7.224e-07
LUPIN-ZYDUSLIFE,4,"[np.float64(669.48), np.float64(384.42), np.float64(207.7), np.float64(588.67)]",669.48,384.42,1338.96,768.84,2.348e-07,7.12e-07
IREDA-JWL,4,"[np.float64(504.81), np.float64(390.43), np.float64(838.59), np.float64(687.27)]",838.59,504.81,1677.18,1009.61,9.5e-09,2.61e-08
ADANIGREEN-ATGL,4,"[np.float64(1130.77), np.float64(4779.62), np.float64(9229.4), np.float64(2439.19)]",9229.4,4779.62,18458.8,9559.25,1e-10,5e-10
HCLTECH-OFSS,4,"[np.float64(420.82), np.float64(239.01), np.float64(353.77), np.float64(1005.38)]",1005.38,420.82,2010.75,841.64,2.818e-07,1.6086e-06
BDL-BHEL,4,"[np.float64(2906.85), np.float64(2061.74), np.float64(2124.46), np.float64(892.54)]",2906.85,2061.74,5813.69,4123.49,6.5e-09,1.3e-08
ABCAPITAL-CANBK,4,"[np.float64(675.43), np.float64(399.23), np.float64(911.83), np.float64(513.27)]",911.83,513.27,1823.66,1026.54,2.78e-08,8.78e-08
IRFC-NHPC,4,"[np.float64(1465.72), np.float64(413.32), np.float64(755.63), np.float64(546.94)]",1465.72,755.63,2931.43,1511.25,5.51e-07,2.0731e-06
BSE-IREDA,4,"[np.float64(784.3), np.float64(959.82), np.float64(3140.52), np.float64(1693.0)]",3140.52,959.82,6281.03,1919.64,3.7e-09,3.95e-08
ABCAPITAL-RECLTD,4,"[np.float64(546.81), np.float64(600.63), np.float64(401.51), np.float64(474.55)]",600.63,546.81,1201.26,1093.62,1.891e-07,2.281e-07
JINDALSTEL-VEDL,4,"[np.float64(1121.59), np.float64(3464.02), np.float64(505.93), np.float64(423.07)]",3464.02,505.93,6928.05,1011.85,5e-09,2.323e-07
PHOENIXLTD-PRESTIGE,4,"[np.float64(1155.69), np.float64(884.91), np.float64(1805.88), np.float64(257.15)]",1805.88,1155.69,3611.76,2311.37,2.8e-09,6.9e-09
COCHINSHIP-IRCON,4,"[np.float64(824.42), np.float64(524.2), np.float64(241.77), np.float64(914.03)]",914.03,824.42,1828.07,1648.83,1.41e-08,1.73e-08
CANBK-NBCC,4,"[np.float64(731.44), np.float64(1178.78), np.float64(1102.73), np.float64(2246.19)]",2246.19,1178.78,4492.37,2357.56,7.4e-09,2.7e-08
BANKINDIA-NBCC,4,"[np.float64(1572.38), np.float64(609.55), np.float64(4462.89), np.float64(1091.39)]",4462.89,1572.38,8925.77,3144.77,2.2e-09,1.76e-08
CDSL-PFC,4,"[np.float64(844.82), np.float64(737.11), np.float64(562.54), np.float64(803.43)]",844.82,737.11,1689.64,1474.22,3.04e-08,4e-08
IRFC-SJVN,4,"[np.float64(2031.92), np.float64(1088.33), np.float64(153.55), np.float64(268.04)]",2031.92,268.04,4063.85,536.09,5e-10,2.99e-08
LICHSGFIN-RECLTD,4,"[np.float64(1020.95), np.float64(625.67), np.float64(1219.31), np.float64(1082.41)]",1219.31,1020.95,2438.62,2041.9,1.89e-08,2.69e-08
BANKINDIA-IRFC,4,"[np.float64(1016.99), np.float64(493.53), np.float64(2229.44), np.float64(1082.97)]",2229.44,1082.97,4458.88,2165.95,2.04e-08,8.63e-08
CDSL-HUDCO,4,"[np.float64(1699.62), np.float64(584.05), np.float64(231.94), np.float64(2543.84)]",2543.84,1699.62,5087.68,3399.25,3e-10,6e-10
BEL-IRFC,4,"[np.float64(1033.58), np.float64(544.87), np.float64(507.79), np.float64(837.33)]",1033.58,837.33,2067.17,1674.66,3.19e-08,4.86e-08
INOXWIND-IRCON,4,"[np.float64(4866.21), np.float64(440.56), np.float64(867.43), np.float64(207.88)]",4866.21,440.56,9732.42,881.11,3e-10,4.05e-08
MANAPPURAM-MUTHOOTFIN,4,"[np.float64(1046.31), np.float64(980.25), np.float64(752.68), np.float64(545.16)]",1046.31,980.25,2092.62,1960.5,8.69e-08,9.9e-08
ADANIGREEN-AMBUJACEM,4,"[np.float64(2619.94), np.float64(2855.16), np.float64(512.72)]",2855.16,2619.94,5710.32,5239.87,3.5e-09,4.2e-09
BANDHANBNK-BANKINDIA,4,"[np.float64(1297.83), np.float64(1515.68), np.float64(2084.76), np.float64(390.32)]",2084.76,1297.83,4169.53,2595.67,2.61e-08,6.74e-08
BAJFINANCE-JIOFIN,4,"[np.float64(1236.06), np.float64(3103.43), np.float64(1325.31), np.float64(504.79)]",3103.43,1236.06,6206.86,2472.12,2.16e-08,1.36e-07
MARUTI-TMPV,4,"[np.float64(703.1), np.float64(1035.21), np.float64(392.57), np.float64(485.29)]",1035.21,703.1,2070.43,1406.21,3.22e-08,6.99e-08
COFORGE-TATATECH,4,"[np.float64(3768.4), np.float64(238.35), np.float64(1862.42), np.float64(899.9)]",3768.4,1862.42,7536.81,3724.83,1.09e-08,4.47e-08
BANKINDIA-JIOFIN,4,"[np.float64(1705.58), np.float64(936.15), np.float64(1249.0), np.float64(1153.34)]",1705.58,1249.0,3411.17,2498.01,3.01e-08,5.61e-08
JIOFIN-PNB,4,"[np.float64(1780.64), np.float64(1518.32), np.float64(642.52), np.float64(1209.98)]",1780.64,1518.32,3561.28,3036.65,6e-10,8e-10
CGPOWER-HAL,4,"[np.float64(1922.66), np.float64(597.94), np.float64(268.76), np.float64(1402.64)]",1922.66,597.94,3845.32,1195.89,5.2e-09,5.36e-08
ADANIPORTS-JIOFIN,4,"[np.float64(573.26), np.float64(4016.11), np.float64(1009.11), np.float64(1534.73)]",4016.11,1009.11,8032.23,2018.21,1.3e-09,2.03e-08
LTF-SHRIRAMFIN,4,"[np.float64(1028.47), np.float64(338.62), np.float64(425.8), np.float64(659.37)]",1028.47,425.8,2056.93,851.59,4.12e-08,2.403e-07
ANGELONE-IREDA,4,"[np.float64(915.92), np.float64(726.89), np.float64(2274.04), np.float64(1796.54)]",2274.04,915.92,4548.09,1831.83,6.4e-09,3.95e-08
CONCOR-IREDA,4,"[np.float64(282.27), np.float64(705.84), np.float64(957.61), np.float64(1109.67)]",1109.67,705.84,2219.35,1411.69,1.05e-08,2.61e-08
PNB-RBLBANK,4,"[np.float64(560.04), np.float64(964.77), np.float64(3637.77), np.float64(962.65)]",3637.77,964.77,7275.54,1929.54,6.66e-08,9.463e-07
MAZDOCK-RECLTD,4,"[np.float64(822.48), np.float64(764.03), np.float64(1096.77), np.float64(618.57)]",1096.77,822.48,2193.53,1644.96,3.84e-08,6.83e-08
CGPOWER-RVNL,4,"[np.float64(408.81), np.float64(770.66), np.float64(918.91)]",918.91,770.66,1837.82,1541.33,2.08e-08,2.96e-08
LTM-TATAELXSI,4,"[np.float64(327.19), np.float64(359.87), np.float64(156.86), np.float64(3188.5)]",3188.5,327.19,6377.01,654.37,1.1e-08,1.0428e-06
COCHINSHIP-ZENTEC,4,"[np.float64(665.97), np.float64(438.44), np.float64(1194.12), np.float64(2324.63)]",2324.63,665.97,4649.25,1331.95,1.35e-08,1.642e-07
BHARATFORG-MOTHERSON,4,"[np.float64(1101.24), np.float64(582.0), np.float64(326.18), np.float64(500.08)]",1101.24,582.0,2202.47,1164.01,5.51e-08,1.972e-07
GLENMARK-LAURUSLABS,4,"[np.float64(303.46), np.float64(345.3), np.float64(632.61), np.float64(825.48)]",825.48,345.3,1650.97,690.6,1.939e-07,1.108e-06
NBCC-TITAGARH,4,"[np.float64(700.6), np.float64(599.54), np.float64(444.49), np.float64(379.16)]",700.6,599.54,1401.2,1199.08,1.8e-08,2.46e-08
HEROMOTOCO-MOTHERSON,4,"[np.float64(1881.49), np.float64(948.95), np.float64(261.63), np.float64(666.5)]",1881.49,948.95,3762.99,1897.9,3.83e-08,1.506e-07
JIOFIN-LTF,4,"[np.float64(931.81), np.float64(1628.69), np.float64(355.16), np.float64(1152.3)]",1628.69,931.81,3257.37,1863.63,8.6e-09,2.61e-08
INFY-TATAELXSI,4,"[np.float64(876.64), np.float64(576.76), np.float64(477.24), np.float64(550.92)]",876.64,576.76,1753.27,1153.51,2.245e-07,5.187e-07
AUROPHARMA-LUPIN,4,"[np.float64(983.64), np.float64(522.25), np.float64(1275.87), np.float64(1103.22)]",1275.87,983.64,2551.74,1967.28,1.235e-07,2.078e-07
BEL-SOLARINDS,4,"[np.float64(483.08), np.float64(154.96), np.float64(323.14), np.float64(425.13)]",483.08,323.14,966.16,646.29,1.333e-07,2.979e-07
LODHA-PHOENIXLTD,4,"[np.float64(550.69), np.float64(2436.86), np.float64(4506.75), np.float64(550.0)]",4506.75,550.69,9013.5,1101.38,3.23e-08,2.1666e-06
HINDCOPPER-VEDL,4,"[np.float64(1554.01), np.float64(1365.77), np.float64(540.76), np.float64(544.92)]",1554.01,1365.77,3108.03,2731.54,2.054e-07,2.66e-07
CGPOWER-MAZDOCK,4,"[np.float64(2681.44), np.float64(595.0), np.float64(1014.58)]",2681.44,1014.58,5362.89,2029.15,1.1e-09,7.9e-09
JIOFIN-RELIANCE,4,"[np.float64(755.07), np.float64(675.44), np.float64(1068.65), np.float64(1041.09)]",1068.65,755.07,2137.31,1510.14,2.285e-07,4.577e-07
HAL-IREDA,4,"[np.float64(492.95), np.float64(934.11), np.float64(1417.81), np.float64(1682.34)]",1682.34,934.11,3364.67,1868.21,5.4e-09,1.76e-08
CDSL-TATAPOWER,4,"[np.float64(1027.15), np.float64(825.51), np.float64(929.87), np.float64(1846.85)]",1846.85,1027.15,3693.7,2054.3,3.22e-08,1.041e-07
IRCTC-RVNL,4,"[np.float64(482.62), np.float64(199.69), np.float64(650.16)]",650.16,482.62,1300.33,965.23,2.04e-08,3.7e-08
HEROMOTOCO-TMPV,4,"[np.float64(2107.59), np.float64(918.8), np.float64(444.74), np.float64(896.99)]",2107.59,896.99,4215.17,1793.97,2.11e-08,1.164e-07
UNIONBANK-YESBANK,4,"[np.float64(931.24), np.float64(1306.5), np.float64(432.46), np.float64(1272.99)]",1306.5,931.24,2613.0,1862.47,9e-08,1.771e-07
CDSL-LTF,4,"[np.float64(1390.86), np.float64(747.99), np.float64(412.81), np.float64(2712.71)]",2712.71,1390.86,5425.42,2781.72,1.45e-08,5.52e-08
CHOLAFIN-SHRIRAMFIN,4,"[np.float64(912.52), np.float64(681.23), np.float64(431.94), np.float64(989.04)]",989.04,912.52,1978.08,1825.04,4.68e-08,5.5e-08
COCHINSHIP-IRFC,4,"[np.float64(823.24), np.float64(602.34), np.float64(246.03), np.float64(1179.46)]",1179.46,823.24,2358.93,1646.49,2.25e-08,4.61e-08
BSE-JIOFIN,4,"[np.float64(1194.91), np.float64(1094.46), np.float64(3198.06)]",3198.06,1194.91,6396.13,2389.82,2.69e-08,1.925e-07
CDSL-SUZLON,4,"[np.float64(1126.14), np.float64(784.06), np.float64(833.69), np.float64(4115.29)]",4115.29,1126.14,8230.57,2252.28,2e-09,2.6e-08
BANKBARODA-MAHABANK,4,"[np.float64(401.79), np.float64(628.71), np.float64(2597.31), np.float64(761.04)]",2597.31,628.71,5194.61,1257.41,1.77e-08,3.019e-07
DLF-PFC,4,"[np.float64(4156.52), np.float64(839.63), np.float64(1634.15), np.float64(541.27)]",4156.52,1634.15,8313.05,3268.3,3e-09,1.93e-08
CAMS-IREDA,4,"[np.float64(983.43), np.float64(475.74), np.float64(406.64), np.float64(1155.33)]",1155.33,983.43,2310.67,1966.86,2.04e-08,2.81e-08
GLENMARK-ZYDUSLIFE,4,"[np.float64(1227.1), np.float64(419.59), np.float64(624.73), np.float64(811.22)]",1227.1,624.73,2454.21,1249.45,8.52e-08,3.289e-07
BDL-ZENTEC,4,"[np.float64(1764.96), np.float64(2943.31), np.float64(1004.31), np.float64(1073.59)]",2943.31,1764.96,5886.63,3529.93,3.08e-08,8.57e-08
ABCAPITAL-CDSL,4,"[np.float64(593.83), np.float64(237.29), np.float64(324.28), np.float64(435.84)]",593.83,324.28,1187.66,648.57,1.381e-07,4.63e-07
CDSL-HDFCAMC,4,"[np.float64(1342.63), np.float64(762.79), np.float64(483.06), np.float64(2785.94)]",2785.94,762.79,5571.88,1525.57,3.07e-08,4.098e-07
JIOFIN-TMPV,4,"[np.float64(1163.35), np.float64(1395.95), np.float64(563.54), np.float64(1441.97)]",1441.97,1395.95,2883.94,2791.9,9.4e-09,1e-08
BHEL-RVNL,4,"[np.float64(1015.14), np.float64(635.42), np.float64(1202.96)]",1202.96,1015.14,2405.91,2030.29,2.72e-08,3.82e-08
BDL-IRCON,4,"[np.float64(1391.33), np.float64(601.61), np.float64(881.43), np.float64(260.85)]",1391.33,881.43,2782.66,1762.87,2.06e-08,5.14e-08
DIXON-KALYANKJIL,4,"[np.float64(1159.84), np.float64(1313.74), np.float64(354.52), np.float64(784.57)]",1313.74,1159.84,2627.49,2319.68,4.99e-08,6.41e-08
ADANIENT-NBCC,4,"[np.float64(683.02), np.float64(1711.68), np.float64(571.49), np.float64(32665.75)]",32665.75,683.02,65331.5,1366.05,0.0,5.3e-08
BANKINDIA-IDBI,4,"[np.float64(438.49), np.float64(720.06), np.float64(773.98), np.float64(1134.14)]",1134.14,720.06,2268.28,1440.13,1.5e-08,3.73e-08
LTF-RECLTD,4,"[np.float64(879.86), np.float64(384.26), np.float64(493.61), np.float64(681.37)]",879.86,493.61,1759.72,987.21,7.04e-08,2.238e-07
HUDCO-INOXWIND,4,"[np.float64(1300.24), np.float64(1119.1), np.float64(441.03), np.float64(1113.28)]",1300.24,1119.1,2600.48,2238.19,3.13e-08,4.22e-08
BEML-IRCON,4,"[np.float64(296.4), np.float64(284.49), np.float64(187.94), np.float64(597.46)]",597.46,296.4,1194.93,592.8,4.03e-08,1.637e-07
BANKINDIA-LTF,4,"[np.float64(1040.14), np.float64(536.72), np.float64(2178.14), np.float64(1151.28)]",2178.14,1040.14,4356.27,2080.29,3.09e-08,1.355e-07
CANBK-IRFC,4,"[np.float64(528.1), np.float64(1637.43), np.float64(650.18), np.float64(871.89)]",1637.43,650.18,3274.86,1300.36,3.03e-08,1.921e-07
IOB-MAHABANK,4,"[np.float64(1877.95), np.float64(218.71), np.float64(96.39), np.float64(786.09)]",1877.95,218.71,3755.9,437.41,4.34e-08,3.2021e-06
IDFCFIRSTB-PNB,4,"[np.float64(815.6), np.float64(1343.36), np.float64(586.65), np.float64(356.44)]",1343.36,815.6,2686.72,1631.21,1.5e-09,4.1e-09
BDL-JIOFIN,4,"[np.float64(3542.27), np.float64(4784.87), np.float64(2141.43), np.float64(592.64)]",4784.87,3542.27,9569.74,7084.54,7.1e-09,1.29e-08
CANBK-LTF,4,"[np.float64(721.8), np.float64(937.95), np.float64(522.52), np.float64(1323.8)]",1323.8,721.8,2647.59,1443.6,9.11e-08,3.065e-07
HAL-IRFC,4,"[np.float64(717.78), np.float64(502.07), np.float64(401.56), np.float64(1604.93)]",1604.93,717.78,3209.87,1435.57,1.02e-08,5.08e-08
HCLTECH-TATAELXSI,4,"[np.float64(463.07), np.float64(503.44), np.float64(847.01), np.float64(794.79)]",847.01,503.44,1694.02,1006.88,2.371e-07,6.711e-07
JSWENERGY-NHPC,4,"[np.float64(631.75), np.float64(1121.54), np.float64(436.62), np.float64(832.49)]",1121.54,631.75,2243.07,1263.5,4.1874e-06,1.31973e-05
INDHOTEL-JIOFIN,4,"[np.float64(600.62), np.float64(946.57), np.float64(208.24), np.float64(385.71)]",946.57,600.62,1893.15,1201.24,6.22e-08,1.545e-07
BEL-JIOFIN,4,"[np.float64(2342.62), np.float64(629.34), np.float64(1544.96), np.float64(1839.04)]",2342.62,1544.96,4685.24,3089.91,2.66e-08,6.11e-08
CANBK-IDFCFIRSTB,4,"[np.float64(486.54), np.float64(853.01), np.float64(317.71), np.float64(2400.91)]",2400.91,486.54,4801.82,973.08,1.25e-08,3.037e-07
ADANIENSOL-JSWENERGY,4,"[np.float64(9903.54), np.float64(1815.78), np.float64(639.27)]",9903.54,1815.78,19807.07,3631.57,1e-10,3e-09
AUROPHARMA-ZYDUSLIFE,4,"[np.float64(716.5), np.float64(515.6), np.float64(795.19), np.float64(1272.04)]",1272.04,716.5,2544.08,1433.01,1.307e-07,4.12e-07
GRSE-NBCC,4,"[np.float64(762.35), np.float64(1015.24), np.float64(873.77), np.float64(1564.54)]",1564.54,1015.24,3129.09,2030.48,1.06e-08,2.52e-08
JWL-MAZDOCK,4,"[np.float64(3608.64), np.float64(506.85), np.float64(484.15), np.float64(521.19)]",3608.64,506.85,7217.28,1013.69,4.9e-09,2.463e-07
ABCAPITAL-PFC,4,"[np.float64(571.95), np.float64(481.19), np.float64(958.78), np.float64(519.52)]",958.78,571.95,1917.56,1143.9,5.66e-08,1.59e-07
BANKBARODA-PFC,4,"[np.float64(388.41), np.float64(1289.42), np.float64(4483.15), np.float64(802.09)]",4483.15,802.09,8966.3,1604.18,1.9e-09,5.82e-08
JWL-RITES,4,"[np.float64(124.92), np.float64(393.78), np.float64(592.74), np.float64(484.29)]",592.74,393.78,1185.47,787.56,5.255e-07,1.1906e-06
KPITTECH-TCS,4,"[np.float64(1414.08), np.float64(1221.83), np.float64(351.56), np.float64(766.54)]",1414.08,1221.83,2828.16,2443.65,4.13e-08,5.54e-08
IREDA-JSWENERGY,4,"[np.float64(432.73), np.float64(780.63), np.float64(787.52), np.float64(588.75)]",787.52,780.63,1575.04,1561.26,3.78e-08,3.85e-08
DIVISLAB-LAURUSLABS,4,"[np.float64(498.37), np.float64(400.72), np.float64(1978.22), np.float64(700.97)]",1978.22,498.37,3956.44,996.73,2.54e-08,3.996e-07
GMRAIRPORT-NBCC,4,"[np.float64(450.33), np.float64(1917.09), np.float64(257.91), np.float64(369.65)]",1917.09,450.33,3834.17,900.67,3e-09,5.5e-08
JIOFIN-LT,4,"[np.float64(853.61), np.float64(1364.71), np.float64(921.11), np.float64(939.76)]",1364.71,921.11,2729.42,1842.22,5.37e-08,1.18e-07
EXIDEIND-IREDA,4,"[np.float64(1957.93), np.float64(1187.8), np.float64(848.5), np.float64(1298.08)]",1957.93,1187.8,3915.86,2375.61,2.6e-09,6.9e-09
GRSE-IRCON,4,"[np.float64(611.58), np.float64(1040.5), np.float64(522.67), np.float64(610.52)]",1040.5,611.58,2081.0,1223.15,1.06e-08,3.07e-08
DLF-MAZDOCK,4,"[np.float64(3105.92), np.float64(794.81), np.float64(1430.78), np.float64(445.89)]",3105.92,794.81,6211.85,1589.62,1.6e-09,2.49e-08
BHEL-IRFC,4,"[np.float64(1200.89), np.float64(699.02), np.float64(3504.49), np.float64(1387.2)]",3504.49,1200.89,7008.98,2401.78,5.7e-09,4.85e-08
CGPOWER-IREDA,4,"[np.float64(3735.72), np.float64(876.54), np.float64(619.8), np.float64(1415.13)]",3735.72,876.54,7471.43,1753.08,4e-10,6.8e-09
GODREJPROP-IRFC,4,"[np.float64(3737.68), np.float64(2125.31), np.float64(347.56), np.float64(348.23)]",3737.68,2125.31,7475.36,4250.61,4.9e-09,1.52e-08
ADANIPOWER-ATGL,4,"[np.float64(498.87), np.float64(841.26), np.float64(4615.67), np.float64(672.97)]",4615.67,841.26,9231.34,1682.52,1.3e-09,3.83e-08
INDHOTEL-IREDA,4,"[np.float64(4067.14), np.float64(876.07), np.float64(758.82), np.float64(390.43)]",4067.14,876.07,8134.28,1752.15,3e-10,7.5e-09
CANBK-FEDERALBNK,4,"[np.float64(1182.74), np.float64(1098.65), np.float64(1373.26), np.float64(718.69)]",1373.26,1182.74,2746.52,2365.48,1.0277e-06,1.3855e-06
BIOCON-LAURUSLABS,4,"[np.float64(1073.61), np.float64(451.32), np.float64(2618.19), np.float64(297.57)]",2618.19,1073.61,5236.39,2147.22,1.245e-07,7.404e-07
EXIDEIND-NBCC,4,"[np.float64(3220.22), np.float64(1003.66), np.float64(309.02), np.float64(1297.36)]",3220.22,1003.66,6440.44,2007.32,1.4e-09,1.4e-08
GRSE-IRFC,4,"[np.float64(544.1), np.float64(1037.17), np.float64(485.85), np.float64(798.37)]",1037.17,544.1,2074.34,1088.2,9.16e-08,3.328e-07
HINDZINC-JINDALSTEL,4,"[np.float64(2749.33), np.float64(541.21), np.float64(926.68), np.float64(721.4)]",2749.33,926.68,5498.65,1853.37,5.1e-09,4.46e-08
AMBUJACEM-ULTRACEMCO,4,"[np.float64(730.57), np.float64(554.44), np.float64(457.32), np.float64(417.26)]",730.57,554.44,1461.14,1108.89,1.0273e-06,1.7836e-06
BANKBARODA-IREDA,4,"[np.float64(548.13), np.float64(1739.66), np.float64(5943.24), np.float64(1213.85)]",5943.24,1739.66,11886.49,3479.31,1e-09,1.17e-08
ADANIPORTS-GMRAIRPORT,4,"[np.float64(1587.01), np.float64(1461.83), np.float64(145.81), np.float64(1731.41)]",1731.41,1587.01,3462.83,3174.01,1.1e-09,1.3e-09
LODHA-NBCC,4,"[np.float64(555.37), np.float64(3080.62), np.float64(1729.92), np.float64(750.61)]",3080.62,1729.92,6161.25,3459.84,2e-09,6.3e-09
ABCAPITAL-IRFC,4,"[np.float64(647.72), np.float64(566.14), np.float64(212.55), np.float64(652.83)]",652.83,647.72,1305.67,1295.44,1.653e-07,1.68e-07
ABCAPITAL-PNB,4,"[np.float64(640.67), np.float64(477.31), np.float64(1491.18), np.float64(491.83)]",1491.18,640.67,2982.35,1281.35,6.6e-09,3.56e-08
