pair,ols_net_pnl,ols_trades,ols_win_rate,adf_stat,adf_pval
PFC-RECLTD,-2700.0868750000027,18,0.4444,-2.749,0.065944
BDL-MAZDOCK,-9919.839700000002,21,0.381,-2.042,0.268448
GRSE-MAZDOCK,459.2924000000039,22,0.5,-3.052,0.030316
BANKBARODA-CANBK,-25.423899999987043,21,0.4762,-3.7371,0.00362
BPCL-HINDPETRO,-1588.8245000000225,18,0.3889,-3.3088,0.014488
CANBK-PNB,3023.7735949999806,16,0.5625,-4.7299,7.4e-05
IRFC-RVNL,-4396.138450000013,10,0.5,-2.8723,0.048661
BPCL-IOC,1583.2811749999837,26,0.3846,-3.9574,0.001651
INFY-TCS,-5186.03434999999,18,0.3889,-3.2336,0.018123
BANKINDIA-CANBK,3037.3980099999917,17,0.5882,-2.7767,0.061678
BEL-HAL,2979.3289750000113,25,0.6,-3.0082,0.034132
COCHINSHIP-GRSE,5724.960100000004,23,0.6522,-4.323,0.000405
BDL-HAL,-3928.0552000000107,19,0.6316,-3.8938,0.002081
BANKINDIA-UNIONBANK,290.391714999967,12,0.5833,-3.4429,0.009582
HAL-MAZDOCK,-7262.0812999999935,21,0.3333,-2.4608,0.125308
ADANIENT-ADANIGREEN,-1389.1619000000246,25,0.52,-2.8855,0.047061
IREDA-IRFC,-208.20549499999834,18,0.5,-4.8133,5.1e-05
HINDPETRO-IOC,3039.546600000007,13,0.6923,-2.5853,0.096067
BANKINDIA-PNB,3674.122370000001,12,0.6667,-2.8971,0.045692
BANKBARODA-PNB,5028.154159999995,20,0.65,-3.6783,0.004429
CANBK-UNIONBANK,2196.4909999999745,18,0.6111,-3.525,0.007368
BEL-MAZDOCK,4693.338299999998,18,0.5556,-2.5362,0.106902
ADANIENSOL-ADANIGREEN,5965.045200000017,25,0.56,-2.4539,0.127085
BANKBARODA-BANKINDIA,-3321.007174999998,16,0.5,-3.4221,0.010227
BDL-BEL,981.7808500000046,24,0.5,-2.3203,0.165519
COCHINSHIP-MAZDOCK,3565.4901500000215,24,0.5417,-2.5695,0.099473
DLF-GODREJPROP,2225.8957499999924,16,0.625,-2.9597,0.038837
BDL-GRSE,-8697.775199999998,17,0.3529,-2.3213,0.165195
PNB-UNIONBANK,538.8855000000149,18,0.5,-3.2634,0.016595
HINDZINC-VEDL,1832.2467999999953,18,0.5556,-2.9518,0.039644
NATIONALUM-VEDL,-717.0254499999864,13,0.6154,-2.6581,0.081573
BANKBARODA-UNIONBANK,-2469.880925000004,18,0.4444,-3.293,0.015192
IRCON-RVNL,-1356.8279699999894,13,0.4615,-3.8765,0.002214
BANKINDIA-INDIANB,-3270.7092950000233,15,0.5333,-2.9431,0.040557
ADANIENT-ADANIPORTS,-1103.7860500000006,27,0.5556,-3.1519,0.022941
DATAPATTNS-GRSE,4660.2845999999845,22,0.4545,-3.0349,0.03176
HCLTECH-TCS,388.2721499999807,24,0.5833,-2.9123,0.043937
BSE-CDSL,176.90884999999798,11,0.2727,-3.0439,0.030997
IREDA-RVNL,5280.972355000022,18,0.6111,-3.6341,0.005141
HINDZINC-NATIONALUM,604.7285249999804,23,0.6087,-2.4436,0.1298
GRAPHITE-HEG,808.6110499999868,21,0.619,-3.6431,0.004988
INDIANB-UNIONBANK,-2724.7911999999915,15,0.3333,-3.7516,0.003443
HINDALCO-NATIONALUM,-200.546499999984,22,0.5455,-3.0287,0.032303
IRCON-RAILTEL,-7498.053200000007,18,0.4444,-4.1978,0.000665
COFORGE-PERSISTENT,4420.08405000001,25,0.56,-2.9495,0.039892
HCLTECH-INFY,-2166.468850000002,28,0.4286,-4.4418,0.00025
IRCON-IRFC,-2261.4089550000244,21,0.5238,-4.3054,0.000435
CHENNPETRO-MRPL,1041.0838499999954,22,0.6364,-3.2885,0.0154
NBCC-RVNL,2515.9175749999704,18,0.3889,-3.2311,0.018254
JSWSTEEL-TATASTEEL,2046.6185499999792,27,0.5185,-4.4163,0.000278
TCS-WIPRO,-3474.916850000014,22,0.3636,-2.9967,0.035204
CANBK-INDIANB,1756.7036800000024,19,0.4737,-3.2911,0.015279
NMDC-TATASTEEL,1096.7606249999735,13,0.5385,-4.1011,0.000964
DLF-PRESTIGE,5279.71842500001,27,0.4444,-5.4096,3e-06
INFY-WIPRO,-5216.2490499999785,14,0.3571,-2.9511,0.039721
IREDA-NBCC,3270.622075000003,21,0.619,-3.0972,0.02676
ADANIENSOL-ADANIENT,6058.996449999982,29,0.5862,-3.0703,0.028832
IREDA-RECLTD,4850.663984999981,17,0.5294,-3.0719,0.028707
JINDALSTEL-TATASTEEL,6136.36410000001,19,0.5263,-3.9695,0.001579
CANBK-SBIN,3500.8757249999926,22,0.5909,-3.6176,0.005434
IRFC-NBCC,-445.9045599999954,20,0.5,-2.6233,0.088279
BANKBARODA-INDIANB,-3394.5818049999943,14,0.5,-2.8854,0.047069
HCLTECH-TECHM,-7137.45860000002,28,0.3214,-2.1282,0.233309
DLF-LODHA,2610.567475000007,14,0.4286,-3.2504,0.017249
INDIANB-PNB,7377.172400000021,18,0.5556,-3.0122,0.033766
GODREJPROP-PRESTIGE,-3372.397850000013,22,0.5,-3.1773,0.021336
BDL-COCHINSHIP,-4202.537400000014,19,0.4737,-2.4561,0.126527
BEL-GRSE,7477.045399999995,19,0.6316,-3.1811,0.021104
DATAPATTNS-MAZDOCK,-6372.3209000000115,29,0.4483,-2.9516,0.039664
TCS-TECHM,-4799.250800000014,20,0.4,-2.6677,0.079798
HINDALCO-VEDL,-1031.3997750000017,15,0.4,-3.5641,0.006485
IRCON-JWL,-4399.373669999981,25,0.48,-2.9419,0.040685
GODREJPROP-LODHA,1632.6992499999997,18,0.5556,-3.2973,0.014999
BANKBARODA-SBIN,1369.4178700000011,19,0.5263,-3.2186,0.018934
HINDALCO-TATASTEEL,-5055.713324999991,25,0.48,-3.4537,0.00926
INFY-TECHM,940.8416500000203,26,0.5385,-2.6012,0.092743
COFORGE-MPHASIS,-3655.914850000023,22,0.4091,-2.9466,0.040194
ABCAPITAL-LTF,7889.186775000013,22,0.7273,-4.5254,0.000177
GRSE-HAL,7972.509449999998,21,0.619,-3.3504,0.01277
NATIONALUM-NMDC,2009.4050249999982,14,0.5714,-2.5659,0.100249
DLF-OBEROIRLTY,960.9934500000127,19,0.5263,-3.4351,0.009819
JBCHEPHARM-TORNTPHARM,-402.7497500000427,35,0.4,-5.2314,8e-06
GODREJPROP-OBEROIRLTY,1013.4719999999888,24,0.4583,-3.47,0.00879
IRFC-RECLTD,1055.200070000019,20,0.55,-3.9023,0.002018
RAILTEL-RVNL,-9021.982649999998,15,0.3333,-4.2136,0.000625
BSE-MCX,-2920.9940999999963,15,0.4667,-3.0963,0.026831
HCLTECH-WIPRO,930.2862999999743,23,0.6087,-2.3664,0.15146
MAZDOCK-RVNL,-1405.5472499999978,11,0.3636,-3.5802,0.00615
INOXWIND-SUZLON,157.74118999999519,18,0.6111,-3.7836,0.00308
INOXWIND-IREDA,1089.1389049999852,18,0.5556,-3.3144,0.014249
HUDCO-IREDA,-4731.06767500001,29,0.3793,-2.8699,0.048956
PNB-SBIN,-71.36957999998049,19,0.4737,-3.8829,0.002164
COFORGE-INFY,-627.7251000000197,30,0.5333,-2.5463,0.104614
TECHM-WIPRO,275.5220999999947,18,0.3889,-3.7564,0.003386
MPHASIS-PERSISTENT,-2051.786749999991,25,0.48,-3.0209,0.032985
IRFC-RAILTEL,4532.120585000001,16,0.5625,-4.6626,9.9e-05
SAIL-TATASTEEL,4063.2613049999964,29,0.4828,-4.5702,0.000147
COFORGE-TECHM,538.5803000000378,23,0.4348,-2.5218,0.110268
BAJAJFINSV-BAJFINANCE,3.980149999993955,15,0.5333,-3.695,0.004184
CDSL-IREDA,-6309.44564999999,24,0.4167,-3.2203,0.018839
ANGELONE-BSE,-1924.1723200000179,23,0.4783,-2.3608,0.153097
COFORGE-TCS,-9624.059700000005,22,0.3182,-2.965,0.038296
BDL-DATAPATTNS,-9464.468700000021,17,0.4118,-2.7712,0.062506
COCHINSHIP-DATAPATTNS,3704.7626000000255,20,0.55,-3.4333,0.009876
BANKINDIA-SBIN,5674.130214999997,19,0.5789,-4.1055,0.000948
ADANIGREEN-ADANIPORTS,-10434.965599999996,19,0.3684,-3.7078,0.004005
INOXWIND-NBCC,-3474.658889999996,19,0.3684,-3.5498,0.006796
HEROMOTOCO-TVSMOTOR,5143.767499999996,18,0.5556,-4.6737,9.4e-05
IREDA-PFC,2849.70111499998,18,0.6111,-3.0176,0.033281
JINDALSTEL-JSWSTEEL,152.37160000000586,18,0.4444,-4.731,7.4e-05
LODHA-PRESTIGE,-1420.699775000021,17,0.5294,-3.4944,0.008132
JINDALSTEL-NMDC,2442.865450000023,15,0.5333,-2.6272,0.087498
IREDA-JIOFIN,-5912.938075000016,21,0.3333,-3.1325,0.024237
HINDCOPPER-HINDZINC,9065.92692499997,18,0.6111,-3.2319,0.018213
IRCON-RITES,5664.332260000028,23,0.5652,-6.1145,0.0
IRFC-MAZDOCK,1812.465184999979,17,0.6471,-3.2054,0.019676
IRCON-TITAGARH,3355.3039500000104,20,0.55,-2.6622,0.080818
HINDALCO-HINDZINC,-1656.6342750000313,18,0.3889,-3.7288,0.003726
COFORGE-WIPRO,-3214.852300000007,19,0.4737,-2.7945,0.059059
IRCON-IREDA,1943.4166749999786,14,0.5,-4.0754,0.001063
IREDA-SUZLON,4712.554520000011,18,0.7222,-3.9256,0.001854
ANGELONE-CDSL,-1972.1752300000062,18,0.5,-2.9433,0.040545
NATIONALUM-TATASTEEL,-4679.077025000015,20,0.45,-3.3385,0.013243
CDSL-IRFC,-3807.890649999992,25,0.44,-2.9183,0.043256
EICHERMOT-HEROMOTOCO,-3760.5467499999995,21,0.381,-2.3855,0.145882
HUDCO-NBCC,3273.7647899999993,28,0.5357,-2.7742,0.062057
OBEROIRLTY-PRESTIGE,-3318.5173999999997,24,0.4167,-2.7505,0.065707
NTPC-POWERGRID,6453.413875000009,21,0.7619,-3.633,0.005161
COFORGE-HCLTECH,2410.668950000021,21,0.6667,-3.1715,0.021695
HUDCO-IRFC,2865.303654999989,28,0.5,-3.0147,0.033548
ADANIGREEN-ADANIPOWER,-11665.08192500001,20,0.25,-2.562,0.101111
BAJAJ-AUTO-HEROMOTOCO,429.9440000000013,23,0.6087,-2.4995,0.115603
TATASTEEL-VEDL,-2288.2652800000033,24,0.5,-2.5747,0.098349
COFORGE-OFSS,-6889.957149999986,23,0.4348,-1.7349,0.413205
SBIN-UNIONBANK,-7902.228775000026,30,0.3,-1.8023,0.379339
MAZDOCK-NBCC,1958.291949999979,22,0.5909,-3.206,0.019638
COFORGE-LTM,-3914.165049999958,24,0.4167,-3.7026,0.004076
IREDA-MAZDOCK,-1053.7047100000073,14,0.5714,-3.2891,0.015374
INOXWIND-IRFC,7447.4114000000045,20,0.6,-3.2261,0.018522
JWL-TITAGARH,3593.6021900000014,13,0.7692,-3.8386,0.002536
BEML-COCHINSHIP,7325.215400000005,22,0.5909,-4.2504,0.000541
PERSISTENT-TECHM,-1777.6903999999904,17,0.3529,-3.5475,0.006849
BEL-COCHINSHIP,-334.94147500001236,15,0.4,-2.9052,0.04475
RVNL-TITAGARH,-1537.4608049999933,25,0.48,-2.1079,0.241337
IRFC-PFC,-454.655974999976,27,0.4444,-3.5092,0.007754
JWL-RVNL,-9306.651499999998,16,0.3125,-3.4843,0.008399
BEML-MAZDOCK,-2104.2462000000314,29,0.4483,-3.1168,0.025334
BDL-RVNL,-6953.1101000000135,16,0.3125,-3.2925,0.015215
NMDC-VEDL,2971.115930000007,22,0.5455,-3.9017,0.002022
COCHINSHIP-HAL,1940.6218500000177,18,0.5556,-3.0095,0.034016
BEML-GRSE,2561.455000000009,19,0.4737,-4.0436,0.001199
IRFC-SUZLON,1690.6172400000123,21,0.5714,-3.6089,0.005594
NBCC-RECLTD,4791.520040000005,19,0.5263,-2.8172,0.055855
CDSL-NBCC,2866.7313499999873,25,0.6,-3.306,0.014611
BAJAJ-AUTO-EICHERMOT,-370.18475000000035,23,0.3913,-3.703,0.004071
EICHERMOT-TVSMOTOR,475.31400000000394,22,0.5909,-3.8098,0.002809
MAZDOCK-SUZLON,4563.29229999999,19,0.4737,-3.4712,0.008758
LODHA-OBEROIRLTY,-14390.43510000001,28,0.3214,-2.4577,0.12612
JIOFIN-NBCC,5731.377364999991,23,0.6522,-3.315,0.014221
M&M-MARUTI,3706.616549999999,15,0.6667,-4.2258,0.000596
JBMA-OLECTRA,5890.29684999999,15,0.6667,-4.1949,0.000672
ADANIENT-AMBUJACEM,-5297.968800000014,29,0.4483,-2.0834,0.251229
OFSS-PERSISTENT,-11893.9755,20,0.25,-2.2035,0.204989
PREMIERENE-WAAREEENER,-2085.2964749999946,17,0.4706,-3.2769,0.015944
NBCC-SUZLON,541.9936200000193,22,0.4545,-4.5924,0.000133
MPHASIS-TECHM,-5577.396150000008,22,0.4545,-3.415,0.01046
MAZDOCK-SOLARINDS,-3483.4884000000075,17,0.4706,-3.5086,0.00777
IRFC-JIOFIN,-8668.122544999993,24,0.2917,-3.0666,0.029126
HINDCOPPER-NATIONALUM,13207.103899999966,22,0.6818,-2.7047,0.073223
CDSL-JIOFIN,-8502.762950000026,22,0.2273,-2.7008,0.073903
IDEA-INDUSTOWER,1979.966570000015,24,0.5417,-2.4406,0.130596
CANBK-RECLTD,-2371.3708250000136,21,0.4286,-3.1302,0.024395
BDL-NBCC,-5925.13424999998,23,0.3913,-2.4326,0.132758
BEL-DATAPATTNS,5514.896550000003,17,0.5882,-3.0575,0.029867
HINDZINC-NMDC,182.86632499996267,15,0.4667,-3.4233,0.010191
MPHASIS-OFSS,-6113.660250000015,23,0.4348,-3.2541,0.017062
INFY-PERSISTENT,-563.4762999999857,12,0.5,-3.5392,0.007036
INOXWIND-RVNL,-1700.0400950000148,18,0.5,-2.8618,0.049968
JIOFIN-RECLTD,3393.629585000004,19,0.5263,-2.4465,0.129044
KPITTECH-TATAELXSI,-5109.066399999977,25,0.48,-2.8531,0.051078
JWL-RAILTEL,-1603.0570650000045,18,0.7222,-4.2121,0.000628
PERSISTENT-TCS,-9748.875749999988,17,0.2941,-2.5023,0.114923
RECLTD-RVNL,6223.372549999989,18,0.6111,-3.0862,0.027588
NMDC-SAIL,4135.760359999989,13,0.7692,-4.481,0.000213
HINDALCO-NMDC,-161.43097499998657,19,0.4737,-3.5974,0.005811
KEI-POLYCAB,8757.454049999997,24,0.7083,-5.3539,4e-06
ADANIGREEN-TATAPOWER,-15470.504499999992,19,0.3158,-2.1503,0.224761
HCLTECH-PERSISTENT,-881.2751500000086,18,0.4444,-3.4057,0.010767
BAJAJ-AUTO-TVSMOTOR,1995.6514999999981,29,0.5517,-3.232,0.018208
COFORGE-TATAELXSI,-3051.350099999976,27,0.5185,-3.3143,0.014252
BDL-BEML,-4863.721300000023,18,0.3333,-2.6756,0.078348
IRFC-TITAGARH,6138.380960000006,22,0.5455,-3.2281,0.018414
INOXWIND-MAZDOCK,1254.6736149999997,11,0.6364,-2.4084,0.139367
OIL-ONGC,2271.914149999995,25,0.48,-3.7584,0.003362
HUDCO-RECLTD,-4256.095559999985,23,0.3043,-2.1978,0.20704
IRCON-NBCC,-3158.12727000001,14,0.5714,-2.8147,0.0562
DLF-NBCC,-3323.092249999996,28,0.3929,-4.0605,0.001125
IRFC-JWL,-3434.5527250000005,18,0.4444,-3.5223,0.007433
CDSL-MCX,-5200.483450000015,16,0.375,-3.8838,0.002157
M&M-TVSMOTOR,384.3754499999959,18,0.5556,-3.6535,0.004817
BDL-IREDA,-8740.422700000003,19,0.4211,-3.3319,0.013511
PERSISTENT-WIPRO,-2648.534649999997,21,0.4286,-2.67,0.079374
EICHERMOT-MARUTI,715.1877500000064,18,0.4444,-2.6626,0.080736
MPHASIS-TCS,-8692.805999999991,18,0.3889,-4.5982,0.00013
ACC-AMBUJACEM,3479.170750000032,27,0.4815,-7.084,0.0
DATAPATTNS-HAL,4153.512849999981,24,0.5417,-3.194,0.020333
COFORGE-KPITTECH,185.0750499999831,25,0.48,-2.5486,0.104099
LTM-PERSISTENT,4679.778649999993,24,0.625,-3.1015,0.026441
IRCTC-IRFC,-3903.110799999993,16,0.3125,-3.2738,0.016089
RECLTD-TATAPOWER,-1825.2205749999994,18,0.3889,-2.7558,0.064865
DLF-PHOENIXLTD,6180.342200000012,15,0.5333,-3.4544,0.00924
RVNL-SUZLON,-3554.1916649999957,24,0.4583,-3.1474,0.023237
EICHERMOT-M&M,-1618.726749999998,22,0.5,-2.3747,0.148993
DLF-IREDA,-6984.784400000024,21,0.1905,-3.0774,0.028268
ADANIENSOL-ADANIPOWER,3451.283524999999,17,0.6471,-3.8676,0.002286
COCHINSHIP-RVNL,-2030.6468999999797,21,0.4286,-3.3938,0.011172
GODREJPROP-PHOENIXLTD,6910.9479500000125,24,0.6667,-3.4105,0.010605
MOTHERSON-TMPV,3827.744975000014,27,0.5556,-4.4198,0.000274
ADANIENSOL-ADANIPORTS,3386.0542250000035,26,0.6154,-3.3064,0.014597
BDL-SOLARINDS,-2884.6150000000034,22,0.5,-2.7868,0.060178
IREDA-RAILTEL,2457.5530949999775,21,0.4762,-3.9342,0.001797
OFSS-TATAELXSI,-12938.529000000002,21,0.1429,-1.9302,0.317997
BEL-RVNL,9625.528650000004,21,0.5714,-3.2061,0.019633
JIOFIN-RVNL,1359.2321399999964,19,0.5789,-2.4699,0.122965
JSWSTEEL-NMDC,-1316.3230500000282,17,0.4706,-3.2061,0.019636
NHPC-TATAPOWER,3335.924089999984,24,0.5,-3.4376,0.009742
HAL-RVNL,2863.2725499999997,14,0.5,-3.0233,0.032778
LTM-MPHASIS,-3908.424400000019,23,0.3913,-4.1803,0.000711
HINDALCO-JSWSTEEL,-1973.4024000000009,18,0.6111,-3.5747,0.006264
LTM-TECHM,-632.2551000000021,22,0.4091,-3.4389,0.009701
GRSE-ZENTEC,3071.5582999999824,20,0.5,-2.9413,0.040748
IREDA-TATAPOWER,3489.6918999999943,15,0.6,-3.3616,0.01234
INFY-MPHASIS,547.5548000000181,17,0.4706,-3.3557,0.012564
MPHASIS-WIPRO,-3046.6151499999996,18,0.3889,-4.445,0.000247
HDFCLIFE-SBILIFE,4237.249975000004,13,0.5385,-3.6869,0.004301
CANBK-PFC,-1575.668134999998,28,0.5,-2.6113,0.090689
HEROMOTOCO-M&M,9239.82975,19,0.8421,-4.5479,0.000161
CAMS-CDSL,-5526.714999999995,26,0.5,-3.3592,0.012429
RITES-RVNL,-1964.3402150000138,18,0.4444,-4.9213,3.2e-05
KAYNES-PGEL,-18719.344699999987,22,0.2727,-2.9366,0.04125
CDSL-RECLTD,-6817.680299999998,22,0.4091,-3.1956,0.02024
BANKINDIA-CENTRALBK,3410.1032049999867,17,0.5294,-2.9378,0.041122
BAJAJ-AUTO-M&M,-3635.322750000001,28,0.4286,-3.4705,0.008779
PERSISTENT-TATAELXSI,-2310.1884500000015,23,0.4348,-3.1751,0.021471
JSWENERGY-TATAPOWER,7583.806100000002,29,0.5862,-3.5156,0.007595
INDIANB-SBIN,2713.163525000011,18,0.5556,-2.7413,0.067154
CDSL-MAZDOCK,-6815.395300000023,16,0.375,-2.8183,0.055706
GAIL-IOC,2370.7642100000066,25,0.6,-2.9815,0.036662
BDL-IRFC,-6096.883650000015,17,0.4118,-3.4992,0.008006
BANKINDIA-RECLTD,-5449.897115000012,12,0.5,-2.5982,0.093378
BHEL-MAZDOCK,-4653.817795000021,24,0.5,-2.395,0.143157
HINDZINC-TATASTEEL,-7286.456724999995,21,0.4762,-3.1953,0.020259
CENTRALBK-MAHABANK,-5868.5884150000065,20,0.5,-2.3245,0.164185
GODREJPROP-NBCC,-6089.243349999992,30,0.5,-2.5475,0.104333
PFC-TATAPOWER,4609.536275,21,0.619,-2.8448,0.052151
M&M-TMPV,269.70005000000674,21,0.5714,-3.2845,0.015587
HUDCO-RVNL,699.0734499999944,21,0.5238,-2.8019,0.058002
CENTRALBK-IOB,-3575.752285000005,23,0.4783,-2.8642,0.049667
PNB-RECLTD,-2355.2984250000036,18,0.4444,-2.943,0.040571
BANKINDIA-MAHABANK,-1285.2399600000317,18,0.5556,-2.9081,0.044418
ABB-SIEMENS,-899.606499999998,16,0.375,-3.6617,0.004686
IRCON-MAZDOCK,-1610.8147350000254,21,0.4762,-3.0059,0.034346
ABCAPITAL-IREDA,-1516.4059999999517,20,0.5,-3.668,0.004587
CDSL-RVNL,-5480.561949999997,26,0.5,-2.6323,0.086506
CANBK-IREDA,-6101.274945000025,26,0.3462,-3.1042,0.026241
HEROMOTOCO-MARUTI,5700.642250000003,13,0.6923,-3.6706,0.004547
NBCC-PFC,6108.19491,23,0.5217,-2.4167,0.137069
CANBK-CENTRALBK,-1151.6299899999922,19,0.4211,-3.4391,0.009695
HCLTECH-MPHASIS,1725.4421499999826,23,0.5217,-2.7445,0.066655
CENTRALBK-PNB,-5561.537644999979,33,0.4242,-1.8439,0.358905
BDL-SUZLON,-1312.660050000004,20,0.4,-2.3703,0.150294
JIOFIN-MAZDOCK,-3386.493165000007,12,0.5,-2.5107,0.112884
LTM-TCS,-5245.108299999989,20,0.3,-3.6464,0.004933
JINDALSTEL-NATIONALUM,-1130.4958000000079,19,0.5263,-2.7418,0.067085
LTM-WIPRO,3780.8363500000196,20,0.55,-3.8357,0.002563
BANKINDIA-IREDA,674.0305799999678,20,0.6,-2.8988,0.045488
HDFCBANK-ICICIBANK,381.598600000003,13,0.5385,-3.7243,0.003784
IRFC-RITES,846.3224199999804,29,0.4828,-4.8248,4.9e-05
INFY-LTM,-3363.0126499999715,17,0.4118,-2.8371,0.053165
BANKBARODA-RECLTD,2271.2256600000037,22,0.4545,-2.7524,0.0654
BEL-BHEL,5437.198900000003,15,0.6,-3.028,0.032365
TATAELXSI-TATATECH,-3764.224200000006,20,0.45,-3.4138,0.010496
NTPC-TATAPOWER,4439.706649999989,19,0.6842,-2.9808,0.036723
BANKINDIA-RBLBANK,-2094.007525,12,0.4167,-3.3106,0.014409
HCLTECH-LTM,-750.0586500000118,28,0.5714,-2.578,0.097623
OFSS-TECHM,-10786.533250000002,21,0.2857,-1.7996,0.380648
RAILTEL-RITES,2648.903350000015,27,0.5556,-6.5896,0.0
JINDALSTEL-SAIL,6383.505400000007,22,0.5455,-3.8318,0.002599
BEML-DATAPATTNS,1699.2608499999933,15,0.5333,-4.0273,0.001274
DLF-IRFC,-7281.13654999999,22,0.3182,-3.6581,0.004742
OFSS-WIPRO,-8244.248,22,0.2273,-1.8964,0.333761
ADANIGREEN-IREDA,-14047.247274999976,20,0.25,-2.5719,0.098953
IREDA-SJVN,485.70088500000566,23,0.3913,-4.2043,0.000648
ETERNAL-SWIGGY,-4506.019539999996,12,0.25,-3.6999,0.004114
DLF-RECLTD,-2245.3149250000097,15,0.4,-2.9975,0.035124
DLF-JIOFIN,-4364.786299999994,22,0.4545,-3.0248,0.032645
INOXWIND-JIOFIN,-12317.742875000016,16,0.1875,-2.6162,0.089687
ADANIENSOL-TATAPOWER,-8857.219424999994,19,0.3684,-3.4262,0.010098
INOXWIND-RECLTD,2512.5333849999897,21,0.5238,-2.5489,0.104034
CENTRALBK-UCOBANK,-2312.3877500000153,23,0.4348,-2.6509,0.082921
GAIL-TATAPOWER,-2024.8624650000056,19,0.5263,-3.024,0.032709
MPHASIS-TATAELXSI,-5754.218800000007,23,0.5217,-4.4323,0.00026
MAZDOCK-ZENTEC,189.28800000001684,20,0.5,-3.6427,0.004996
IRCTC-IREDA,-6139.225550000048,16,0.25,-3.501,0.007962
JIOFIN-SUZLON,1429.0633050000106,21,0.7143,-3.4879,0.008303
BAJFINANCE-CHOLAFIN,-416.0363999999827,22,0.5455,-3.4607,0.009054
TATAELXSI-WIPRO,41.64054999999826,17,0.5294,-3.1589,0.022489
BDL-INOXWIND,-824.2549000000054,14,0.5,-2.8386,0.052975
GODREJPROP-IREDA,-11038.68489999999,20,0.2,-3.0682,0.028999
AMBER-DIXON,-18543.54425,34,0.3235,-1.7407,0.410274
GRSE-RVNL,3133.1106999999975,17,0.5882,-3.58,0.006156
TATAELXSI-TCS,687.2864500000014,13,0.5385,-3.0356,0.031702
ADANIENT-ADANIPOWER,-7337.235200000001,24,0.5,-2.4919,0.117461
COCHINSHIP-NBCC,1259.3842000000404,24,0.4583,-2.7157,0.071364
IREDA-NHPC,3073.0474799999865,18,0.5556,-4.0912,0.001001
HAL-NBCC,1333.183350000012,18,0.5,-3.1049,0.02619
OFSS-TCS,-9318.768249999997,20,0.3,-1.9354,0.315612
ADANIENT-JIOFIN,-8899.972600000014,26,0.2692,-2.1674,0.218283
JIOFIN-PFC,4991.626120000001,21,0.6667,-2.1155,0.238316
IREDA-TITAGARH,3622.346645000025,17,0.8235,-3.1935,0.020364
KPITTECH-MPHASIS,-6103.712474999975,26,0.4615,-4.2663,0.000508
ABCAPITAL-JIOFIN,-730.1216249999852,22,0.4545,-3.6858,0.004317
CANBK-JIOFIN,-5108.9225700000225,25,0.4,-2.9785,0.036949
KPITTECH-OFSS,6295.8403250000065,13,0.8462,-2.2166,0.200271
BANKINDIA-PFC,-2921.6878850000085,20,0.5,-2.0628,0.259751
HINDALCO-JINDALSTEL,996.1539500000054,18,0.7222,-3.7337,0.003663
BAJFINANCE-SHRIRAMFIN,-13809.673874999982,27,0.2593,-2.9082,0.044402
KPITTECH-PERSISTENT,-355.9882499999876,27,0.5556,-3.0123,0.033763
BHEL-INOXWIND,-2607.142210000022,20,0.45,-2.8031,0.057832
POWERGRID-TATAPOWER,-2819.2693750000026,24,0.5,-2.8287,0.054288
MAHABANK-PNB,-2941.6859600000253,27,0.5185,-3.2073,0.019565
ADANIPORTS-AMBUJACEM,-896.9885000000086,27,0.4444,-2.8466,0.051925
TATAELXSI-TECHM,-763.9603500000067,17,0.3529,-3.0139,0.033621
PFC-PNB,3962.8084249999756,23,0.6957,-3.3053,0.014644
ADANIGREEN-NHPC,-20166.421299999995,19,0.1579,-2.206,0.204059
NBCC-TATAPOWER,2048.7509799999934,14,0.5714,-3.4927,0.008175
CDSL-DLF,368.28145000000586,17,0.5294,-3.2226,0.018714
IREDA-LICHSGFIN,1212.5647300000164,12,0.5,-3.0318,0.032029
BANKBARODA-CENTRALBK,-2433.6049850000263,20,0.45,-3.577,0.006217
BHEL-IREDA,-3752.257694999993,23,0.5217,-2.6185,0.089225
PNB-YESBANK,-2073.086224999989,24,0.4583,-3.3644,0.012236
INFY-OFSS,-3851.6832000000068,23,0.3043,-3.7355,0.003641
MAZDOCK-TITAGARH,1668.3955999999962,21,0.4762,-2.9662,0.038171
PFC-RVNL,5693.835049999972,16,0.75,-3.761,0.003332
HUDCO-PFC,-4762.1650849999905,26,0.3846,-2.3,0.171962
IREDA-PNB,101.90286500000366,19,0.5263,-2.5908,0.094911
ADANIGREEN-JSWENERGY,-11711.81229999999,23,0.3043,-1.8538,0.354087
DIXON-KAYNES,901.5204999999969,24,0.4583,-3.6216,0.005361
CANBK-MAHABANK,2163.4595100000133,16,0.5625,-3.6016,0.00573
ADANIENT-TATAPOWER,-5005.619649999989,22,0.5,-2.0079,0.2831
GMRAIRPORT-IREDA,-3217.475154999982,24,0.4583,-3.463,0.008991
ADANIENT-IREDA,-4053.4323500000146,26,0.4231,-1.754,0.403526
BEL-NBCC,8689.081100000007,17,0.5882,-3.1333,0.024183
IRFC-TATAPOWER,-555.7416250000097,16,0.5625,-3.1231,0.024893
CDSL-INOXWIND,-468.96925000000556,20,0.55,-3.1944,0.02031
BHEL-SUZLON,3807.731084999983,22,0.6364,-2.6967,0.074618
RECLTD-SUZLON,649.0355499999805,17,0.4118,-2.5735,0.098599
RAILTEL-TITAGARH,1085.3228849999596,20,0.65,-4.0571,0.001139
IREDA-LTF,-1632.238604999984,18,0.5,-3.4602,0.009069
MARUTI-TVSMOTOR,3538.237500000001,14,0.7857,-3.2262,0.018515
HAL-SOLARINDS,-4195.700899999991,17,0.3529,-3.1708,0.021736
BANKINDIA-YESBANK,-5971.179380000003,13,0.3846,-2.8738,0.048482
BHEL-NBCC,-3709.7364399999997,19,0.4211,-3.2212,0.018792
CDSL-KFINTECH,-4012.9133500000116,18,0.3889,-3.8922,0.002093
CANBK-YESBANK,-771.8981099999983,24,0.4167,-3.5069,0.007811
CENTRALBK-UNIONBANK,-2294.375745000011,26,0.3846,-1.6769,0.443064
BAJAJ-AUTO-MARUTI,-323.54600000000573,18,0.4444,-3.4408,0.009643
MAHABANK-UNIONBANK,-50.16187500001797,23,0.5217,-2.676,0.078284
IOC-PETRONET,829.2482750000363,25,0.6,-3.1031,0.026327
COCHINSHIP-IREDA,1139.4041000000307,26,0.5,-2.8096,0.05692
CANBK-RBLBANK,-630.6605149999832,17,0.5294,-3.2725,0.016153
BDL-CDSL,-5609.314700000017,24,0.375,-2.7821,0.060872
NBCC-RAILTEL,4430.159714999974,15,0.4667,-4.1135,0.00092
LAURUSLABS-ZYDUSLIFE,599.7690500000226,22,0.5,-2.6176,0.08941
JIOFIN-TATAPOWER,5129.597190000002,17,0.6471,-3.3082,0.014515
ABCAPITAL-BANKINDIA,-2595.66557499999,21,0.5714,-2.9577,0.03904
DLF-RVNL,-4925.726924999992,11,0.4545,-3.3192,0.01404
RECLTD-UNIONBANK,345.98287500002334,16,0.4375,-2.4258,0.134582
CGPOWER-NBCC,-5710.455774999996,17,0.4118,-2.4578,0.126082
LTM-OFSS,-4487.288799999983,24,0.4167,-2.6205,0.088826
LUPIN-ZYDUSLIFE,3802.9351999999762,25,0.56,-4.1577,0.000776
IREDA-JWL,-4929.290704999998,17,0.4118,-3.2598,0.016774
ADANIGREEN-ATGL,-23749.523200000003,20,0.15,-2.2899,0.175256
HCLTECH-OFSS,-6592.169350000007,25,0.24,-2.8632,0.049803
BDL-BHEL,-4679.204049999997,22,0.5,-2.5505,0.103665
ABCAPITAL-CANBK,2045.5255500000167,22,0.6818,-3.6348,0.005129
IRFC-NHPC,-288.75207999999657,17,0.5294,-3.8672,0.00229
BSE-IREDA,1865.7215999999917,16,0.4375,-3.2389,0.017839
ABCAPITAL-RECLTD,-2949.7024999999885,19,0.4211,-3.5911,0.005933
JINDALSTEL-VEDL,-1873.6501499999831,23,0.3913,-2.6944,0.075008
PHOENIXLTD-PRESTIGE,-1446.9868000000024,21,0.4286,-2.9998,0.03491
COCHINSHIP-IRCON,-639.5415499999799,20,0.4,-4.012,0.001349
CANBK-NBCC,-4221.174964999997,19,0.3684,-3.3824,0.011573
BANKINDIA-NBCC,-3755.438960000023,11,0.6364,-2.9867,0.03616
CDSL-PFC,-2831.6593999999977,22,0.5,-2.9651,0.038281
IRFC-SJVN,-131.46865500001513,18,0.3333,-4.5586,0.000154
LICHSGFIN-RECLTD,87.22914999999921,21,0.619,-2.8436,0.052313
BANKINDIA-IRFC,681.0434099999911,16,0.75,-3.0209,0.032984
CDSL-HUDCO,-4294.223100000012,22,0.4091,-3.1289,0.024486
BEL-IRFC,9741.198225000007,20,0.65,-3.3745,0.011861
INOXWIND-IRCON,6666.589004999998,14,0.6429,-3.5985,0.005789
MANAPPURAM-MUTHOOTFIN,-7707.862525000011,27,0.4074,-2.8562,0.050689
ADANIGREEN-AMBUJACEM,-16584.977050000012,21,0.3333,-2.6525,0.08262
BANDHANBNK-BANKINDIA,-8187.88663499999,20,0.4,-2.2916,0.1747
BAJFINANCE-JIOFIN,-3968.955525000005,19,0.3684,-2.5101,0.113045
MARUTI-TMPV,-237.35299999999916,17,0.5882,-2.9973,0.035149
COFORGE-TATATECH,-2617.5890500000287,22,0.5,-3.3425,0.013084
BANKINDIA-JIOFIN,-3725.730795000034,19,0.6316,-2.8854,0.04707
JIOFIN-PNB,-1384.8484049999988,19,0.4737,-2.1608,0.220767
CGPOWER-HAL,-5715.983599999988,16,0.375,-2.7452,0.066534
ADANIPORTS-JIOFIN,-5731.188849999999,22,0.3636,-2.5984,0.093333
LTF-SHRIRAMFIN,5476.606985000002,24,0.7083,-2.9743,0.037364
ANGELONE-IREDA,1544.504434999997,21,0.5238,-3.443,0.009579
CONCOR-IREDA,-4258.872375000012,22,0.5,-2.893,0.046173
PNB-RBLBANK,2232.9046150000213,20,0.65,-3.1642,0.022155
MAZDOCK-RECLTD,9008.261050000008,15,0.6,-3.4434,0.009566
CGPOWER-RVNL,-3201.2749249999715,19,0.4211,-2.9765,0.037153
LTM-TATAELXSI,3831.222049999971,22,0.5455,-4.1097,0.000933
COCHINSHIP-ZENTEC,3057.35080000004,21,0.619,-2.5023,0.114907
BHARATFORG-MOTHERSON,9318.329099999995,28,0.6786,-3.4545,0.009237
GLENMARK-LAURUSLABS,1681.6411500000067,18,0.5556,-3.6728,0.004512
NBCC-TITAGARH,4555.216929999991,18,0.6111,-4.0456,0.00119
HEROMOTOCO-MOTHERSON,2553.291000000001,19,0.5789,-4.2605,0.00052
JIOFIN-LTF,4858.255835000004,21,0.619,-3.1547,0.022763
INFY-TATAELXSI,-4645.936699999992,13,0.3846,-3.1423,0.02358
AUROPHARMA-LUPIN,2460.125650000018,22,0.4545,-3.0942,0.026986
BEL-SOLARINDS,3365.7263499999954,23,0.5217,-4.7141,7.9e-05
LODHA-PHOENIXLTD,-6029.582999999982,28,0.4286,-2.9168,0.043425
HINDCOPPER-VEDL,3173.518975000019,17,0.6471,-3.2012,0.019913
CGPOWER-MAZDOCK,-1783.6331249999694,20,0.5,-2.3134,0.167677
JIOFIN-RELIANCE,-3418.8606900000086,22,0.5909,-2.9531,0.039511
HAL-IREDA,-2615.2073999999993,22,0.4091,-2.994,0.035461
CDSL-TATAPOWER,-235.98365000002377,21,0.4286,-3.1601,0.022414
IRCTC-RVNL,-5498.561624999993,18,0.3889,-3.4564,0.009179
HEROMOTOCO-TMPV,5477.675749999997,19,0.6316,-4.2382,0.000567
UNIONBANK-YESBANK,-7950.657640000004,18,0.3889,-2.7229,0.070155
CDSL-LTF,-4200.200449999981,29,0.5172,-3.2674,0.016401
CHOLAFIN-SHRIRAMFIN,-421.96134999998685,22,0.4545,-3.0558,0.030002
COCHINSHIP-IRFC,4229.039800000015,22,0.5,-3.4163,0.010415
BSE-JIOFIN,3473.68479999999,14,0.5714,-2.9901,0.035829
CDSL-SUZLON,1985.8881999999812,23,0.6087,-3.4704,0.008779
BANKBARODA-MAHABANK,-309.9621349999834,19,0.5263,-3.3684,0.012084
DLF-PFC,-2942.152024999972,18,0.3333,-2.512,0.112584
CAMS-IREDA,-3688.686725000005,22,0.5,-3.4456,0.0095
GLENMARK-ZYDUSLIFE,8288.456950000036,24,0.6667,-3.3297,0.013602
BDL-ZENTEC,-3325.8273500000005,16,0.3125,-2.755,0.064994
ABCAPITAL-CDSL,1133.9822249999997,26,0.5385,-3.7998,0.002909
CDSL-HDFCAMC,-2560.1294999999836,19,0.4211,-3.2045,0.019725
JIOFIN-TMPV,4040.522239999995,18,0.6667,-2.6578,0.081629
BHEL-RVNL,-1295.0680949999987,23,0.5217,-2.6598,0.081257
BDL-IRCON,-3475.3059999999978,19,0.4211,-3.065,0.029257
DIXON-KALYANKJIL,1304.2615000000023,17,0.4118,-3.1665,0.022011
ADANIENT-NBCC,-6044.785499999998,27,0.4074,-1.9239,0.320901
BANKINDIA-IDBI,-5342.915285000005,12,0.3333,-3.3506,0.012761
LTF-RECLTD,-4370.734049999975,17,0.2353,-3.5925,0.005907
HUDCO-INOXWIND,9653.896115000003,27,0.7407,-3.4647,0.008942
BEML-IRCON,16903.527999999995,25,0.64,-5.6659,1e-06
BANKINDIA-LTF,4122.85919999999,12,0.6667,-3.1285,0.024512
CANBK-IRFC,-4643.76398999999,27,0.4444,-3.3177,0.014105
IOB-MAHABANK,2454.634509999989,19,0.6316,-4.9416,2.9e-05
IDFCFIRSTB-PNB,-2371.337210000017,21,0.619,-2.5892,0.095244
BDL-JIOFIN,-8125.811049999995,19,0.3684,-2.5495,0.103887
CANBK-LTF,2223.0889500000067,24,0.5833,-3.6197,0.005396
HAL-IRFC,1257.9452,20,0.55,-3.7645,0.003292
HCLTECH-TATAELXSI,-1936.2610500000264,23,0.5217,-2.7734,0.062181
JSWENERGY-NHPC,4941.211574999979,19,0.5263,-3.7035,0.004064
INDHOTEL-JIOFIN,-3106.8500749999894,22,0.4091,-3.729,0.003724
BEL-JIOFIN,5967.004975000002,18,0.5556,-3.1735,0.021573
CANBK-IDFCFIRSTB,-2627.034870000017,22,0.4545,-3.4979,0.008042
ADANIENSOL-JSWENERGY,851.292675000017,21,0.5714,-3.0176,0.03328
AUROPHARMA-ZYDUSLIFE,5351.172950000013,28,0.6429,-3.0631,0.029405
GRSE-NBCC,3438.253249999996,19,0.4211,-3.1638,0.02218
JWL-MAZDOCK,14573.284360000009,18,0.7222,-4.084,0.001029
ABCAPITAL-PFC,-1747.9581999999864,17,0.5294,-3.2966,0.01503
BANKBARODA-PFC,-4809.464850000002,25,0.4,-2.2521,0.187894
JWL-RITES,-3248.7603849999914,17,0.7059,-4.1462,0.000812
KPITTECH-TCS,3423.563525000014,21,0.5714,-2.8893,0.046605
IREDA-JSWENERGY,1316.8205849999904,13,0.3846,-3.4498,0.009375
DIVISLAB-LAURUSLABS,-2720.9917499999992,21,0.4286,-3.1894,0.020607
GMRAIRPORT-NBCC,-1792.3823299999858,19,0.3684,-4.031,0.001257
JIOFIN-LT,3606.8250449999905,18,0.6111,-2.9051,0.044757
EXIDEIND-IREDA,-4910.866825000023,23,0.4783,-3.0677,0.029035
GRSE-IRCON,10605.68595,20,0.55,-4.2339,0.000577
DLF-MAZDOCK,-1805.3888000000006,18,0.3889,-2.7471,0.066235
BHEL-IRFC,1518.1835649999957,21,0.5714,-2.7154,0.07141
CGPOWER-IREDA,-8123.776249999973,16,0.375,-2.5853,0.096068
GODREJPROP-IRFC,-8442.430349999995,15,0.4,-3.0949,0.026933
ADANIPOWER-ATGL,4655.892344999993,22,0.5909,-3.7441,0.003534
INDHOTEL-IREDA,-2217.535524999982,22,0.4545,-3.2545,0.017039
CANBK-FEDERALBNK,781.9437850000031,25,0.48,-3.7815,0.003102
BIOCON-LAURUSLABS,3631.0663250000052,25,0.48,-3.4235,0.010182
EXIDEIND-NBCC,-1051.478949999997,22,0.5,-3.1093,0.025872
GRSE-IRFC,7999.606649999983,18,0.6111,-3.9657,0.001601
HINDZINC-JINDALSTEL,-6454.694550000009,20,0.55,-4.3969,0.000301
AMBUJACEM-ULTRACEMCO,3053.402949999998,18,0.5,-4.5997,0.000129
BANKBARODA-IREDA,-1826.119879999983,21,0.5238,-2.5877,0.095563
ADANIPORTS-GMRAIRPORT,-7130.106799999987,30,0.4,-2.8393,0.052881
LODHA-NBCC,-7096.291425000019,17,0.4118,-2.5857,0.095987
ABCAPITAL-IRFC,-1698.283224999981,20,0.7,-4.2202,0.000609
ABCAPITAL-PNB,47.882200000010926,21,0.5238,-3.4595,0.009091
