pair,wc_adf_stat,wc_pval,dr_adf_stat,dr_pval,ols_adf_stat,ols_pval
PFC-RECLTD,-11.3889,0.0,-13.6753,0.0,-1.666,0.44873
BDL-MAZDOCK,-8.1857,0.0,-8.458,0.0,-2.0316,0.272886
GRSE-MAZDOCK,-10.1281,0.0,-10.6088,0.0,-1.3651,0.598886
BANKBARODA-CANBK,-10.3891,0.0,-11.0028,0.0,-1.4125,0.576255
BPCL-HINDPETRO,-13.4065,0.0,-18.1263,0.0,-1.4903,0.538307
CANBK-PNB,-10.9668,0.0,-11.6528,0.0,-1.5185,0.524343
IRFC-RVNL,-14.6313,0.0,-16.0402,0.0,-2.3546,0.154955
BPCL-IOC,-17.1437,0.0,-20.4217,0.0,-2.2408,0.191775
INFY-TCS,-11.3697,0.0,-13.889,0.0,-1.3044,0.627173
BANKINDIA-CANBK,-8.8947,0.0,-8.9681,0.0,-1.5444,0.511432
BEL-HAL,-10.4592,0.0,-11.5883,0.0,-1.3473,0.607247
COCHINSHIP-GRSE,-11.1737,0.0,-12.1517,0.0,-2.0714,0.256166
BDL-HAL,-10.4204,0.0,-10.929,0.0,-1.2629,0.645964
BANKINDIA-UNIONBANK,-10.9681,0.0,-14.0473,0.0,-1.1053,0.712943
HAL-MAZDOCK,-9.7544,0.0,-9.9743,0.0,-1.1292,0.703281
ADANIENT-ADANIGREEN,-13.1181,0.0,-21.9712,0.0,-1.9832,0.294003
IREDA-IRFC,-14.0497,0.0,-14.9108,0.0,-1.6584,0.452664
HINDPETRO-IOC,-13.0243,0.0,-14.8727,0.0,-1.8016,0.379674
BANKINDIA-PNB,-10.2712,0.0,-11.1686,0.0,-1.4548,0.555718
BANKBARODA-PNB,-11.1511,0.0,-12.6041,0.0,-0.7452,0.834691
CANBK-UNIONBANK,-10.4713,0.0,-10.5062,0.0,-0.4699,0.897752
BEL-MAZDOCK,-10.007,0.0,-10.1151,0.0,-1.6346,0.465104
ADANIENSOL-ADANIGREEN,-13.7655,0.0,-14.278,0.0,1.3284,0.996763
BANKBARODA-BANKINDIA,-11.7919,0.0,-12.824,0.0,-0.903,0.786973
BDL-BEL,-8.698,0.0,-9.1483,0.0,-1.952,0.308001
COCHINSHIP-MAZDOCK,-10.3758,0.0,-12.4249,0.0,-1.3412,0.610103
DLF-GODREJPROP,-12.6351,0.0,-15.8972,0.0,-1.3465,0.607651
BDL-GRSE,-8.3255,0.0,-9.1652,0.0,-1.7532,0.403955
PNB-UNIONBANK,-10.271,0.0,-10.43,0.0,-0.3079,0.924374
HINDZINC-VEDL,-13.0794,0.0,-15.4589,0.0,-1.3071,0.625899
NATIONALUM-VEDL,-11.4236,0.0,-13.2967,0.0,-0.5765,0.876215
BANKBARODA-UNIONBANK,-11.9089,0.0,-12.8961,0.0,-1.3431,0.609231
IRCON-RVNL,-11.612,0.0,-15.7337,0.0,-1.6323,0.46629
BANKINDIA-INDIANB,-11.6718,0.0,-11.7338,0.0,-1.1185,0.707631
ADANIENT-ADANIPORTS,-13.4481,0.0,-15.1843,0.0,-0.8886,0.791696
DATAPATTNS-GRSE,-9.9447,0.0,-10.9047,0.0,-1.4676,0.549486
HCLTECH-TCS,-14.1094,0.0,-16.0199,0.0,-1.1261,0.70455
BSE-CDSL,-8.9294,0.0,-10.2212,0.0,0.4721,0.984001
IREDA-RVNL,-11.6898,0.0,-13.2203,0.0,-1.8891,0.337207
HINDZINC-NATIONALUM,-11.1174,0.0,-14.6933,0.0,-1.6784,0.442273
GRAPHITE-HEG,-14.5833,0.0,-14.7534,0.0,0.0677,0.963786
INDIANB-UNIONBANK,-10.0814,0.0,-10.7731,0.0,-1.658,0.452889
HINDALCO-NATIONALUM,-17.4234,0.0,-20.6387,0.0,-0.7746,0.826468
IRCON-RAILTEL,-12.3188,0.0,-19.0095,0.0,-0.6221,0.865919
COFORGE-PERSISTENT,-10.7271,0.0,-15.1717,0.0,-1.8506,0.355627
HCLTECH-INFY,-16.6309,0.0,-18.3896,0.0,-2.1524,0.22396
IRCON-IRFC,-17.7583,0.0,-19.2407,0.0,-1.4812,0.542812
CHENNPETRO-MRPL,-11.8708,0.0,-13.9347,0.0,-1.8182,0.371443
NBCC-RVNL,-8.1095,0.0,-8.8456,0.0,-1.0724,0.72597
JSWSTEEL-TATASTEEL,-15.7474,0.0,-16.4343,0.0,-1.6043,0.481431
TCS-WIPRO,-9.8418,0.0,-14.8867,0.0,-1.3801,0.591764
CANBK-INDIANB,-9.1183,0.0,-9.2695,0.0,-1.1648,0.688557
NMDC-TATASTEEL,-14.7312,0.0,-15.5481,0.0,-1.4268,0.569352
DLF-PRESTIGE,-17.2092,0.0,-22.4066,0.0,-1.3882,0.587914
INFY-WIPRO,-15.6913,0.0,-19.9518,0.0,-1.547,0.510129
IREDA-NBCC,-10.2517,0.0,-10.4396,0.0,-1.3503,0.605862
ADANIENSOL-ADANIENT,-11.5297,0.0,-12.9425,0.0,0.4304,0.982598
IREDA-RECLTD,-9.8299,0.0,-10.6367,0.0,-1.88,0.341517
JINDALSTEL-TATASTEEL,-15.1754,0.0,-15.7249,0.0,-1.5272,0.520022
CANBK-SBIN,-10.4534,0.0,-10.767,0.0,-1.2844,0.636277
IRFC-NBCC,-9.4938,0.0,-10.0756,0.0,-1.4598,0.553297
BANKBARODA-INDIANB,-9.3445,0.0,-11.6433,0.0,-1.2771,0.639571
HCLTECH-TECHM,-12.4453,0.0,-15.199,0.0,-1.6227,0.471332
DLF-LODHA,-14.0127,0.0,-14.5854,0.0,-2.055,0.26297
INDIANB-PNB,-9.0638,0.0,-9.927,0.0,-1.4617,0.552372
GODREJPROP-PRESTIGE,-12.0305,0.0,-15.2017,0.0,-1.2969,0.630602
BDL-COCHINSHIP,-10.4415,0.0,-10.4504,0.0,-1.3325,0.614169
BEL-GRSE,-10.6242,0.0,-10.8643,0.0,-1.4832,0.541812
DATAPATTNS-MAZDOCK,-9.2621,0.0,-11.7333,0.0,-1.2736,0.641165
TCS-TECHM,-9.913,0.0,-11.9493,0.0,-1.3952,0.584557
HINDALCO-VEDL,-15.8326,0.0,-19.4609,0.0,-0.5965,0.871778
IRCON-JWL,-10.7551,0.0,-12.3957,0.0,-1.1538,0.69315
GODREJPROP-LODHA,-13.3697,0.0,-16.9092,0.0,-0.9071,0.78563
BANKBARODA-SBIN,-10.1891,0.0,-11.8437,0.0,-0.662,0.85635
HINDALCO-TATASTEEL,-13.6436,0.0,-19.6155,0.0,-0.4171,0.9072
INFY-TECHM,-11.9132,0.0,-12.5184,0.0,-1.3072,0.625858
COFORGE-MPHASIS,-10.5166,0.0,-14.2692,0.0,-0.0993,0.94951
ABCAPITAL-LTF,-13.6404,0.0,-15.3453,0.0,-1.9632,0.30293
GRSE-HAL,-9.4748,0.0,-11.0075,0.0,-2.101,0.244103
NATIONALUM-NMDC,-8.401,0.0,-9.3012,0.0,-1.6721,0.445529
DLF-OBEROIRLTY,-11.7159,0.0,-13.5399,0.0,-1.5586,0.504364
JBCHEPHARM-TORNTPHARM,-29.942,0.0,-47.4667,0.0,-1.7172,0.42225
GODREJPROP-OBEROIRLTY,-12.6935,0.0,-13.5811,0.0,-2.3075,0.169564
IRFC-RECLTD,-9.1885,0.0,-9.7759,0.0,-2.186,0.211358
RAILTEL-RVNL,-16.2235,0.0,-17.2921,0.0,-1.3063,0.626276
BSE-MCX,-11.0392,0.0,-11.9071,0.0,-1.3831,0.59035
HCLTECH-WIPRO,-10.8076,0.0,-13.7978,0.0,-1.3719,0.595666
MAZDOCK-RVNL,-10.3221,0.0,-11.208,0.0,-1.2696,0.64295
INOXWIND-SUZLON,-10.2393,0.0,-11.3229,0.0,-2.505,0.114273
INOXWIND-IREDA,-8.766,0.0,-9.0199,0.0,-1.475,0.545827
HUDCO-IREDA,-8.6765,0.0,-9.2045,0.0,-1.7506,0.405272
PNB-SBIN,-9.3734,0.0,-10.9798,0.0,-1.0072,0.750619
COFORGE-INFY,-9.6088,0.0,-10.1829,0.0,-3.2646,0.016539
TECHM-WIPRO,-15.0921,0.0,-15.21,0.0,-1.3902,0.586977
MPHASIS-PERSISTENT,-14.7951,0.0,-18.2077,0.0,-1.6317,0.466614
IRFC-RAILTEL,-16.2386,0.0,-18.5935,0.0,-1.6136,0.476109
SAIL-TATASTEEL,-13.4047,0.0,-19.5507,0.0,-0.4097,0.90847
COFORGE-TECHM,-8.1992,0.0,-9.4247,0.0,-2.801,0.058125
BAJAJFINSV-BAJFINANCE,-14.8265,0.0,-18.3172,0.0,-1.4191,0.573082
CDSL-IREDA,-9.4137,0.0,-9.9651,0.0,-1.2396,0.656329
ANGELONE-BSE,-7.7089,0.0,-8.002,0.0,-1.6174,0.474108
COFORGE-TCS,-9.9748,0.0,-10.8424,0.0,-2.3622,0.152678
BDL-DATAPATTNS,-8.116,0.0,-8.5353,0.0,-1.0315,0.741599
COCHINSHIP-DATAPATTNS,-9.0386,0.0,-10.0389,0.0,-0.4249,0.905859
BANKINDIA-SBIN,-11.8983,0.0,-13.6929,0.0,-0.7425,0.835422
ADANIGREEN-ADANIPORTS,-13.383,0.0,-14.1909,0.0,-1.9069,0.328818
INOXWIND-NBCC,-10.3335,0.0,-13.5351,0.0,-1.888,0.337706
HEROMOTOCO-TVSMOTOR,-11.0162,0.0,-11.8111,0.0,-1.5761,0.495606
IREDA-PFC,-12.4127,0.0,-13.8736,0.0,-1.585,0.491127
JINDALSTEL-JSWSTEEL,-10.8059,0.0,-12.2113,0.0,0.2691,0.975882
LODHA-PRESTIGE,-13.438,0.0,-17.97,0.0,-1.5952,0.486012
JINDALSTEL-NMDC,-10.2784,0.0,-12.3472,0.0,-1.4639,0.551268
IREDA-JIOFIN,-11.3145,0.0,-12.9879,0.0,-1.5099,0.528621
HINDCOPPER-HINDZINC,-8.629,0.0,-14.038,0.0,-1.4421,0.561934
IRCON-RITES,-21.1249,0.0,-22.1097,0.0,-1.7209,0.42037
IRFC-MAZDOCK,-10.0027,0.0,-11.8446,0.0,-1.5358,0.515718
IRCON-TITAGARH,-11.0813,0.0,-12.0088,0.0,-1.5914,0.487912
HINDALCO-HINDZINC,-11.5899,0.0,-13.7869,0.0,-0.9747,0.762374
COFORGE-WIPRO,-10.2254,0.0,-11.3866,0.0,-2.1007,0.244227
IRCON-IREDA,-10.7076,0.0,-13.4994,0.0,-2.3916,0.144115
IREDA-SUZLON,-10.7224,0.0,-12.1207,0.0,-2.1599,0.221134
ANGELONE-CDSL,-9.033,0.0,-11.5688,0.0,-0.9193,0.781555
NATIONALUM-TATASTEEL,-12.4806,0.0,-14.6845,0.0,-1.1396,0.699008
CDSL-IRFC,-9.4503,0.0,-10.3742,0.0,-1.892,0.335839
EICHERMOT-HEROMOTOCO,-9.4405,0.0,-13.0089,0.0,-1.2762,0.639986
HUDCO-NBCC,-11.7427,0.0,-13.2936,0.0,-1.0786,0.723538
OBEROIRLTY-PRESTIGE,-11.0509,0.0,-15.9367,0.0,-1.8579,0.352137
NTPC-POWERGRID,-10.9537,0.0,-17.7635,0.0,-1.83,0.365665
COFORGE-HCLTECH,-9.4202,0.0,-11.3699,0.0,-0.0577,0.953496
HUDCO-IRFC,-10.7238,0.0,-12.0936,0.0,-2.0423,0.268323
ADANIGREEN-ADANIPOWER,-9.5813,0.0,-9.8776,0.0,-1.1665,0.687854
BAJAJ-AUTO-HEROMOTOCO,-10.1737,0.0,-13.5152,0.0,-1.5941,0.486561
TATASTEEL-VEDL,-10.0382,0.0,-12.8034,0.0,-1.4649,0.550807
COFORGE-OFSS,-9.5654,0.0,-14.0706,0.0,-1.8191,0.371011
SBIN-UNIONBANK,-9.3941,0.0,-10.4328,0.0,-0.4828,0.895321
MAZDOCK-NBCC,-9.4019,0.0,-11.8147,0.0,-1.2879,0.634671
COFORGE-LTM,-12.8594,0.0,-18.3043,0.0,-1.338,0.611593
IREDA-MAZDOCK,-10.1758,0.0,-11.3458,0.0,-1.2968,0.630644
INOXWIND-IRFC,-9.8229,0.0,-11.3626,0.0,-1.9578,0.305356
JWL-TITAGARH,-14.0771,0.0,-16.2442,0.0,-2.5066,0.113869
BEML-COCHINSHIP,-11.3135,0.0,-14.3839,0.0,-0.7298,0.838868
PERSISTENT-TECHM,-11.6371,0.0,-12.6507,0.0,-1.1965,0.6751
BEL-COCHINSHIP,-11.4945,0.0,-13.4809,0.0,-1.6424,0.461014
RVNL-TITAGARH,-12.4142,0.0,-15.8769,0.0,-1.4756,0.545528
IRFC-PFC,-11.0926,0.0,-13.2473,0.0,-2.0507,0.264798
JWL-RVNL,-11.5118,0.0,-13.6501,0.0,-2.1189,0.236995
BEML-MAZDOCK,-10.5405,0.0,-10.7914,0.0,-0.9923,0.756052
BDL-RVNL,-9.9776,0.0,-10.1911,0.0,-1.176,0.683832
NMDC-VEDL,-13.9303,0.0,-14.7156,0.0,-0.8969,0.788993
COCHINSHIP-HAL,-10.5302,0.0,-11.3036,0.0,-2.0845,0.250794
BEML-GRSE,-10.2817,0.0,-11.0908,0.0,-1.5339,0.516684
IRFC-SUZLON,-8.9741,0.0,-9.6471,0.0,-2.1913,0.209432
NBCC-RECLTD,-8.4476,0.0,-8.9934,0.0,-1.5994,0.483915
CDSL-NBCC,-10.7443,0.0,-15.5331,0.0,-1.7653,0.397809
BAJAJ-AUTO-EICHERMOT,-10.0404,0.0,-11.7597,0.0,-1.0388,0.738864
EICHERMOT-TVSMOTOR,-12.767,0.0,-14.5749,0.0,-0.9815,0.75996
MAZDOCK-SUZLON,-10.1023,0.0,-11.5451,0.0,-1.2799,0.638317
LODHA-OBEROIRLTY,-9.2214,0.0,-10.811,0.0,-1.4523,0.556971
JIOFIN-NBCC,-10.5564,0.0,-11.9242,0.0,-2.118,0.237356
M&M-MARUTI,-16.7558,0.0,-17.5643,0.0,-3.9988,0.001417
JBMA-OLECTRA,-13.3748,0.0,-14.9008,0.0,-1.7166,0.422571
ADANIENT-AMBUJACEM,-10.2727,0.0,-11.0364,0.0,0.1539,0.969554
OFSS-PERSISTENT,-12.2772,0.0,-13.027,0.0,-1.0453,0.73639
PREMIERENE-WAAREEENER,-12.5496,0.0,-13.4867,0.0,-1.33,0.615321
NBCC-SUZLON,-9.5804,0.0,-9.6099,0.0,-1.0305,0.74198
MPHASIS-TECHM,-10.9701,0.0,-13.8199,0.0,-1.4781,0.544329
MAZDOCK-SOLARINDS,-10.4285,0.0,-11.3614,0.0,-0.8494,0.804171
IRFC-JIOFIN,-8.1047,0.0,-10.6669,0.0,-2.1162,0.238058
HINDCOPPER-NATIONALUM,-14.0474,0.0,-16.6713,0.0,-1.3293,0.615652
CDSL-JIOFIN,-11.07,0.0,-14.5505,0.0,-1.8835,0.339883
IDEA-INDUSTOWER,-10.1846,0.0,-10.5228,0.0,-1.2894,0.634007
CANBK-RECLTD,-9.0258,0.0,-10.1022,0.0,-1.1023,0.714137
BDL-NBCC,-8.3973,0.0,-8.613,0.0,-1.0469,0.735777
BEL-DATAPATTNS,-10.6824,0.0,-11.8991,0.0,-1.2039,0.671902
HINDZINC-NMDC,-7.9894,0.0,-9.2252,0.0,-1.5495,0.508895
MPHASIS-OFSS,-13.6984,0.0,-16.6869,0.0,-1.8186,0.371264
INFY-PERSISTENT,-15.1973,0.0,-16.0202,0.0,-1.317,0.621378
INOXWIND-RVNL,-9.1119,0.0,-9.3047,0.0,-2.0318,0.272816
JIOFIN-RECLTD,-9.1487,0.0,-9.1853,0.0,-1.4367,0.564566
KPITTECH-TATAELXSI,-11.0775,0.0,-11.9107,0.0,-1.3238,0.618227
JWL-RAILTEL,-14.8403,0.0,-18.3907,0.0,-2.3877,0.145241
PERSISTENT-TCS,-11.0972,0.0,-12.7256,0.0,-1.0657,0.728569
RECLTD-RVNL,-8.6323,0.0,-9.3801,0.0,-1.5128,0.527182
NMDC-SAIL,-14.7402,0.0,-14.8682,0.0,-1.6282,0.468437
HINDALCO-NMDC,-11.3169,0.0,-12.2966,0.0,-1.0873,0.720124
KEI-POLYCAB,-15.3394,0.0,-17.2445,0.0,0.0841,0.96496
ADANIGREEN-TATAPOWER,-8.3241,0.0,-10.5984,0.0,-0.1899,0.939714
HCLTECH-PERSISTENT,-14.8126,0.0,-19.8551,0.0,-1.5241,0.521553
BAJAJ-AUTO-TVSMOTOR,-10.8432,0.0,-14.2393,0.0,-0.2993,0.925606
COFORGE-TATAELXSI,-8.9986,0.0,-9.9016,0.0,-2.0663,0.258283
BDL-BEML,-8.6362,0.0,-8.7967,0.0,-1.823,0.369118
IRFC-TITAGARH,-11.6541,0.0,-13.0549,0.0,-1.3347,0.613129
INOXWIND-MAZDOCK,-8.7711,0.0,-9.7588,0.0,-1.5191,0.52404
OIL-ONGC,-12.4815,0.0,-14.1452,0.0,-0.8371,0.807976
HUDCO-RECLTD,-9.1156,0.0,-9.6128,0.0,-1.8372,0.362155
IRCON-NBCC,-9.9355,0.0,-10.1568,0.0,-1.287,0.635079
DLF-NBCC,-11.496,0.0,-14.0475,0.0,-2.1862,0.211303
IRFC-JWL,-11.4279,0.0,-12.1941,0.0,-1.3404,0.610491
CDSL-MCX,-15.0709,0.0,-17.7943,0.0,-1.0572,0.731848
M&M-TVSMOTOR,-12.8734,0.0,-15.5494,0.0,-2.1968,0.207404
BDL-IREDA,-8.4823,0.0,-9.3429,0.0,-1.344,0.608825
PERSISTENT-WIPRO,-10.5059,0.0,-12.9526,0.0,-1.6661,0.448655
EICHERMOT-MARUTI,-10.4736,0.0,-15.0363,0.0,-2.1972,0.207246
MPHASIS-TCS,-14.4145,0.0,-15.2301,0.0,-1.9433,0.311985
ACC-AMBUJACEM,-18.8689,0.0,-27.1823,0.0,-5.5251,2e-06
DATAPATTNS-HAL,-9.9501,0.0,-11.074,0.0,-1.4691,0.548732
COFORGE-KPITTECH,-11.2475,0.0,-13.6029,0.0,-0.6029,0.870318
LTM-PERSISTENT,-11.1462,0.0,-16.4709,0.0,-1.9578,0.305371
IRCTC-IRFC,-13.5081,0.0,-14.0236,0.0,-1.4572,0.554573
RECLTD-TATAPOWER,-8.6992,0.0,-9.7685,0.0,-1.6903,0.436103
DLF-PHOENIXLTD,-12.1246,0.0,-13.12,0.0,-2.5412,0.105777
RVNL-SUZLON,-8.6287,0.0,-8.8072,0.0,-2.1452,0.226727
EICHERMOT-M&M,-9.0467,0.0,-12.1418,0.0,-1.9865,0.292529
DLF-IREDA,-9.3911,0.0,-10.0382,0.0,-1.4256,0.56995
ADANIENSOL-ADANIPOWER,-9.9523,0.0,-11.0385,0.0,-1.1825,0.681099
COCHINSHIP-RVNL,-11.4438,0.0,-12.7615,0.0,-1.5906,0.488336
GODREJPROP-PHOENIXLTD,-11.0123,0.0,-11.5256,0.0,-2.6273,0.087492
MOTHERSON-TMPV,-12.3689,0.0,-13.013,0.0,-2.2722,0.181102
ADANIENSOL-ADANIPORTS,-9.4568,0.0,-10.5376,0.0,-0.1549,0.943693
BDL-SOLARINDS,-8.5329,0.0,-9.9408,0.0,-1.5046,0.53123
IREDA-RAILTEL,-10.693,0.0,-12.0162,0.0,-1.9629,0.303081
OFSS-TATAELXSI,-11.6164,0.0,-12.9353,0.0,-1.0723,0.725998
BEL-RVNL,-11.7482,0.0,-12.139,0.0,-1.2055,0.671244
JIOFIN-RVNL,-8.3824,0.0,-8.5533,0.0,-1.612,0.476907
JSWSTEEL-NMDC,-10.5065,0.0,-11.6693,0.0,-1.6891,0.436741
NHPC-TATAPOWER,-11.5269,0.0,-12.8575,0.0,-2.0145,0.280259
HAL-RVNL,-10.3695,0.0,-11.481,0.0,-1.3975,0.583481
LTM-MPHASIS,-13.9242,0.0,-20.9874,0.0,-1.3848,0.589539
HINDALCO-JSWSTEEL,-9.1764,0.0,-11.2557,0.0,-1.8944,0.334693
LTM-TECHM,-10.7572,0.0,-13.6765,0.0,-1.7696,0.395634
GRSE-ZENTEC,-10.5174,0.0,-11.2947,0.0,-2.2525,0.187759
IREDA-TATAPOWER,-10.2837,0.0,-11.3947,0.0,-1.7241,0.418746
INFY-MPHASIS,-14.8219,0.0,-18.3153,0.0,-1.6183,0.473611
MPHASIS-WIPRO,-16.5548,0.0,-17.7656,0.0,-1.6524,0.45579
HDFCLIFE-SBILIFE,-9.6521,0.0,-10.1751,0.0,-1.2869,0.635166
CANBK-PFC,-9.3404,0.0,-11.7064,0.0,-1.1728,0.685167
HEROMOTOCO-M&M,-11.6157,0.0,-16.0815,0.0,-7.5773,0.0
CAMS-CDSL,-15.2546,0.0,-18.6496,0.0,-0.4957,0.892857
RITES-RVNL,-16.1497,0.0,-18.5311,0.0,-1.4152,0.574972
KAYNES-PGEL,-9.5073,0.0,-9.6374,0.0,-2.0534,0.263643
CDSL-RECLTD,-10.0238,0.0,-10.0947,0.0,-1.2351,0.658312
BANKINDIA-CENTRALBK,-9.8707,0.0,-10.237,0.0,-1.314,0.622733
BAJAJ-AUTO-M&M,-10.732,0.0,-13.0436,0.0,-1.063,0.729586
PERSISTENT-TATAELXSI,-10.3228,0.0,-15.1236,0.0,-1.432,0.566838
JSWENERGY-TATAPOWER,-10.3149,0.0,-11.7778,0.0,-1.9739,0.298134
INDIANB-SBIN,-9.3089,0.0,-10.1393,0.0,-2.2058,0.204139
CDSL-MAZDOCK,-9.2843,0.0,-10.4543,0.0,-1.5776,0.494816
GAIL-IOC,-11.7424,0.0,-13.3145,0.0,-1.7873,0.386798
BDL-IRFC,-11.1537,0.0,-13.1267,0.0,-1.2273,0.661735
BANKINDIA-RECLTD,-8.1849,0.0,-9.6734,0.0,-1.3321,0.614341
BHEL-MAZDOCK,-8.5757,0.0,-8.742,0.0,-0.2834,0.927829
HINDZINC-TATASTEEL,-10.2897,0.0,-11.3607,0.0,-2.5527,0.103182
CENTRALBK-MAHABANK,-15.2411,0.0,-18.9831,0.0,-1.0578,0.731621
GODREJPROP-NBCC,-9.4016,0.0,-9.9108,0.0,-1.769,0.395933
PFC-TATAPOWER,-9.0932,0.0,-11.0895,0.0,-1.6813,0.44079
M&M-TMPV,-11.0847,0.0,-11.9962,0.0,-2.2296,0.195696
HUDCO-RVNL,-9.2485,0.0,-9.5645,0.0,-2.0171,0.279115
CENTRALBK-IOB,-14.2267,0.0,-16.7189,0.0,-0.7226,0.840797
PNB-RECLTD,-8.4041,0.0,-8.7369,0.0,-0.7653,0.829108
BANKINDIA-MAHABANK,-11.0131,0.0,-16.8229,0.0,-0.7631,0.829711
ABB-SIEMENS,-12.0635,0.0,-13.9742,0.0,-0.9768,0.761637
IRCON-MAZDOCK,-9.588,0.0,-10.1935,0.0,-1.8455,0.358095
ABCAPITAL-IREDA,-10.8408,0.0,-10.9546,0.0,-1.2765,0.639835
CDSL-RVNL,-9.1712,0.0,-9.8207,0.0,-1.8898,0.336882
CANBK-IREDA,-8.561,0.0,-8.8495,0.0,-1.1579,0.691429
HEROMOTOCO-MARUTI,-11.7304,0.0,-12.9281,0.0,-5.7313,1e-06
NBCC-PFC,-9.7987,0.0,-9.8306,0.0,-1.941,0.313012
CANBK-CENTRALBK,-10.7366,0.0,-11.8644,0.0,-2.0913,0.248008
HCLTECH-MPHASIS,-17.425,0.0,-20.2885,0.0,-1.2657,0.644722
CENTRALBK-PNB,-9.8336,0.0,-13.2495,0.0,-1.7645,0.398199
BDL-SUZLON,-8.2129,0.0,-8.6138,0.0,-2.2143,0.201097
JIOFIN-MAZDOCK,-8.7487,0.0,-8.8505,0.0,-1.3878,0.588103
LTM-TCS,-14.0851,0.0,-14.5991,0.0,-2.2314,0.195034
JINDALSTEL-NATIONALUM,-13.7984,0.0,-14.4554,0.0,-1.113,0.709862
LTM-WIPRO,-12.4014,0.0,-19.552,0.0,-1.7141,0.423871
BANKINDIA-IREDA,-7.9906,0.0,-8.4882,0.0,-1.1965,0.675114
HDFCBANK-ICICIBANK,-13.4398,0.0,-15.5321,0.0,-0.9064,0.785867
IRFC-RITES,-20.1904,0.0,-21.9899,0.0,-1.802,0.379486
INFY-LTM,-14.766,0.0,-16.068,0.0,-2.7739,0.0621
BANKBARODA-RECLTD,-8.3919,0.0,-8.7663,0.0,-1.1308,0.702621
BEL-BHEL,-9.278,0.0,-10.8235,0.0,-1.5757,0.49577
TATAELXSI-TATATECH,-9.3114,0.0,-14.3622,0.0,-0.7002,0.846696
NTPC-TATAPOWER,-10.232,0.0,-12.9488,0.0,-1.873,0.344869
BANKINDIA-RBLBANK,-9.2511,0.0,-10.6035,0.0,-1.2389,0.656624
HCLTECH-LTM,-18.4709,0.0,-20.3114,0.0,-1.1783,0.682871
OFSS-TECHM,-8.9716,0.0,-10.2099,0.0,-1.5616,0.502852
RAILTEL-RITES,-20.3069,0.0,-24.7535,0.0,-0.6865,0.850222
JINDALSTEL-SAIL,-14.9513,0.0,-15.5707,0.0,0.4873,0.984481
BEML-DATAPATTNS,-10.2821,0.0,-12.6908,0.0,-1.1534,0.693322
DLF-IRFC,-11.0001,0.0,-14.5224,0.0,-1.7671,0.396894
OFSS-WIPRO,-11.7201,0.0,-14.1986,0.0,-1.6855,0.438599
ADANIGREEN-IREDA,-7.6813,0.0,-7.8456,0.0,-0.2465,0.932753
IREDA-SJVN,-11.9628,0.0,-13.0502,0.0,-1.0953,0.716942
ETERNAL-SWIGGY,-16.0318,0.0,-19.1017,0.0,-0.9794,0.760696
DLF-RECLTD,-9.1076,0.0,-9.9106,0.0,-1.2151,0.667069
DLF-JIOFIN,-17.0942,0.0,-17.9282,0.0,-1.1412,0.698373
INOXWIND-JIOFIN,-11.3066,0.0,-14.7752,0.0,-1.709,0.426499
ADANIENSOL-TATAPOWER,-9.2965,0.0,-10.474,0.0,-1.759,0.400994
INOXWIND-RECLTD,-8.5867,0.0,-8.6545,0.0,-1.3355,0.612772
CENTRALBK-UCOBANK,-13.82,0.0,-22.2684,0.0,-2.3434,0.158343
GAIL-TATAPOWER,-9.1051,0.0,-12.1433,0.0,-1.3115,0.623905
MPHASIS-TATAELXSI,-14.0216,0.0,-14.2117,0.0,-1.7236,0.419019
MAZDOCK-ZENTEC,-10.9622,0.0,-11.5648,0.0,-2.6487,0.083342
IRCTC-IREDA,-9.7377,0.0,-9.9253,0.0,-1.1113,0.710538
JIOFIN-SUZLON,-10.4724,0.0,-11.2059,0.0,-1.3169,0.621416
BAJFINANCE-CHOLAFIN,-10.2879,0.0,-10.7597,0.0,-1.6719,0.445644
TATAELXSI-WIPRO,-8.6358,0.0,-11.7633,0.0,-1.3815,0.591105
BDL-INOXWIND,-9.5896,0.0,-10.4668,0.0,-1.5693,0.499014
GODREJPROP-IREDA,-8.2344,0.0,-8.3165,0.0,-1.1594,0.690817
AMBER-DIXON,-6.8194,0.0,-7.2383,0.0,-0.7393,0.836305
GRSE-RVNL,-9.684,0.0,-10.1332,0.0,-1.3041,0.627304
TATAELXSI-TCS,-9.5495,0.0,-12.3587,0.0,-1.831,0.365189
ADANIENT-ADANIPOWER,-10.4563,0.0,-12.3959,0.0,-1.2436,0.654584
COCHINSHIP-NBCC,-9.5919,0.0,-12.997,0.0,-1.025,0.744055
IREDA-NHPC,-13.7852,0.0,-15.4922,0.0,-1.7466,0.40728
HAL-NBCC,-9.6686,0.0,-10.2247,0.0,-0.6085,0.86905
OFSS-TCS,-10.8145,0.0,-11.2562,0.0,-1.3153,0.622128
ADANIENT-JIOFIN,-9.41,0.0,-14.5312,0.0,1.0154,0.994426
JIOFIN-PFC,-10.113,0.0,-10.3355,0.0,-1.6574,0.453172
IREDA-TITAGARH,-10.3687,0.0,-11.3676,0.0,-1.5727,0.497311
KPITTECH-MPHASIS,-11.913,0.0,-13.4505,0.0,-1.0419,0.737695
ABCAPITAL-JIOFIN,-16.4838,0.0,-16.6824,0.0,-0.9641,0.76614
CANBK-JIOFIN,-11.5805,0.0,-12.8751,0.0,-1.2692,0.643147
KPITTECH-OFSS,-11.9521,0.0,-13.3444,0.0,-2.0702,0.256653
BANKINDIA-PFC,-8.4411,0.0,-10.5594,0.0,-2.1992,0.206526
HINDALCO-JINDALSTEL,-9.5975,0.0,-13.4443,0.0,-0.6965,0.847666
BAJFINANCE-SHRIRAMFIN,-12.9127,0.0,-13.7234,0.0,-1.2913,0.633138
KPITTECH-PERSISTENT,-10.5915,0.0,-11.6208,0.0,-1.0998,0.715141
BHEL-INOXWIND,-8.8445,0.0,-10.3033,0.0,0.5164,0.985365
POWERGRID-TATAPOWER,-11.2121,0.0,-14.7419,0.0,-0.957,0.768623
MAHABANK-PNB,-10.4915,0.0,-11.2023,0.0,-1.3918,0.586181
ADANIPORTS-AMBUJACEM,-10.6653,0.0,-11.0691,0.0,-0.4675,0.89821
TATAELXSI-TECHM,-8.9536,0.0,-10.2634,0.0,-1.5006,0.533229
PFC-PNB,-8.6437,0.0,-9.0289,0.0,-1.1935,0.676379
ADANIGREEN-NHPC,-9.242,0.0,-10.0413,0.0,-0.5798,0.875481
NBCC-TATAPOWER,-8.6744,0.0,-9.2528,0.0,-1.348,0.606926
CDSL-DLF,-12.9856,0.0,-14.7249,0.0,-2.4516,0.127693
IREDA-LICHSGFIN,-8.9666,0.0,-9.6151,0.0,-1.3102,0.624487
BANKBARODA-CENTRALBK,-11.6031,0.0,-12.1905,0.0,-1.3803,0.591694
BHEL-IREDA,-8.3981,0.0,-8.726,0.0,0.7966,0.991581
PNB-YESBANK,-9.7342,0.0,-10.9224,0.0,-1.0134,0.748353
INFY-OFSS,-12.6184,0.0,-14.1763,0.0,-2.075,0.254668
MAZDOCK-TITAGARH,-9.7394,0.0,-11.5323,0.0,-1.4039,0.580382
PFC-RVNL,-9.7875,0.0,-12.3047,0.0,-0.8748,0.796144
HUDCO-PFC,-10.0004,0.0,-10.9928,0.0,-1.9895,0.291191
IREDA-PNB,-9.0869,0.0,-9.2654,0.0,-1.6697,0.446789
ADANIGREEN-JSWENERGY,-9.5807,0.0,-9.6619,0.0,-0.6238,0.865501
DIXON-KAYNES,-9.2499,0.0,-9.8899,0.0,-1.2707,0.642467
CANBK-MAHABANK,-12.3646,0.0,-13.5575,0.0,-1.3622,0.60026
ADANIENT-TATAPOWER,-9.329,0.0,-11.0328,0.0,-0.0439,0.954752
GMRAIRPORT-IREDA,-9.5452,0.0,-10.3288,0.0,-0.995,0.755098
ADANIENT-IREDA,-7.0658,0.0,-7.4773,0.0,0.6208,0.988117
BEL-NBCC,-10.898,0.0,-12.0626,0.0,-1.2065,0.670797
IRFC-TATAPOWER,-9.168,0.0,-10.1133,0.0,-2.2113,0.20216
CDSL-INOXWIND,-11.1503,0.0,-15.4233,0.0,-1.5903,0.488486
BHEL-SUZLON,-8.7035,0.0,-10.0286,0.0,2.77,1.0
RECLTD-SUZLON,-8.2266,0.0,-9.1439,0.0,-2.1484,0.225494
RAILTEL-TITAGARH,-13.3228,0.0,-19.2404,0.0,-1.0229,0.744832
IREDA-LTF,-9.6544,0.0,-10.0549,0.0,-1.7078,0.427104
MARUTI-TVSMOTOR,-12.1368,0.0,-12.9167,0.0,-1.5635,0.501897
HAL-SOLARINDS,-9.6704,0.0,-10.2444,0.0,-1.0841,0.721367
BANKINDIA-YESBANK,-9.6663,0.0,-10.243,0.0,-1.3668,0.598079
BHEL-NBCC,-8.6704,0.0,-10.8764,0.0,-1.1639,0.688928
CDSL-KFINTECH,-11.2126,0.0,-13.7505,0.0,-1.9204,0.322517
CANBK-YESBANK,-9.6598,0.0,-9.8603,0.0,-1.4273,0.569103
CENTRALBK-UNIONBANK,-12.7501,0.0,-13.2588,0.0,-0.98,0.760498
BAJAJ-AUTO-MARUTI,-12.1498,0.0,-13.3759,0.0,-1.2329,0.659272
MAHABANK-UNIONBANK,-12.4363,0.0,-15.3696,0.0,-1.1316,0.702313
IOC-PETRONET,-10.6829,0.0,-11.4514,0.0,-2.4555,0.126677
COCHINSHIP-IREDA,-9.0151,0.0,-9.4264,0.0,-1.3978,0.583315
CANBK-RBLBANK,-9.6813,0.0,-10.2622,0.0,-1.4344,0.565698
BDL-CDSL,-8.4319,0.0,-10.3944,0.0,-1.2938,0.631987
NBCC-RAILTEL,-10.5399,0.0,-11.8054,0.0,-0.9419,0.773869
LAURUSLABS-ZYDUSLIFE,-9.7188,0.0,-10.4555,0.0,-2.4122,0.138323
JIOFIN-TATAPOWER,-10.5922,0.0,-11.509,0.0,-1.664,0.449741
ABCAPITAL-BANKINDIA,-9.669,0.0,-11.0042,0.0,-1.1267,0.704293
DLF-RVNL,-10.0453,0.0,-11.203,0.0,-1.5472,0.510046
RECLTD-UNIONBANK,-9.6165,0.0,-10.3375,0.0,-0.9045,0.786487
CGPOWER-NBCC,-9.9089,0.0,-12.1943,0.0,-1.6112,0.477323
LTM-OFSS,-13.7204,0.0,-16.0606,0.0,-2.4284,0.13388
LUPIN-ZYDUSLIFE,-10.6269,0.0,-11.8482,0.0,-1.3293,0.615656
IREDA-JWL,-10.5072,0.0,-11.3594,0.0,-1.2649,0.645085
ADANIGREEN-ATGL,-11.0828,0.0,-11.2103,0.0,-0.3043,0.9249
HCLTECH-OFSS,-10.5312,0.0,-12.0711,0.0,-1.4353,0.565227
BDL-BHEL,-7.3647,0.0,-7.5469,0.0,-1.4453,0.560363
ABCAPITAL-CANBK,-11.2834,0.0,-12.1198,0.0,-2.2098,0.202704
IRFC-NHPC,-10.9853,0.0,-12.3172,0.0,-3.3307,0.013561
BSE-IREDA,-8.2423,0.0,-8.8095,0.0,0.6956,0.98975
ABCAPITAL-RECLTD,-11.2755,0.0,-11.4497,0.0,-0.9174,0.7822
JINDALSTEL-VEDL,-9.3115,0.0,-15.7621,0.0,-1.2426,0.65499
PHOENIXLTD-PRESTIGE,-12.7884,0.0,-13.6914,0.0,-3.9432,0.001739
COCHINSHIP-IRCON,-11.6853,0.0,-11.8077,0.0,-1.4071,0.578868
CANBK-NBCC,-9.1642,0.0,-9.7795,0.0,-0.9537,0.769784
BANKINDIA-NBCC,-8.8024,0.0,-9.7219,0.0,-1.1838,0.680536
CDSL-PFC,-12.3482,0.0,-12.7354,0.0,-1.3841,0.589888
IRFC-SJVN,-8.9132,0.0,-11.2098,0.0,-1.4262,0.569629
LICHSGFIN-RECLTD,-8.977,0.0,-9.1513,0.0,-1.562,0.502629
BANKINDIA-IRFC,-8.6886,0.0,-9.4538,0.0,-1.1275,0.703997
CDSL-HUDCO,-9.8695,0.0,-10.0939,0.0,-1.0897,0.71917
BEL-IRFC,-12.3227,0.0,-12.7724,0.0,-1.165,0.688482
INOXWIND-IRCON,-10.203,0.0,-12.5019,0.0,-2.1432,0.227498
MANAPPURAM-MUTHOOTFIN,-10.8048,0.0,-10.9458,0.0,-1.5124,0.52738
ADANIGREEN-AMBUJACEM,-10.1765,0.0,-10.2825,0.0,-0.4369,0.903758
BANDHANBNK-BANKINDIA,-8.0474,0.0,-8.2533,0.0,-0.8195,0.813326
BAJFINANCE-JIOFIN,-11.5888,0.0,-14.5466,0.0,-1.4976,0.534686
MARUTI-TMPV,-11.4702,0.0,-12.1888,0.0,-1.2672,0.644038
COFORGE-TATATECH,-8.6026,0.0,-9.0009,0.0,-1.3281,0.616229
BANKINDIA-JIOFIN,-11.5523,0.0,-12.3102,0.0,-1.3997,0.582404
JIOFIN-PNB,-9.3522,0.0,-9.4178,0.0,-1.4614,0.55253
CGPOWER-HAL,-8.6587,0.0,-9.9006,0.0,-1.2035,0.672086
ADANIPORTS-JIOFIN,-11.0006,0.0,-15.752,0.0,0.1506,0.96935
LTF-SHRIRAMFIN,-15.5399,0.0,-19.3678,0.0,-1.656,0.453938
ANGELONE-IREDA,-7.7701,0.0,-8.0683,0.0,-0.8574,0.80167
CONCOR-IREDA,-9.5939,0.0,-10.2325,0.0,-0.5765,0.876212
PNB-RBLBANK,-9.4631,0.0,-10.6057,0.0,-1.4575,0.554399
MAZDOCK-RECLTD,-9.4598,0.0,-9.7311,0.0,-1.7875,0.386685
CGPOWER-RVNL,-10.1693,0.0,-10.5213,0.0,-0.93,0.777922
LTM-TATAELXSI,-10.2678,0.0,-17.7075,0.0,-1.9068,0.328852
COCHINSHIP-ZENTEC,-10.9369,0.0,-13.5019,0.0,-2.077,0.253863
BHARATFORG-MOTHERSON,-12.771,0.0,-14.6135,0.0,-1.3265,0.616951
GLENMARK-LAURUSLABS,-11.8388,0.0,-14.2489,0.0,-0.7066,0.84503
NBCC-TITAGARH,-10.5879,0.0,-10.8158,0.0,-0.9152,0.782933
HEROMOTOCO-MOTHERSON,-10.0634,0.0,-11.0912,0.0,-4.8543,4.3e-05
JIOFIN-LTF,-8.9371,0.0,-9.8984,0.0,-1.247,0.653048
INFY-TATAELXSI,-11.4492,0.0,-12.9737,0.0,-1.1597,0.690685
AUROPHARMA-LUPIN,-12.6177,0.0,-13.57,0.0,-1.4385,0.56368
BEL-SOLARINDS,-13.4312,0.0,-14.6255,0.0,0.0684,0.963834
LODHA-PHOENIXLTD,-9.9364,0.0,-13.301,0.0,-2.3889,0.144894
HINDCOPPER-VEDL,-12.0489,0.0,-12.4603,0.0,-1.4608,0.552803
CGPOWER-MAZDOCK,-8.6242,0.0,-9.4334,0.0,-1.3151,0.622246
JIOFIN-RELIANCE,-13.7224,0.0,-15.1309,0.0,-1.4424,0.561784
HAL-IREDA,-8.577,0.0,-8.9217,0.0,-1.0615,0.730193
CDSL-TATAPOWER,-10.4434,0.0,-11.0637,0.0,-2.8387,0.052959
IRCTC-RVNL,-11.0303,0.0,-11.6495,0.0,-1.6042,0.481501
HEROMOTOCO-TMPV,-10.8394,0.0,-11.5878,0.0,-2.1035,0.243124
UNIONBANK-YESBANK,-9.4581,0.0,-10.0621,0.0,-1.176,0.683817
CDSL-LTF,-9.5483,0.0,-10.1872,0.0,-1.78,0.390453
CHOLAFIN-SHRIRAMFIN,-13.7916,0.0,-14.1213,0.0,-1.5112,0.52797
COCHINSHIP-IRFC,-12.5721,0.0,-13.496,0.0,-1.3518,0.605177
BSE-JIOFIN,-10.203,0.0,-12.9506,0.0,0.3464,0.979375
CDSL-SUZLON,-9.7033,0.0,-11.1638,0.0,-1.1698,0.686437
BANKBARODA-MAHABANK,-11.7894,0.0,-15.4224,0.0,-1.1385,0.699471
DLF-PFC,-9.7883,0.0,-10.8573,0.0,-2.2114,0.202134
CAMS-IREDA,-8.5548,0.0,-8.6497,0.0,-0.8872,0.792152
GLENMARK-ZYDUSLIFE,-11.831,0.0,-13.1819,0.0,-1.5782,0.494543
BDL-ZENTEC,-9.6475,0.0,-10.0876,0.0,-2.3395,0.159542
ABCAPITAL-CDSL,-15.8116,0.0,-18.8416,0.0,-0.8327,0.809337
CDSL-HDFCAMC,-9.5381,0.0,-12.2703,0.0,-2.4641,0.124466
JIOFIN-TMPV,-10.6444,0.0,-10.6774,0.0,-1.7917,0.384597
BHEL-RVNL,-8.9686,0.0,-9.1376,0.0,-0.7712,0.827436
BDL-IRCON,-10.238,0.0,-10.6406,0.0,-1.1957,0.675422
DIXON-KALYANKJIL,-11.4486,0.0,-11.7075,0.0,-1.5635,0.501874
ADANIENT-NBCC,-7.7872,0.0,-12.458,0.0,-0.9828,0.759479
BANKINDIA-IDBI,-11.0624,0.0,-11.8589,0.0,-1.4834,0.541709
LTF-RECLTD,-10.4301,0.0,-11.4083,0.0,-1.4629,0.551779
HUDCO-INOXWIND,-11.2483,0.0,-11.5746,0.0,-1.5299,0.518654
BEML-IRCON,-13.4389,0.0,-14.8158,0.0,-0.7151,0.842804
BANKINDIA-LTF,-9.6549,0.0,-10.5151,0.0,-1.1824,0.681117
CANBK-IRFC,-9.6404,0.0,-10.9461,0.0,-1.2816,0.637541
IOB-MAHABANK,-12.7194,0.0,-18.588,0.0,-2.6294,0.087066
IDFCFIRSTB-PNB,-9.9585,0.0,-10.2672,0.0,-1.3397,0.610841
BDL-JIOFIN,-9.3112,0.0,-9.8631,0.0,-1.6726,0.445299
CANBK-LTF,-10.7035,0.0,-11.6227,0.0,-2.0623,0.259934
HAL-IRFC,-11.4166,0.0,-12.5479,0.0,-1.6069,0.480136
HCLTECH-TATAELXSI,-13.9222,0.0,-15.9287,0.0,-1.3772,0.593159
JSWENERGY-NHPC,-10.6969,0.0,-11.8588,0.0,-1.0882,0.719755
INDHOTEL-JIOFIN,-15.658,0.0,-17.2924,0.0,-0.9793,0.760739
BEL-JIOFIN,-11.6395,0.0,-12.75,0.0,-1.8665,0.347984
CANBK-IDFCFIRSTB,-11.0047,0.0,-13.9655,0.0,-0.8035,0.818104
ADANIENSOL-JSWENERGY,-9.7754,0.0,-9.9445,0.0,-1.3023,0.62813
AUROPHARMA-ZYDUSLIFE,-11.4827,0.0,-12.8428,0.0,-1.538,0.514632
GRSE-NBCC,-10.0224,0.0,-11.0814,0.0,-0.9739,0.762671
JWL-MAZDOCK,-9.094,0.0,-10.4504,0.0,-1.3101,0.624534
ABCAPITAL-PFC,-12.5755,0.0,-14.0959,0.0,-1.1928,0.676685
BANKBARODA-PFC,-8.5707,0.0,-11.2204,0.0,-1.6269,0.469105
JWL-RITES,-14.3854,0.0,-15.8602,0.0,-2.4161,0.137233
KPITTECH-TCS,-11.2789,0.0,-11.4627,0.0,-3.0262,0.032515
IREDA-JSWENERGY,-10.8007,0.0,-10.8115,0.0,-1.576,0.49562
DIVISLAB-LAURUSLABS,-10.3535,0.0,-12.9335,0.0,-1.5345,0.516383
GMRAIRPORT-NBCC,-11.1892,0.0,-14.8499,0.0,-1.3007,0.628872
JIOFIN-LT,-10.4151,0.0,-11.1163,0.0,-0.675,0.853128
EXIDEIND-IREDA,-8.1415,0.0,-8.3768,0.0,-1.2741,0.640939
GRSE-IRCON,-10.0114,0.0,-10.4847,0.0,-1.5144,0.526353
DLF-MAZDOCK,-10.0261,0.0,-11.475,0.0,-1.5347,0.516297
BHEL-IRFC,-8.8924,0.0,-9.8613,0.0,-1.1123,0.710143
CGPOWER-IREDA,-8.8264,0.0,-9.4716,0.0,-0.8222,0.812504
GODREJPROP-IRFC,-8.9385,0.0,-9.1131,0.0,-1.2745,0.640766
ADANIPOWER-ATGL,-11.1657,0.0,-13.2841,0.0,-1.1435,0.697435
INDHOTEL-IREDA,-9.4426,0.0,-10.2281,0.0,-0.9319,0.777278
CANBK-FEDERALBNK,-11.6241,0.0,-12.0058,0.0,-1.3049,0.626919
BIOCON-LAURUSLABS,-10.4581,0.0,-11.3499,0.0,-0.455,0.900504
EXIDEIND-NBCC,-8.2837,0.0,-10.5985,0.0,-2.1408,0.228441
GRSE-IRFC,-10.7724,0.0,-12.0979,0.0,-1.2059,0.671054
HINDZINC-JINDALSTEL,-7.6167,0.0,-9.4396,0.0,-2.5091,0.113271
AMBUJACEM-ULTRACEMCO,-15.7369,0.0,-16.9551,0.0,-1.0561,0.732266
BANKBARODA-IREDA,-7.796,0.0,-7.9789,0.0,-1.4384,0.563735
ADANIPORTS-GMRAIRPORT,-10.5639,0.0,-10.6042,0.0,-1.0573,0.731807
LODHA-NBCC,-9.3779,0.0,-10.3524,0.0,-1.7817,0.389606
ABCAPITAL-IRFC,-12.9877,0.0,-13.009,0.0,-1.4744,0.546141
ABCAPITAL-PNB,-10.5424,0.0,-11.2939,0.0,-1.8587,0.351718
