pair,ols_net_pnl,ols_trades,ols_win_rate,eod_exits,mean_exits
PFC-RECLTD,-1023.9041499999821,22,0.5,22,0
BDL-MAZDOCK,-7770.641700000004,17,0.3529,17,0
GRSE-MAZDOCK,-15254.789950000019,28,0.3929,27,1
BANKBARODA-CANBK,2714.7727200000045,16,0.5,16,0
BPCL-HINDPETRO,-2679.3797999999933,16,0.3125,16,0
CANBK-PNB,-5118.119389999972,18,0.2778,18,0
IRFC-RVNL,-4880.063344999993,12,0.25,11,1
BPCL-IOC,8213.15645000002,18,0.6667,18,0
INFY-TCS,-1602.6489500000025,17,0.4706,17,0
BANKINDIA-CANBK,2492.6051450000214,12,0.75,12,0
BEL-HAL,-1286.755649999981,22,0.5455,22,0
COCHINSHIP-GRSE,-3933.3243999999922,15,0.4667,15,0
BDL-HAL,-2537.7182500000126,16,0.4375,16,0
BANKINDIA-UNIONBANK,-4302.411510000011,16,0.4375,16,0
HAL-MAZDOCK,-5638.807799999984,15,0.3333,15,0
ADANIENT-ADANIGREEN,-4997.370449999991,19,0.5789,19,0
IREDA-IRFC,-1562.4782599999926,18,0.5556,18,0
HINDPETRO-IOC,-1356.86444999999,16,0.5625,16,0
BANKINDIA-PNB,-1538.4585649999844,12,0.6667,12,0
BANKBARODA-PNB,-5762.943464999995,20,0.4,20,0
CANBK-UNIONBANK,1768.4857400000037,27,0.5556,27,0
BEL-MAZDOCK,-3552.859300000002,18,0.3889,18,0
ADANIENSOL-ADANIGREEN,1828.6142499999842,24,0.5417,24,0
BANKBARODA-BANKINDIA,-5354.682919999985,19,0.3158,19,0
BDL-BEL,-691.0119500000019,16,0.5,16,0
COCHINSHIP-MAZDOCK,-9870.6962,24,0.4583,24,0
DLF-GODREJPROP,-2402.7446749999826,22,0.5,22,0
BDL-GRSE,-5334.886750000005,15,0.3333,15,0
PNB-UNIONBANK,3566.6730849999876,22,0.5909,22,0
HINDZINC-VEDL,588.2491000000173,19,0.4211,19,0
NATIONALUM-VEDL,634.3330750000168,16,0.5,16,0
BANKBARODA-UNIONBANK,-3080.3893700000026,12,0.6667,12,0
IRCON-RVNL,-5489.623294999998,20,0.5,20,0
BANKINDIA-INDIANB,-3380.754339999993,19,0.5789,19,0
ADANIENT-ADANIPORTS,-4811.737749999999,17,0.2941,17,0
DATAPATTNS-GRSE,5646.591949999996,20,0.6,20,0
HCLTECH-TCS,-410.11805000000277,17,0.4706,17,0
BSE-CDSL,4063.445850000022,26,0.5769,26,0
IREDA-RVNL,-495.97784499999943,17,0.5882,17,0
HINDZINC-NATIONALUM,-5940.97884999999,18,0.3333,18,0
GRAPHITE-HEG,-4345.093499999996,20,0.45,20,0
INDIANB-UNIONBANK,-3062.5137750000204,17,0.4706,16,1
HINDALCO-NATIONALUM,-5370.393175000017,28,0.4643,28,0
IRCON-RAILTEL,-11194.830209999991,23,0.3043,23,0
COFORGE-PERSISTENT,826.7997499999929,10,0.4,10,0
HCLTECH-INFY,-2366.235299999975,14,0.3571,14,0
IRCON-IRFC,-726.395855000017,16,0.5,16,0
CHENNPETRO-MRPL,-12226.84555000002,22,0.4545,22,0
NBCC-RVNL,-6210.041220000008,15,0.3333,15,0
JSWSTEEL-TATASTEEL,876.2656000000243,17,0.5294,17,0
TCS-WIPRO,-163.0077500000025,16,0.5,16,0
CANBK-INDIANB,-6133.928200000009,25,0.32,25,0
NMDC-TATASTEEL,-5028.064129999974,15,0.3333,15,0
DLF-PRESTIGE,-3890.705474999999,13,0.3846,13,0
INFY-WIPRO,-2849.671099999997,15,0.6,15,0
IREDA-NBCC,4553.836404999976,21,0.6667,21,0
ADANIENSOL-ADANIENT,-7699.138124999998,25,0.4,25,0
IREDA-RECLTD,-2308.3540350000158,15,0.4,15,0
JINDALSTEL-TATASTEEL,-6266.605799999992,24,0.2917,24,0
CANBK-SBIN,-7639.529825000025,18,0.2222,18,0
IRFC-NBCC,-3431.6833450000104,17,0.3529,17,0
BANKBARODA-INDIANB,-1894.7895799999842,20,0.45,20,0
HCLTECH-TECHM,1887.8624999999993,20,0.5,20,0
DLF-LODHA,1347.245924999983,16,0.5,16,0
INDIANB-PNB,-3354.9600999999902,13,0.5385,13,0
GODREJPROP-PRESTIGE,-3999.5806000000066,9,0.4444,9,0
BDL-COCHINSHIP,3959.844399999987,16,0.625,16,0
BEL-GRSE,-578.1524750000008,19,0.5789,19,0
DATAPATTNS-MAZDOCK,5248.17754999998,24,0.5833,24,0
TCS-TECHM,-1292.3240999999907,10,0.4,10,0
HINDALCO-VEDL,-943.9930250000089,18,0.3889,18,0
IRCON-JWL,-13521.696804999989,25,0.36,25,0
GODREJPROP-LODHA,1421.6437999999798,16,0.625,16,0
BANKBARODA-SBIN,-4749.870714999994,22,0.4091,22,0
HINDALCO-TATASTEEL,716.7504249999838,35,0.5429,35,0
INFY-TECHM,-587.1825499999977,14,0.5,14,0
COFORGE-MPHASIS,10057.067600000013,21,0.619,21,0
ABCAPITAL-LTF,1463.2573749999483,19,0.5263,19,0
GRSE-HAL,210.26394999998956,19,0.4737,19,0
NATIONALUM-NMDC,-2781.6773249999933,17,0.3529,17,0
DLF-OBEROIRLTY,6552.688899999997,14,0.6429,14,0
JBCHEPHARM-TORNTPHARM,-4215.379200000021,22,0.4091,22,0
GODREJPROP-OBEROIRLTY,-1409.0849999999991,13,0.4615,13,0
IRFC-RECLTD,-5043.812735000003,13,0.2308,13,0
RAILTEL-RVNL,-11014.151385,25,0.36,25,0
BSE-MCX,11714.531649999997,19,0.7368,19,0
HCLTECH-WIPRO,6681.4576999999845,19,0.6842,19,0
MAZDOCK-RVNL,-10391.878300000033,29,0.2759,29,0
INOXWIND-SUZLON,-1495.2360050000007,18,0.5,18,0
INOXWIND-IREDA,6383.803980000004,16,0.6875,16,0
HUDCO-IREDA,-5875.007909999991,23,0.4348,23,0
PNB-SBIN,-4800.040225000002,14,0.2857,14,0
COFORGE-INFY,920.7482499999733,13,0.5385,13,0
TECHM-WIPRO,-1182.923049999983,20,0.4,20,0
MPHASIS-PERSISTENT,4171.350200000021,12,0.5833,12,0
IRFC-RAILTEL,-50.739070000008724,11,0.4545,11,0
SAIL-TATASTEEL,-2891.4784000000127,25,0.52,25,0
COFORGE-TECHM,3003.0069500000354,19,0.5789,19,0
BAJAJFINSV-BAJFINANCE,785.5494499999986,16,0.375,16,0
CDSL-IREDA,-17718.393149999985,25,0.16,25,0
ANGELONE-BSE,5438.504175000015,24,0.5417,24,0
COFORGE-TCS,172.08169999999518,21,0.4762,21,0
BDL-DATAPATTNS,-256.0450999999812,17,0.5882,17,0
COCHINSHIP-DATAPATTNS,-3875.887150000005,17,0.4118,17,0
BANKINDIA-SBIN,-2156.012719999988,21,0.3333,21,0
ADANIGREEN-ADANIPORTS,-5250.1322249999985,11,0.2727,11,0
INOXWIND-NBCC,7522.8594600000215,25,0.64,25,0
HEROMOTOCO-TVSMOTOR,607.8587499999994,10,0.7,10,0
IREDA-PFC,-4431.104385000003,14,0.3571,14,0
JINDALSTEL-JSWSTEEL,-12535.935700000044,35,0.2857,35,0
LODHA-PRESTIGE,-6833.744875000006,11,0.0909,11,0
JINDALSTEL-NMDC,-277.5051500000027,17,0.4118,17,0
IREDA-JIOFIN,-4094.254664999985,22,0.5,22,0
HINDCOPPER-HINDZINC,-635.53639999999,11,0.4545,11,0
IRCON-RITES,1424.0501799999947,14,0.5,14,0
IRFC-MAZDOCK,-3241.5505799999873,16,0.375,16,0
IRCON-TITAGARH,-2435.7249449999936,18,0.6111,18,0
HINDALCO-HINDZINC,-1143.0781500000066,15,0.4667,15,0
COFORGE-WIPRO,1889.080800000018,24,0.625,24,0
IRCON-IREDA,-9873.858649999995,16,0.4375,16,0
IREDA-SUZLON,2458.928705000004,14,0.5714,14,0
ANGELONE-CDSL,-1746.6497500000005,17,0.4118,17,0
NATIONALUM-TATASTEEL,-1297.9058999999888,26,0.4615,26,0
CDSL-IRFC,-5628.432949999985,18,0.3333,18,0
EICHERMOT-HEROMOTOCO,-2195.778000000001,20,0.45,20,0
HUDCO-NBCC,-5990.607504999996,23,0.3913,23,0
OBEROIRLTY-PRESTIGE,-47.642699999993056,16,0.5,16,0
NTPC-POWERGRID,-2558.6875000000055,19,0.3684,19,0
COFORGE-HCLTECH,1405.7559000000037,15,0.4667,15,0
HUDCO-IRFC,-6563.3294100000185,28,0.3571,28,0
ADANIGREEN-ADANIPOWER,-2824.1840749999983,14,0.4286,14,0
BAJAJ-AUTO-HEROMOTOCO,4631.479750000002,18,0.6111,18,0
TATASTEEL-VEDL,2626.120234999995,14,0.5714,14,0
COFORGE-OFSS,-2504.9562000000005,11,0.3636,11,0
SBIN-UNIONBANK,-8619.216600000003,18,0.2778,18,0
MAZDOCK-NBCC,-9783.0439,30,0.4,30,0
COFORGE-LTM,8771.009350000026,22,0.6364,22,0
IREDA-MAZDOCK,-4210.021675000005,12,0.3333,12,0
INOXWIND-IRFC,10037.825935000012,10,0.8,10,0
JWL-TITAGARH,-11877.825675,11,0.1818,11,0
BEML-COCHINSHIP,6056.135850000002,12,0.6667,12,0
PERSISTENT-TECHM,-1385.7866500000055,18,0.3889,18,0
BEL-COCHINSHIP,-432.9681999999975,22,0.6364,22,0
RVNL-TITAGARH,-9957.847449999996,14,0.3571,14,0
IRFC-PFC,-4809.475884999998,12,0.3333,12,0
JWL-RVNL,-10928.43716999999,13,0.5385,13,0
BEML-MAZDOCK,-13898.279650000004,20,0.25,20,0
BDL-RVNL,-3114.7774000000027,18,0.5,18,0
NMDC-VEDL,-1642.3492549999864,14,0.3571,14,0
COCHINSHIP-HAL,-6069.667100000004,13,0.3077,13,0
BEML-GRSE,-2573.265899999993,21,0.5238,21,0
IRFC-SUZLON,-161.88291500000378,11,0.4545,11,0
NBCC-RECLTD,-3622.1451050000132,20,0.5,20,0
CDSL-NBCC,-7793.005650000013,22,0.4545,22,0
BAJAJ-AUTO-EICHERMOT,3642.443250000004,25,0.52,24,1
EICHERMOT-TVSMOTOR,-8339.702000000001,26,0.3846,26,0
MAZDOCK-SUZLON,-6214.236699999999,22,0.4091,22,0
LODHA-OBEROIRLTY,6619.213300000007,18,0.5556,18,0
JIOFIN-NBCC,-3644.2203599999857,20,0.35,20,0
M&M-MARUTI,529.3268499999831,19,0.5263,19,0
JBMA-OLECTRA,-1888.376325000003,17,0.3529,17,0
ADANIENT-AMBUJACEM,-8573.959450000013,25,0.2,25,0
OFSS-PERSISTENT,1687.5919999999933,18,0.5,18,0
PREMIERENE-WAAREEENER,467.2944249999746,26,0.5385,26,0
NBCC-SUZLON,-317.37791499998457,14,0.3571,14,0
MPHASIS-TECHM,2359.090199999995,10,0.5,10,0
MAZDOCK-SOLARINDS,-1596.1303000000098,20,0.2,20,0
IRFC-JIOFIN,-2157.898870000012,21,0.4286,21,0
HINDCOPPER-NATIONALUM,-7249.525349999993,19,0.4211,19,0
CDSL-JIOFIN,-6108.521449999994,23,0.4348,23,0
IDEA-INDUSTOWER,-4017.044225000038,25,0.56,25,0
CANBK-RECLTD,-8087.719749999998,21,0.381,21,0
BDL-NBCC,-12465.020050000021,17,0.3529,17,0
BEL-DATAPATTNS,-2275.402849999985,20,0.45,20,0
HINDZINC-NMDC,-4541.5959250000005,22,0.4545,22,0
MPHASIS-OFSS,-3534.0048500000194,14,0.3571,14,0
INFY-PERSISTENT,3609.560699999989,18,0.4444,18,0
INOXWIND-RVNL,-5717.771440000001,16,0.25,16,0
JIOFIN-RECLTD,-6047.369855000005,18,0.3333,18,0
KPITTECH-TATAELXSI,9854.780649999997,21,0.6667,21,0
JWL-RAILTEL,-2685.4042950000166,18,0.4444,18,0
PERSISTENT-TCS,3010.1760999999915,20,0.55,20,0
RECLTD-RVNL,-10217.421474999983,15,0.3333,15,0
NMDC-SAIL,311.6956300000129,14,0.5,14,0
HINDALCO-NMDC,-9497.385224999995,19,0.3158,19,0
KEI-POLYCAB,-8658.317099999964,19,0.2632,18,1
ADANIGREEN-TATAPOWER,-6123.729224999985,24,0.375,24,0
HCLTECH-PERSISTENT,-382.8746499999943,19,0.3684,19,0
BAJAJ-AUTO-TVSMOTOR,4412.796250000007,20,0.65,20,0
COFORGE-TATAELXSI,12724.101050000005,24,0.625,24,0
BDL-BEML,-5152.602550000009,13,0.3846,13,0
IRFC-TITAGARH,-1974.804969999981,19,0.4211,19,0
INOXWIND-MAZDOCK,784.765220000003,11,0.5455,11,0
OIL-ONGC,4386.5087500000045,18,0.5556,18,0
HUDCO-RECLTD,-7841.458615000018,21,0.4762,21,0
IRCON-NBCC,-7686.586715000003,28,0.3929,27,1
DLF-NBCC,-4436.320650000008,17,0.4118,17,0
IRFC-JWL,-8798.688964999998,22,0.3636,22,0
CDSL-MCX,-5345.764750000006,28,0.4286,28,0
M&M-TVSMOTOR,-1389.8088500000104,24,0.5,24,0
BDL-IREDA,-11282.664500000017,14,0.3571,14,0
PERSISTENT-WIPRO,457.44835000000603,17,0.5882,17,0
EICHERMOT-MARUTI,-1173.6607500000027,17,0.4706,16,1
MPHASIS-TCS,-1140.4876000000022,19,0.5263,19,0
ACC-AMBUJACEM,-1839.4569999999994,19,0.5789,19,0
DATAPATTNS-HAL,-727.4192000000185,17,0.5294,17,0
COFORGE-KPITTECH,11399.9133,18,0.6111,18,0
LTM-PERSISTENT,1365.472199999991,16,0.5625,16,0
IRCTC-IRFC,-717.2774000000027,5,0.6,5,0
RECLTD-TATAPOWER,-8004.125300000004,21,0.4286,21,0
DLF-PHOENIXLTD,3776.6500500000147,13,0.6154,13,0
RVNL-SUZLON,2488.1236749999807,24,0.4583,24,0
EICHERMOT-M&M,-4213.641750000001,18,0.3889,18,0
DLF-IREDA,-2602.166299999997,13,0.4615,13,0
ADANIENSOL-ADANIPOWER,-5319.954074999994,15,0.4,15,0
COCHINSHIP-RVNL,-13121.279600000003,18,0.3333,18,0
GODREJPROP-PHOENIXLTD,2428.9224500000073,12,0.5,12,0
MOTHERSON-TMPV,-3829.918280000011,21,0.4286,20,1
ADANIENSOL-ADANIPORTS,-8073.989499999989,25,0.44,25,0
BDL-SOLARINDS,-5894.290150000008,25,0.32,25,0
IREDA-RAILTEL,-1689.680005000011,16,0.4375,16,0
OFSS-TATAELXSI,-6657.748999999998,26,0.3077,25,1
BEL-RVNL,-4791.019324999995,20,0.45,20,0
JIOFIN-RVNL,2050.3983399999943,14,0.5,14,0
JSWSTEEL-NMDC,-888.8571499999834,13,0.3077,13,0
NHPC-TATAPOWER,-1171.775444999983,8,0.5,8,0
HAL-RVNL,-10046.505349999994,28,0.3571,28,0
LTM-MPHASIS,4739.997399999989,24,0.625,24,0
HINDALCO-JSWSTEEL,-489.37522500000523,23,0.5217,23,0
LTM-TECHM,2214.978850000005,16,0.5625,16,0
GRSE-ZENTEC,-14715.893900000021,21,0.4286,21,0
IREDA-TATAPOWER,-3210.9915300000066,15,0.2667,15,0
INFY-MPHASIS,-2946.744349999997,22,0.5,22,0
MPHASIS-WIPRO,5058.09364999999,18,0.6111,18,0
HDFCLIFE-SBILIFE,1118.5924250000098,17,0.5294,17,0
CANBK-PFC,2855.0921299999954,20,0.45,20,0
HEROMOTOCO-M&M,-3195.245749999998,6,0.3333,6,0
CAMS-CDSL,273.11492499999076,17,0.5882,17,0
RITES-RVNL,-12387.488325000004,20,0.15,20,0
KAYNES-PGEL,-8798.399349999996,22,0.5,22,0
CDSL-RECLTD,-4508.935399999997,11,0.3636,11,0
BANKINDIA-CENTRALBK,-5997.639520000006,9,0.4444,9,0
BAJAJ-AUTO-M&M,1393.1585000000068,19,0.5263,19,0
PERSISTENT-TATAELXSI,6485.439750000005,21,0.619,21,0
JSWENERGY-TATAPOWER,7946.88522499998,11,0.7273,11,0
INDIANB-SBIN,-1120.5378500000024,19,0.5263,19,0
CDSL-MAZDOCK,-3746.898549999979,10,0.5,10,0
GAIL-IOC,-1658.7778599999856,20,0.45,20,0
BDL-IRFC,-795.62255,23,0.6087,23,0
BANKINDIA-RECLTD,3050.4396450000004,18,0.6667,18,0
BHEL-MAZDOCK,-9293.049620000007,20,0.35,20,0
HINDZINC-TATASTEEL,-796.9241750000147,13,0.4615,13,0
CENTRALBK-MAHABANK,-363.7254200000061,20,0.4,20,0
GODREJPROP-NBCC,-9670.459600000007,21,0.381,21,0
PFC-TATAPOWER,-3059.10202499999,14,0.5,14,0
M&M-TMPV,-858.5678500000049,24,0.4583,24,0
HUDCO-RVNL,-6456.094570000016,21,0.3333,21,0
CENTRALBK-IOB,7517.356185000026,12,0.5833,12,0
PNB-RECLTD,-2652.9021000000203,25,0.44,25,0
BANKINDIA-MAHABANK,-3116.612005000019,21,0.5238,21,0
ABB-SIEMENS,-2867.79975,17,0.4706,17,0
IRCON-MAZDOCK,-7482.881484999998,15,0.4667,15,0
ABCAPITAL-IREDA,-5176.912525000004,14,0.4286,14,0
CDSL-RVNL,-5201.833499999987,17,0.3529,17,0
CANBK-IREDA,-7691.960849999996,14,0.3571,14,0
HEROMOTOCO-MARUTI,-484.6754999999994,13,0.2308,13,0
NBCC-PFC,-3565.5214750000305,19,0.5263,19,0
CANBK-CENTRALBK,-1201.2736100000184,10,0.4,10,0
HCLTECH-MPHASIS,-1130.7354500000092,23,0.4783,23,0
CENTRALBK-PNB,1372.9046600000183,18,0.5556,18,0
BDL-SUZLON,-10227.471900000019,11,0.1818,11,0
JIOFIN-MAZDOCK,-809.0720500000043,5,0.4,5,0
LTM-TCS,1971.8269999999939,22,0.5455,22,0
JINDALSTEL-NATIONALUM,-5097.562749999996,26,0.3846,26,0
LTM-WIPRO,3592.7905500000033,20,0.6,20,0
BANKINDIA-IREDA,-2583.646559999999,12,0.5,12,0
HDFCBANK-ICICIBANK,-3200.7847000000056,14,0.5,14,0
IRFC-RITES,-1482.936829999995,10,0.5,10,0
INFY-LTM,-3440.608800000008,14,0.5714,14,0
BANKBARODA-RECLTD,-6007.668545000002,20,0.45,19,1
BEL-BHEL,-1777.4908999999898,13,0.4615,13,0
TATAELXSI-TATATECH,-4070.762450000011,16,0.4375,16,0
NTPC-TATAPOWER,-2116.4583000000057,19,0.4737,19,0
BANKINDIA-RBLBANK,-1561.7683899999938,18,0.3889,18,0
HCLTECH-LTM,-1931.0859500000042,18,0.4444,18,0
OFSS-TECHM,-8839.707750000003,24,0.2917,24,0
RAILTEL-RITES,1189.2442249999804,18,0.4444,18,0
JINDALSTEL-SAIL,-720.0572499999853,22,0.4091,22,0
BEML-DATAPATTNS,-3892.7302499999987,12,0.3333,12,0
DLF-IRFC,2557.1544749999757,16,0.625,16,0
OFSS-WIPRO,-11150.308250000004,19,0.1579,19,0
ADANIGREEN-IREDA,-6800.613549999969,21,0.2857,21,0
IREDA-SJVN,-80.17412999998669,13,0.5385,13,0
ETERNAL-SWIGGY,-1556.5183449999968,21,0.4762,21,0
DLF-RECLTD,-3850.201524999996,17,0.4706,17,0
DLF-JIOFIN,83.07187499998327,22,0.5455,22,0
INOXWIND-JIOFIN,7071.354305000019,16,0.625,16,0
ADANIENSOL-TATAPOWER,-7247.3685250000035,22,0.3636,22,0
INOXWIND-RECLTD,532.9896600000175,18,0.5556,18,0
CENTRALBK-UCOBANK,7194.1005150000165,18,0.6667,18,0
GAIL-TATAPOWER,-728.7166849999994,26,0.4615,26,0
MPHASIS-TATAELXSI,-2150.092550000002,20,0.5,20,0
MAZDOCK-ZENTEC,4290.652100000003,14,0.4286,14,0
IRCTC-IREDA,-788.7157249999927,13,0.5385,13,0
JIOFIN-SUZLON,-8154.986264999986,17,0.3529,17,0
BAJFINANCE-CHOLAFIN,-4591.433175000001,12,0.3333,12,0
TATAELXSI-WIPRO,-1972.3665499999915,18,0.5,18,0
BDL-INOXWIND,-10810.122500000012,11,0.3636,11,0
GODREJPROP-IREDA,5617.454549999984,20,0.75,20,0
AMBER-DIXON,-21457.941999999995,27,0.2593,27,0
GRSE-RVNL,-13389.442399999982,26,0.4231,25,1
TATAELXSI-TCS,4209.427149999998,15,0.6667,15,0
ADANIENT-ADANIPOWER,-2237.919399999995,21,0.4762,21,0
COCHINSHIP-NBCC,-4171.468199999992,28,0.4643,28,0
IREDA-NHPC,-2743.6061150000087,11,0.2727,11,0
HAL-NBCC,-8943.277450000001,19,0.3684,19,0
OFSS-TCS,-10324.033,21,0.2381,21,0
ADANIENT-JIOFIN,1569.6200999999783,23,0.4348,23,0
JIOFIN-PFC,-2146.8172549999963,18,0.3333,18,0
IREDA-TITAGARH,3415.142645,21,0.5238,21,0
KPITTECH-MPHASIS,2305.211624999991,17,0.7059,17,0
ABCAPITAL-JIOFIN,-6035.773999999974,24,0.3333,23,1
CANBK-JIOFIN,-4618.026550000016,18,0.3333,18,0
KPITTECH-OFSS,-4503.377874999984,12,0.3333,12,0
BANKINDIA-PFC,7388.260970000003,14,0.7143,14,0
HINDALCO-JINDALSTEL,-2098.953775000021,35,0.4857,35,0
BAJFINANCE-SHRIRAMFIN,-1528.6536750000068,23,0.4783,23,0
KPITTECH-PERSISTENT,2050.8979999999992,17,0.5882,17,0
BHEL-INOXWIND,-18427.27456499999,25,0.28,25,0
POWERGRID-TATAPOWER,-4524.595499999999,17,0.4118,17,0
MAHABANK-PNB,-5639.034115000025,22,0.5,22,0
ADANIPORTS-AMBUJACEM,-5306.594399999992,17,0.4118,17,0
TATAELXSI-TECHM,153.50579999998263,19,0.5263,19,0
PFC-PNB,-5484.320174999995,17,0.2353,17,0
ADANIGREEN-NHPC,-2140.042275000017,18,0.5,18,0
NBCC-TATAPOWER,-5054.39551999999,15,0.3333,15,0
CDSL-DLF,352.9124500000107,14,0.5,14,0
IREDA-LICHSGFIN,-2083.4713450000063,13,0.3846,13,0
BANKBARODA-CENTRALBK,-4301.199725000004,13,0.3846,13,0
BHEL-IREDA,-12645.638489999992,21,0.3333,21,0
PNB-YESBANK,-9049.234300000018,25,0.32,25,0
INFY-OFSS,-5594.988249999998,24,0.5,24,0
MAZDOCK-TITAGARH,-5894.899650000012,26,0.3846,26,0
PFC-RVNL,-9876.638175,20,0.3,20,0
HUDCO-PFC,-8604.639590000012,19,0.4211,19,0
IREDA-PNB,-11256.099824999998,15,0.2667,15,0
ADANIGREEN-JSWENERGY,-5407.8956500000095,23,0.4348,23,0
DIXON-KAYNES,-11534.429499999998,14,0.2143,14,0
CANBK-MAHABANK,-2861.2901000000256,22,0.5,22,0
ADANIENT-TATAPOWER,-4566.37900000001,29,0.3103,29,0
GMRAIRPORT-IREDA,1606.2571649999973,10,0.7,10,0
ADANIENT-IREDA,2721.8805500000017,14,0.4286,14,0
BEL-NBCC,-4759.885799999996,20,0.3,20,0
IRFC-TATAPOWER,-4305.921270000003,14,0.2857,14,0
CDSL-INOXWIND,-15007.776850000013,25,0.44,25,0
BHEL-SUZLON,-2269.785625000016,30,0.5333,30,0
RECLTD-SUZLON,-2992.3677999999954,12,0.3333,12,0
RAILTEL-TITAGARH,5045.255974999989,18,0.5,18,0
IREDA-LTF,1476.2788649999966,13,0.5385,13,0
MARUTI-TVSMOTOR,553.8255000000081,23,0.4783,23,0
HAL-SOLARINDS,5109.644200000017,21,0.7619,20,1
BANKINDIA-YESBANK,-8234.164135000015,17,0.4706,17,0
BHEL-NBCC,-23251.918419999995,29,0.2069,29,0
CDSL-KFINTECH,2019.3066499999968,13,0.5385,13,0
CANBK-YESBANK,-7871.148030000005,23,0.4783,23,0
CENTRALBK-UNIONBANK,3170.4783899999657,24,0.5833,24,0
BAJAJ-AUTO-MARUTI,-1404.735249999996,18,0.5,18,0
MAHABANK-UNIONBANK,-1721.2784000000047,21,0.5714,21,0
IOC-PETRONET,-6684.329259999984,14,0.1429,14,0
COCHINSHIP-IREDA,-6576.899499999994,16,0.375,16,0
CANBK-RBLBANK,-516.1880850000016,17,0.4118,17,0
BDL-CDSL,-4960.665950000006,16,0.5,16,0
NBCC-RAILTEL,593.5001299999894,9,0.4444,8,1
LAURUSLABS-ZYDUSLIFE,4854.083175000009,14,0.5714,14,0
JIOFIN-TATAPOWER,-1079.716690000012,13,0.3846,13,0
ABCAPITAL-BANKINDIA,-8879.456574999991,24,0.3333,24,0
DLF-RVNL,-10582.143100000007,18,0.3333,18,0
RECLTD-UNIONBANK,-6582.516575000005,19,0.4211,19,0
CGPOWER-NBCC,-5384.280100000014,22,0.3636,22,0
LTM-OFSS,-2644.0450999999957,13,0.4615,13,0
LUPIN-ZYDUSLIFE,4928.481600000001,15,0.6,14,1
IREDA-JWL,-12777.02124999998,21,0.4286,21,0
ADANIGREEN-ATGL,-10463.945400000015,23,0.3478,23,0
HCLTECH-OFSS,-4273.668100000015,14,0.5,14,0
BDL-BHEL,-8376.302150000001,12,0.25,12,0
ABCAPITAL-CANBK,-9863.922274999979,19,0.2632,19,0
IRFC-NHPC,-3238.750269999997,11,0.3636,11,0
BSE-IREDA,-8732.198550000006,20,0.35,20,0
ABCAPITAL-RECLTD,-5692.0133249999835,21,0.381,21,0
JINDALSTEL-VEDL,-1552.2725499999779,12,0.4167,12,0
PHOENIXLTD-PRESTIGE,-951.6770999999935,12,0.4167,12,0
COCHINSHIP-IRCON,-7168.103899999999,18,0.5,18,0
CANBK-NBCC,-5867.905800000023,22,0.4545,22,0
BANKINDIA-NBCC,-1448.9679900000046,12,0.5833,12,0
CDSL-PFC,-4146.002499999995,13,0.3077,13,0
IRFC-SJVN,-1408.0887700000148,11,0.4545,11,0
LICHSGFIN-RECLTD,-3943.752275000008,23,0.3913,23,0
BANKINDIA-IRFC,-3894.6210750000064,8,0.375,8,0
CDSL-HUDCO,-408.9829999999729,24,0.5417,24,0
BEL-IRFC,-4531.964249999996,20,0.45,20,0
INOXWIND-IRCON,5594.953114999997,7,0.8571,7,0
MANAPPURAM-MUTHOOTFIN,-3041.3357249999717,11,0.4545,11,0
ADANIGREEN-AMBUJACEM,-8863.976074999993,17,0.3529,17,0
BANDHANBNK-BANKINDIA,-17288.883815000023,25,0.2,25,0
BAJFINANCE-JIOFIN,-3957.6744499999895,14,0.3571,14,0
MARUTI-TMPV,-1511.0144999999993,17,0.4706,17,0
COFORGE-TATATECH,19565.401599999997,18,0.7778,18,0
BANKINDIA-JIOFIN,-2298.5576800000035,14,0.5,14,0
JIOFIN-PNB,-10341.583390000013,8,0.125,8,0
CGPOWER-HAL,2655.5891749999773,20,0.65,20,0
ADANIPORTS-JIOFIN,149.24235000000226,20,0.5,20,0
LTF-SHRIRAMFIN,-2045.7507700000142,13,0.4615,13,0
ANGELONE-IREDA,7082.446419999997,22,0.6364,22,0
CONCOR-IREDA,2744.008149999996,31,0.6452,31,0
PNB-RBLBANK,3538.4172899999903,13,0.5385,13,0
MAZDOCK-RECLTD,-12641.600300000013,20,0.35,20,0
CGPOWER-RVNL,-3495.669125000006,23,0.3913,23,0
LTM-TATAELXSI,4809.726149999991,21,0.6667,21,0
COCHINSHIP-ZENTEC,-17454.007400000002,25,0.36,25,0
BHARATFORG-MOTHERSON,-10554.66915,23,0.3913,23,0
GLENMARK-LAURUSLABS,-5335.755949999984,30,0.4,30,0
NBCC-TITAGARH,2925.0418449999943,19,0.5263,19,0
HEROMOTOCO-MOTHERSON,-2235.424500000002,5,0.4,5,0
JIOFIN-LTF,-3933.822095000005,18,0.1111,18,0
INFY-TATAELXSI,4056.6855499999892,17,0.5882,17,0
AUROPHARMA-LUPIN,638.5065499999873,20,0.55,20,0
BEL-SOLARINDS,-4436.711799999999,31,0.4839,31,0
LODHA-PHOENIXLTD,8524.417875000014,14,0.6429,14,0
HINDCOPPER-VEDL,-5670.606024999981,13,0.3846,13,0
CGPOWER-MAZDOCK,289.2626249999812,18,0.5,18,0
JIOFIN-RELIANCE,-4660.4705549999835,17,0.3529,17,0
HAL-IREDA,-8419.157249999997,19,0.2105,19,0
CDSL-TATAPOWER,-3877.8298500000037,20,0.45,20,0
IRCTC-RVNL,-735.3232249999655,17,0.4118,17,0
HEROMOTOCO-TMPV,-2832.0887499999953,15,0.4667,15,0
UNIONBANK-YESBANK,-5699.280734999996,21,0.4286,21,0
CDSL-LTF,-7985.270250000007,15,0.2667,15,0
CHOLAFIN-SHRIRAMFIN,-451.75650000000496,16,0.5625,16,0
COCHINSHIP-IRFC,-1689.8233499999915,23,0.6087,23,0
BSE-JIOFIN,7429.280899999998,31,0.5484,31,0
CDSL-SUZLON,-2900.897299999998,11,0.2727,11,0
BANKBARODA-MAHABANK,-2494.7416650000405,29,0.5172,28,1
DLF-PFC,-6038.501674999977,17,0.4118,17,0
CAMS-IREDA,1843.2088499999827,20,0.5,20,0
GLENMARK-ZYDUSLIFE,3344.893499999993,17,0.5294,17,0
BDL-ZENTEC,-10112.80399999999,17,0.3529,17,0
ABCAPITAL-CDSL,-2862.871675000006,21,0.381,21,0
CDSL-HDFCAMC,-5127.012199999976,19,0.4211,19,0
JIOFIN-TMPV,-4904.125980000013,8,0.375,7,1
BHEL-RVNL,-10938.263454999993,17,0.2941,17,0
BDL-IRCON,-2027.730650000004,18,0.6111,18,0
DIXON-KALYANKJIL,-5570.269499999997,12,0.5,12,0
ADANIENT-NBCC,959.6200499999886,29,0.5172,29,0
BANKINDIA-IDBI,-4166.497845000021,7,0.5714,7,0
LTF-RECLTD,-1423.763375000006,19,0.5263,19,0
HUDCO-INOXWIND,-8867.86921,16,0.375,16,0
BEML-IRCON,-8228.066299999988,18,0.3333,18,0
BANKINDIA-LTF,-689.1307450000259,17,0.5294,17,0
CANBK-IRFC,-5586.760970000015,22,0.5,22,0
IOB-MAHABANK,-5083.495204999992,24,0.3333,24,0
IDFCFIRSTB-PNB,-5189.2513199999685,21,0.4762,21,0
BDL-JIOFIN,-9435.916950000012,19,0.4737,19,0
CANBK-LTF,-520.947530000014,12,0.5833,12,0
HAL-IRFC,-3614.487000000011,24,0.4167,24,0
HCLTECH-TATAELXSI,612.4043999999903,18,0.5,18,0
JSWENERGY-NHPC,308.70210000002953,21,0.3333,21,0
INDHOTEL-JIOFIN,-3195.1331749999736,23,0.5217,23,0
BEL-JIOFIN,-2509.223049999984,23,0.5652,23,0
CANBK-IDFCFIRSTB,-3384.2333750000107,20,0.4,20,0
ADANIENSOL-JSWENERGY,-4660.1276999999745,17,0.4118,17,0
AUROPHARMA-ZYDUSLIFE,-183.38459999998668,18,0.5,18,0
GRSE-NBCC,-11676.682400000016,23,0.4783,22,1
JWL-MAZDOCK,2747.1295999999857,13,0.5385,13,0
ABCAPITAL-PFC,-2940.9144500000057,22,0.4545,22,0
BANKBARODA-PFC,-3741.9859050000096,18,0.3889,18,0
JWL-RITES,4548.417474999995,9,0.6667,9,0
KPITTECH-TCS,6951.65337499998,13,0.7692,13,0
IREDA-JSWENERGY,-2841.072190000001,19,0.3684,19,0
DIVISLAB-LAURUSLABS,1441.923999999999,17,0.5294,17,0
GMRAIRPORT-NBCC,-2811.175574999981,26,0.6154,26,0
JIOFIN-LT,-2667.72736000001,19,0.3158,19,0
EXIDEIND-IREDA,-32.71080000002621,14,0.5714,14,0
GRSE-IRCON,-8970.479400000018,17,0.4706,17,0
DLF-MAZDOCK,-5364.924300000001,13,0.3846,13,0
BHEL-IRFC,-24448.04726999999,28,0.25,28,0
CGPOWER-IREDA,-854.3785750000097,16,0.375,16,0
GODREJPROP-IRFC,3642.6687500000007,11,0.7273,11,0
ADANIPOWER-ATGL,3272.7476250000364,30,0.4667,29,1
INDHOTEL-IREDA,-6026.190649999991,14,0.3571,14,0
CANBK-FEDERALBNK,-2725.1788449999895,24,0.375,24,0
BIOCON-LAURUSLABS,-5356.078450000005,14,0.4286,14,0
EXIDEIND-NBCC,-6835.718974999997,19,0.4211,19,0
GRSE-IRFC,-8720.042350000003,20,0.45,20,0
HINDZINC-JINDALSTEL,-2666.7210250000135,19,0.4211,19,0
AMBUJACEM-ULTRACEMCO,2297.770974999996,18,0.6111,18,0
BANKBARODA-IREDA,-4322.8044000000045,12,0.4167,12,0
ADANIPORTS-GMRAIRPORT,-2796.743900000006,27,0.4444,27,0
LODHA-NBCC,-7799.47722499999,14,0.2857,14,0
ABCAPITAL-IRFC,-336.51250000001346,22,0.4545,22,0
ABCAPITAL-PNB,-8017.716974999985,17,0.3529,17,0
